order_id,customer_id,order_date,order_status,total_amount,payment_method,expected_delivery_date,actual_delivery_date
1,509,2025-10-14 12:54:00,Delivered,138.89,Credit Card,2025-10-24,2025-10-23
2,913,2026-05-21 18:43:00,Cancelled,85.85,Credit Card,2026-05-31,
3,366,2026-05-18 17:36:00,Delivered,293.09,PayPal,2026-05-25,2026-05-26
4,840,2025-11-23 12:51:00,Delivered,7.1,Credit Card,2025-12-03,2025-12-01
5,1,2025-08-25 11:55:00,Delivered,59.05,PayPal,2025-09-02,2025-08-31
6,161,2024-06-06 09:06:00,Delivered,208.75,Apple Pay,2024-06-16,2024-06-14
7,34,2025-11-04 12:29:00,Delivered,229.08,Gift Card,2025-11-10,2025-11-08
8,307,2024-12-21 16:40:00,Delivered,197.3,Credit Card,2024-12-26,2024-12-26
9,902,2026-01-02 16:23:00,Delivered,190.86,PayPal,2026-01-09,2026-01-09
10,96,2025-09-27 15:40:00,Delivered,95.02,Credit Card,2025-10-06,2025-10-06
11,560,2026-04-17 08:11:00,Delivered,120.58,Credit Card,2026-04-24,2026-04-24
12,414,2026-06-21 19:29:00,Shipped,351.5,Debit Card,2026-06-25,
13,929,2025-08-19 13:35:00,Delivered,89.82,PayPal,2025-08-24,2025-08-23
14,113,2026-05-20 10:55:00,Delivered,173.03,Credit Card,2026-05-30,2026-05-29
15,198,2026-05-06 12:12:00,Delivered,262.56,PayPal,2026-05-13,2026-05-12
16,34,2025-01-04 11:33:00,Delivered,57.48,Credit Card,2025-01-10,2025-01-08
17,402,2026-05-11 08:09:00,Delivered,341.21,Credit Card,2026-05-16,2026-05-14
18,250,2025-02-05 08:38:00,Delivered,297.76,Debit Card,2025-02-12,2025-02-10
19,859,2025-05-31 14:48:00,Delivered,169.35,PayPal,2025-06-04,2025-06-04
20,559,2025-09-05 19:56:00,Delivered,25.24,Credit Card,2025-09-15,2025-09-13
21,569,2026-04-03 12:54:00,Delivered,251.09,Debit Card,2026-04-12,2026-04-13
22,498,2026-05-07 18:57:00,Delivered,85.24,Debit Card,2026-05-11,2026-05-12
23,94,2025-10-26 08:31:00,Returned,318.34,Credit Card,2025-11-05,2025-11-03
24,409,2025-01-04 19:41:00,Delivered,272.79,Credit Card,2025-01-10,2025-01-11
25,999,2026-05-03 15:14:00,Delivered,36.26,PayPal,2026-05-11,2026-05-09
26,833,2026-06-04 12:20:00,Delivered,7.33,Credit Card,2026-06-11,2026-06-10
27,891,2026-04-12 16:21:00,Delivered,130.44,PayPal,2026-04-22,2026-04-22
28,818,2026-06-14 13:25:00,Delivered,41.08,Credit Card,2026-06-18,2026-06-16
29,102,2026-06-19 16:33:00,Delivered,69.39,Debit Card,2026-06-23,2026-06-22
30,211,2026-01-18 11:08:00,Delivered,211.03,Apple Pay,2026-01-27,2026-01-27
31,4,2026-01-12 15:50:00,Delivered,212.06,Credit Card,2026-01-21,2026-01-22
32,280,2026-03-13 14:27:00,Delivered,405.18,Credit Card,2026-03-17,2026-03-15
33,104,2026-01-11 18:55:00,Delayed,17.47,Debit Card,2026-01-18,2026-01-21
34,442,2025-12-13 09:18:00,Delayed,24.88,Debit Card,2025-12-21,2025-12-25
35,647,2025-11-14 16:24:00,Delivered,42.15,PayPal,2025-11-18,2025-11-19
36,866,2025-10-31 09:45:00,Delivered,66.34,Debit Card,2025-11-07,2025-11-08
37,740,2025-02-17 16:27:00,Delayed,74.09,Credit Card,2025-02-24,2025-03-03
38,929,2025-10-01 11:51:00,Delivered,50.74,Credit Card,2025-10-06,2025-10-05
39,52,2026-01-18 20:26:00,Delivered,119.42,Debit Card,2026-01-23,2026-01-23
40,12,2026-06-21 08:05:00,Shipped,27.39,Debit Card,2026-06-24,
41,616,2024-11-15 09:49:00,Delayed,49.97,Credit Card,2024-11-24,2024-12-03
42,262,2023-12-28 11:05:00,Delivered,27.52,Credit Card,2024-01-04,2024-01-04
43,231,2026-01-07 20:17:00,Delivered,603.27,Credit Card,2026-01-15,2026-01-16
44,308,2026-06-11 18:21:00,Delivered,634.91,Credit Card,2026-06-15,2026-06-13
45,246,2025-09-02 17:40:00,Delivered,92.73,PayPal,2025-09-11,2025-09-12
46,483,2026-06-04 09:33:00,Delivered,118.23,Credit Card,2026-06-09,2026-06-08
47,409,2023-11-15 18:02:00,Delivered,60.33,Credit Card,2023-11-24,2023-11-23
48,486,2026-06-23 13:07:00,Out for Delivery,135.66,Debit Card,2026-06-27,
49,635,2026-05-27 10:12:00,Delivered,137.24,Credit Card,2026-06-02,2026-05-31
50,366,2026-02-04 09:02:00,Delayed,246.39,Credit Card,2026-02-14,2026-02-21
51,230,2026-02-27 15:58:00,Delayed,341.78,Credit Card,2026-03-09,2026-03-16
52,160,2026-01-20 09:14:00,Delivered,512.56,Debit Card,2026-01-28,2026-01-27
53,332,2026-06-07 13:19:00,Delivered,252.64,Google Pay,2026-06-17,2026-06-17
54,733,2025-12-17 09:26:00,Delivered,158.23,Credit Card,2025-12-22,2025-12-22
55,752,2023-12-09 12:51:00,Delivered,52.55,PayPal,2023-12-18,2023-12-16
56,625,2025-10-23 20:45:00,Returned,7.64,Apple Pay,2025-11-01,2025-11-02
57,217,2024-07-24 14:54:00,Delivered,118.86,PayPal,2024-07-28,2024-07-28
58,541,2026-03-08 18:49:00,Delivered,138.71,Credit Card,2026-03-11,2026-03-10
59,519,2026-06-26 18:05:00,Shipped,107.98,Credit Card,2026-06-29,
60,454,2026-04-14 16:17:00,Delayed,167.95,Credit Card,2026-04-18,2026-04-26
61,505,2025-03-03 09:04:00,Delivered,239.74,PayPal,2025-03-12,2025-03-13
62,458,2026-06-26 15:04:00,Shipped,88.04,Credit Card,2026-07-01,
63,514,2026-06-07 16:05:00,Delivered,418.6,PayPal,2026-06-14,2026-06-15
64,691,2023-08-15 19:01:00,Delayed,129.43,Credit Card,2023-08-23,2023-08-26
65,105,2026-04-13 16:20:00,Delivered,998.37,Credit Card,2026-04-20,2026-04-21
66,741,2025-03-24 14:32:00,Returned,87.13,Credit Card,2025-04-03,2025-04-01
67,119,2025-03-02 12:21:00,Delivered,386.62,PayPal,2025-03-05,2025-03-06
68,64,2026-04-24 12:18:00,Cancelled,312.25,Credit Card,2026-04-29,
69,972,2026-03-22 08:32:00,Delivered,183.67,Credit Card,2026-03-27,2026-03-26
70,949,2025-07-08 15:22:00,Delivered,327.25,Gift Card,2025-07-17,2025-07-17
71,56,2026-02-04 09:14:00,Delivered,182.59,Credit Card,2026-02-10,2026-02-11
72,409,2025-02-19 20:37:00,Delivered,151.74,Credit Card,2025-03-01,2025-03-01
73,185,2026-01-19 11:40:00,Cancelled,468.95,Credit Card,2026-01-28,
74,454,2025-09-25 09:13:00,Delivered,55.31,Debit Card,2025-09-29,2025-09-30
75,826,2026-04-12 13:46:00,Cancelled,7.73,Credit Card,2026-04-17,
76,943,2023-02-24 14:41:00,Delivered,63.13,Credit Card,2023-03-03,2023-03-03
77,581,2023-07-24 16:34:00,Delivered,28.28,Credit Card,2023-08-03,2023-08-01
78,337,2025-08-30 19:19:00,Delivered,530.59,PayPal,2025-09-05,2025-09-04
79,555,2026-03-16 19:57:00,Delivered,288.36,Debit Card,2026-03-22,2026-03-21
80,293,2026-05-16 13:50:00,Delivered,328.18,Credit Card,2026-05-20,2026-05-18
81,904,2023-04-02 16:15:00,Delivered,305.21,PayPal,2023-04-05,2023-04-04
82,859,2026-02-10 09:09:00,Delivered,203.95,Credit Card,2026-02-15,2026-02-14
83,509,2026-05-12 16:58:00,Delayed,304.04,Credit Card,2026-05-17,2026-05-27
84,306,2025-04-19 16:38:00,Delivered,39.6,Credit Card,2025-04-24,2025-04-22
85,267,2026-06-26 11:50:00,Processing,260.96,PayPal,2026-06-29,
86,34,2025-11-28 17:23:00,Delivered,85.64,PayPal,2025-12-02,2025-12-03
87,809,2024-10-31 11:22:00,Delivered,13.9,Apple Pay,2024-11-08,2024-11-06
88,414,2026-06-01 14:19:00,Delivered,146.92,Credit Card,2026-06-11,2026-06-09
89,306,2024-08-10 10:40:00,Delivered,91.46,Credit Card,2024-08-20,2024-08-18
90,440,2026-01-06 17:44:00,Delivered,273.11,Credit Card,2026-01-10,2026-01-09
91,814,2025-02-04 18:32:00,Delivered,83.89,Credit Card,2025-02-13,2025-02-11
92,113,2026-03-17 16:12:00,Refunded,71.73,PayPal,2026-03-21,2026-03-19
93,848,2026-05-19 09:31:00,Delivered,235.68,Debit Card,2026-05-29,2026-05-30
94,892,2026-06-23 18:10:00,Shipped,647.13,Debit Card,2026-06-27,
95,937,2026-05-24 11:33:00,Cancelled,228.08,Credit Card,2026-06-02,
96,368,2025-10-18 12:48:00,Delivered,19.08,PayPal,2025-10-27,2025-10-28
97,200,2025-02-14 10:37:00,Refunded,87.7,Debit Card,2025-02-18,2025-02-18
98,356,2023-03-26 14:32:00,Delivered,52.95,Credit Card,2023-03-30,2023-03-31
99,309,2025-12-31 14:07:00,Cancelled,166.42,Google Pay,2026-01-10,
100,177,2025-09-21 20:20:00,Delivered,430.45,Credit Card,2025-09-24,2025-09-22
101,561,2025-11-22 15:06:00,Returned,44.05,Credit Card,2025-11-25,2025-11-24
102,449,2025-11-02 14:11:00,Delivered,470.34,Credit Card,2025-11-06,2025-11-04
103,858,2024-12-10 19:53:00,Returned,301.86,Debit Card,2024-12-20,2024-12-21
104,34,2025-11-17 19:17:00,Delivered,333.58,PayPal,2025-11-27,2025-11-26
105,596,2026-03-13 08:33:00,Delivered,229.32,Debit Card,2026-03-18,2026-03-18
106,760,2026-01-15 14:13:00,Delivered,247.44,Credit Card,2026-01-18,2026-01-17
107,755,2024-09-23 20:57:00,Delivered,19.22,Credit Card,2024-09-26,2024-09-27
108,882,2025-09-21 19:30:00,Delivered,67.38,Debit Card,2025-09-24,2025-09-24
109,712,2025-11-23 10:57:00,Delivered,189.57,Credit Card,2025-11-27,2025-11-27
110,922,2025-10-25 18:33:00,Delivered,768.57,Debit Card,2025-10-28,2025-10-27
111,309,2026-05-09 09:03:00,Refunded,394.18,Apple Pay,2026-05-16,2026-05-16
112,474,2023-09-19 10:29:00,Delivered,392.88,PayPal,2023-09-25,2023-09-26
113,13,2026-05-08 19:17:00,Cancelled,716.14,Debit Card,2026-05-12,
114,6,2026-06-08 17:25:00,Delivered,184.28,Credit Card,2026-06-12,2026-06-12
115,225,2025-09-13 15:47:00,Delivered,400.65,Gift Card,2025-09-20,2025-09-21
116,102,2026-05-04 18:43:00,Delivered,99.15,Debit Card,2026-05-07,2026-05-08
117,238,2026-06-14 18:16:00,Delivered,290.73,PayPal,2026-06-24,2026-06-22
118,179,2026-06-29 16:24:00,Placed,70.49,Credit Card,2026-07-05,
119,33,2023-08-15 10:48:00,Delivered,610.33,PayPal,2023-08-19,2023-08-18
120,903,2025-11-25 11:04:00,Cancelled,57.78,Apple Pay,2025-11-29,
121,8,2024-08-17 16:27:00,Delivered,495.73,Credit Card,2024-08-20,2024-08-21
122,723,2025-10-09 10:00:00,Delivered,97.28,Credit Card,2025-10-15,2025-10-16
123,141,2025-12-18 08:04:00,Delivered,7.58,PayPal,2025-12-27,2025-12-27
124,906,2026-03-03 09:46:00,Delivered,401.46,Debit Card,2026-03-10,2026-03-08
125,890,2025-11-30 14:15:00,Cancelled,105.6,Credit Card,2025-12-08,
126,612,2026-03-30 15:53:00,Delivered,24.09,PayPal,2026-04-07,2026-04-05
127,633,2026-05-12 20:56:00,Delivered,247.08,Apple Pay,2026-05-18,2026-05-19
128,6,2026-06-06 13:24:00,Delivered,825.76,PayPal,2026-06-12,2026-06-12
129,980,2026-06-05 18:39:00,Delivered,57.24,Credit Card,2026-06-11,2026-06-12
130,870,2025-09-20 10:29:00,Delayed,145.52,PayPal,2025-09-23,2025-09-28
131,892,2026-05-26 12:52:00,Delivered,85.89,Credit Card,2026-06-01,2026-05-30
132,616,2025-11-07 13:31:00,Delivered,124.48,PayPal,2025-11-13,2025-11-11
133,325,2025-07-02 15:28:00,Delivered,37.71,Debit Card,2025-07-05,2025-07-04
134,891,2026-02-01 09:50:00,Delivered,234.93,Credit Card,2026-02-07,2026-02-08
135,264,2025-04-15 11:39:00,Returned,369.86,Debit Card,2025-04-18,2025-04-16
136,511,2024-09-01 17:21:00,Delivered,106.16,Credit Card,2024-09-05,2024-09-04
137,102,2026-06-08 11:38:00,Delivered,155.78,Credit Card,2026-06-15,2026-06-13
138,916,2025-07-10 11:05:00,Delivered,357.75,Gift Card,2025-07-13,2025-07-13
139,126,2026-03-25 08:11:00,Delivered,140.67,Debit Card,2026-03-28,2026-03-28
140,208,2025-12-03 15:03:00,Delivered,48.8,Credit Card,2025-12-13,2025-12-12
141,509,2025-02-13 09:00:00,Delivered,117.85,Debit Card,2025-02-22,2025-02-23
142,760,2025-10-18 14:21:00,Delivered,455.0,Credit Card,2025-10-24,2025-10-24
143,571,2025-08-29 10:16:00,Delivered,45.2,Credit Card,2025-09-02,2025-09-03
144,213,2026-03-12 20:12:00,Delivered,477.93,Credit Card,2026-03-18,2026-03-17
145,2,2026-03-18 12:04:00,Delivered,27.64,Credit Card,2026-03-25,2026-03-23
146,753,2025-04-08 13:09:00,Delivered,105.6,Debit Card,2025-04-12,2025-04-12
147,980,2026-01-28 15:26:00,Delivered,77.73,Debit Card,2026-01-31,2026-01-31
148,805,2025-03-04 09:18:00,Delivered,80.73,Credit Card,2025-03-08,2025-03-07
149,417,2026-06-08 10:37:00,Returned,80.26,PayPal,2026-06-17,2026-06-17
150,895,2025-05-20 12:38:00,Delivered,524.96,Credit Card,2025-05-29,2025-05-30
151,379,2026-06-25 09:07:00,Delivered,35.93,PayPal,2026-07-05,2026-06-30
152,490,2025-10-27 16:22:00,Delivered,71.87,Credit Card,2025-10-30,2025-10-30
153,449,2025-12-11 20:40:00,Delivered,222.62,Credit Card,2025-12-19,2025-12-17
154,412,2026-01-10 19:22:00,Delivered,195.64,Debit Card,2026-01-19,2026-01-20
155,769,2025-12-24 20:05:00,Delivered,19.35,Debit Card,2025-12-31,2025-12-31
156,491,2024-08-09 11:12:00,Delivered,127.83,PayPal,2024-08-18,2024-08-16
157,302,2026-06-26 10:33:00,Processing,198.3,Credit Card,2026-07-05,
158,236,2026-06-16 15:37:00,Delivered,339.59,Credit Card,2026-06-25,2026-06-25
159,35,2025-04-10 18:45:00,Delivered,226.0,Apple Pay,2025-04-13,2025-04-14
160,536,2025-11-21 15:50:00,Delivered,122.21,Credit Card,2025-11-27,2025-11-26
161,212,2025-01-09 20:56:00,Delivered,188.24,Credit Card,2025-01-15,2025-01-16
162,135,2026-04-09 16:54:00,Delivered,172.87,Debit Card,2026-04-15,2026-04-16
163,612,2026-02-07 13:01:00,Refunded,119.28,Debit Card,2026-02-11,2026-02-10
164,654,2026-03-22 11:01:00,Delivered,57.0,PayPal,2026-03-31,2026-03-29
165,745,2023-10-05 18:10:00,Delivered,6.89,PayPal,2023-10-10,2023-10-11
166,474,2025-01-26 11:10:00,Delivered,191.51,Credit Card,2025-02-01,2025-01-31
167,892,2026-06-10 12:44:00,Delivered,44.56,Credit Card,2026-06-18,2026-06-16
168,928,2024-01-28 19:54:00,Delivered,476.67,PayPal,2024-02-01,2024-01-31
169,801,2025-04-21 17:58:00,Delivered,186.35,PayPal,2025-04-29,2025-04-28
170,584,2026-04-29 10:36:00,Delivered,25.2,Debit Card,2026-05-02,2026-05-03
171,280,2025-12-24 16:04:00,Delivered,234.68,Apple Pay,2025-12-28,2025-12-27
172,979,2025-12-08 18:01:00,Delivered,170.45,Debit Card,2025-12-18,2025-12-18
173,249,2025-08-12 08:52:00,Delivered,400.91,Debit Card,2025-08-20,2025-08-21
174,193,2025-11-08 17:30:00,Delivered,218.92,Credit Card,2025-11-13,2025-11-14
175,409,2026-04-18 17:23:00,Delivered,229.26,PayPal,2026-04-23,2026-04-22
176,53,2026-05-08 16:00:00,Delivered,216.09,Apple Pay,2026-05-15,2026-05-14
177,974,2026-03-17 15:54:00,Delivered,268.08,Apple Pay,2026-03-25,2026-03-25
178,541,2026-01-13 16:40:00,Delivered,29.33,PayPal,2026-01-22,2026-01-23
179,509,2025-02-02 18:11:00,Delayed,87.56,Credit Card,2025-02-08,2025-02-18
180,614,2024-09-01 19:08:00,Delivered,94.61,PayPal,2024-09-08,2024-09-09
181,466,2026-05-22 12:47:00,Delivered,54.58,Debit Card,2026-05-30,2026-05-30
182,34,2025-01-21 11:43:00,Delivered,435.23,Credit Card,2025-01-31,2025-01-30
183,568,2026-06-20 19:18:00,Delivered,27.97,Credit Card,2026-06-25,2026-06-25
184,691,2025-08-13 16:12:00,Delivered,172.24,Debit Card,2025-08-19,2025-08-20
185,390,2025-10-02 19:16:00,Delivered,127.13,Debit Card,2025-10-07,2025-10-06
186,753,2025-07-23 08:41:00,Delivered,40.53,Credit Card,2025-07-29,2025-07-28
187,211,2026-03-11 13:20:00,Delivered,72.4,Credit Card,2026-03-18,2026-03-18
188,205,2024-02-05 14:11:00,Delivered,188.62,Credit Card,2024-02-08,2024-02-09
189,157,2025-07-29 10:48:00,Delivered,168.1,PayPal,2025-08-07,2025-08-05
190,352,2026-02-27 18:03:00,Delivered,217.72,Credit Card,2026-03-07,2026-03-08
191,840,2026-06-09 17:32:00,Returned,41.43,Debit Card,2026-06-12,2026-06-13
192,825,2025-10-09 18:50:00,Delivered,249.17,PayPal,2025-10-18,2025-10-19
193,362,2025-11-20 15:24:00,Delivered,120.6,Credit Card,2025-11-30,2025-11-30
194,541,2024-01-11 18:45:00,Delivered,83.01,Credit Card,2024-01-19,2024-01-19
195,696,2025-09-03 19:42:00,Delivered,695.34,Credit Card,2025-09-11,2025-09-12
196,227,2026-06-23 20:21:00,Delivered,87.83,Credit Card,2026-06-28,2026-06-26
197,161,2023-08-02 14:30:00,Delivered,222.78,Apple Pay,2023-08-08,2023-08-09
198,966,2026-01-17 16:31:00,Delivered,402.18,Credit Card,2026-01-25,2026-01-26
199,570,2025-06-22 17:39:00,Delivered,219.64,Credit Card,2025-07-02,2025-07-02
200,977,2026-05-27 08:20:00,Delivered,133.07,Apple Pay,2026-06-03,2026-06-01
201,315,2026-03-25 14:12:00,Delivered,197.65,Credit Card,2026-04-02,2026-03-31
202,674,2026-05-27 13:51:00,Delivered,260.13,Credit Card,2026-06-03,2026-06-03
203,205,2023-09-08 14:38:00,Delivered,19.5,Google Pay,2023-09-13,2023-09-12
204,239,2025-09-13 11:12:00,Delivered,37.69,Credit Card,2025-09-16,2025-09-15
205,484,2026-04-04 17:38:00,Delivered,1358.27,Credit Card,2026-04-14,2026-04-14
206,305,2026-06-28 20:35:00,Shipped,295.39,Debit Card,2026-07-08,
207,161,2026-05-05 16:28:00,Refunded,171.73,PayPal,2026-05-14,2026-05-15
208,242,2025-04-19 13:31:00,Delivered,63.1,Debit Card,2025-04-23,2025-04-22
209,34,2025-12-14 17:19:00,Delivered,168.44,Credit Card,2025-12-22,2025-12-23
210,674,2026-01-27 16:09:00,Delivered,103.53,Credit Card,2026-02-05,2026-02-06
211,458,2026-06-14 13:31:00,Delivered,481.92,Debit Card,2026-06-17,2026-06-16
212,95,2025-08-05 18:11:00,Delivered,263.32,Gift Card,2025-08-08,2025-08-06
213,163,2024-09-28 14:17:00,Delivered,27.29,Credit Card,2024-10-08,2024-10-07
214,102,2026-05-01 14:55:00,Delivered,418.99,PayPal,2026-05-04,2026-05-03
215,568,2026-06-26 20:17:00,Processing,16.18,Credit Card,2026-06-30,
216,95,2026-06-07 11:53:00,Delivered,357.56,Debit Card,2026-06-12,2026-06-11
217,749,2026-04-25 14:50:00,Delivered,195.01,Debit Card,2026-05-04,2026-05-05
218,21,2026-05-18 10:25:00,Delivered,174.07,Debit Card,2026-05-23,2026-05-22
219,229,2026-06-28 20:05:00,Shipped,112.05,Debit Card,2026-07-08,
220,885,2024-04-26 16:41:00,Delivered,363.54,Debit Card,2024-05-05,2024-05-03
221,696,2025-12-05 17:33:00,Delivered,147.78,Credit Card,2025-12-11,2025-12-10
222,71,2024-07-07 15:02:00,Delivered,528.86,Credit Card,2024-07-11,2024-07-09
223,817,2025-02-15 17:40:00,Delivered,243.97,PayPal,2025-02-20,2025-02-18
224,460,2025-03-15 16:39:00,Returned,14.6,Gift Card,2025-03-18,2025-03-18
225,840,2026-01-09 19:40:00,Delivered,376.85,PayPal,2026-01-13,2026-01-14
226,554,2025-12-24 17:26:00,Delivered,200.02,Credit Card,2025-12-28,2025-12-28
227,656,2025-08-16 12:06:00,Delivered,240.95,Google Pay,2025-08-25,2025-08-24
228,990,2023-03-15 13:42:00,Delivered,52.14,Credit Card,2023-03-20,2023-03-21
229,213,2025-10-24 15:16:00,Cancelled,193.46,Credit Card,2025-10-27,
230,573,2026-03-16 09:29:00,Delivered,97.99,Debit Card,2026-03-24,2026-03-23
231,417,2026-06-14 09:48:00,Delayed,167.56,Credit Card,2026-06-19,2026-06-29
232,35,2025-09-08 16:42:00,Cancelled,127.83,Credit Card,2025-09-13,
233,13,2026-05-19 16:50:00,Delivered,45.59,PayPal,2026-05-25,2026-05-25
234,110,2026-05-29 19:29:00,Delivered,328.87,Apple Pay,2026-06-07,2026-06-05
235,604,2025-12-24 14:44:00,Delivered,148.8,Debit Card,2026-01-01,2025-12-30
236,518,2026-05-12 08:16:00,Delivered,158.82,Debit Card,2026-05-19,2026-05-18
237,508,2026-03-04 13:08:00,Delivered,297.82,Bank Transfer,2026-03-07,2026-03-08
238,34,2026-01-07 18:05:00,Delivered,236.18,Debit Card,2026-01-13,2026-01-14
239,437,2026-05-19 19:51:00,Delivered,143.59,PayPal,2026-05-27,2026-05-27
240,918,2025-08-22 16:52:00,Delivered,237.37,Credit Card,2025-08-31,2025-09-01
241,368,2025-12-31 14:24:00,Delivered,96.34,Credit Card,2026-01-03,2026-01-01
242,573,2026-01-04 17:25:00,Delivered,198.52,Credit Card,2026-01-10,2026-01-11
243,775,2025-11-21 12:36:00,Delivered,244.25,Credit Card,2025-11-28,2025-11-29
244,781,2024-04-09 14:01:00,Delivered,541.99,Credit Card,2024-04-18,2024-04-17
245,489,2025-12-14 09:36:00,Delivered,338.78,Credit Card,2025-12-21,2025-12-19
246,848,2026-06-03 20:02:00,Refunded,151.71,Credit Card,2026-06-10,2026-06-11
247,366,2026-03-05 09:15:00,Returned,110.2,Debit Card,2026-03-12,2026-03-13
248,885,2026-02-10 09:16:00,Delivered,331.38,Credit Card,2026-02-18,2026-02-17
249,225,2025-03-29 08:10:00,Delivered,493.35,Credit Card,2025-04-03,2025-04-01
250,250,2026-02-18 13:45:00,Delivered,319.14,Debit Card,2026-02-22,2026-02-22
251,52,2026-05-12 13:02:00,Delivered,124.76,Credit Card,2026-05-16,2026-05-14
252,796,2025-02-22 12:14:00,Returned,53.12,Debit Card,2025-03-01,2025-02-27
253,390,2026-03-28 17:30:00,Delivered,158.1,Debit Card,2026-03-31,2026-03-31
254,212,2025-03-30 17:56:00,Returned,88.44,PayPal,2025-04-05,2025-04-05
255,213,2026-03-26 10:04:00,Delivered,85.08,Apple Pay,2026-03-30,2026-03-31
256,895,2026-04-23 13:13:00,Delivered,403.79,Credit Card,2026-05-01,2026-04-29
257,830,2026-06-19 13:33:00,Delivered,454.13,PayPal,2026-06-24,2026-06-23
258,508,2025-05-01 20:03:00,Delivered,289.15,PayPal,2025-05-07,2025-05-08
259,570,2025-04-24 13:18:00,Delivered,241.82,Debit Card,2025-04-29,2025-04-27
260,443,2026-04-05 17:15:00,Delivered,146.32,PayPal,2026-04-09,2026-04-08
261,366,2026-01-04 08:42:00,Delivered,214.91,Gift Card,2026-01-10,2026-01-08
262,910,2026-06-14 20:25:00,Delivered,68.36,Google Pay,2026-06-18,2026-06-18
263,114,2025-05-01 12:12:00,Delivered,31.32,Apple Pay,2025-05-11,2025-05-10
264,391,2026-01-18 19:21:00,Delivered,243.57,Apple Pay,2026-01-23,2026-01-22
265,325,2025-02-15 15:56:00,Delivered,494.38,Debit Card,2025-02-23,2025-02-24
266,467,2026-01-14 13:16:00,Delivered,337.07,Debit Card,2026-01-19,2026-01-20
267,415,2026-05-19 16:25:00,Delivered,66.44,PayPal,2026-05-23,2026-05-23
268,489,2025-08-01 08:38:00,Delivered,208.4,Credit Card,2025-08-07,2025-08-05
269,125,2026-01-31 18:00:00,Cancelled,508.33,Debit Card,2026-02-06,
270,486,2025-03-21 12:53:00,Delivered,244.92,Google Pay,2025-03-25,2025-03-25
271,228,2026-05-10 20:06:00,Delivered,28.58,Apple Pay,2026-05-13,2026-05-11
272,184,2025-02-23 09:46:00,Delivered,77.25,Apple Pay,2025-03-05,2025-03-05
273,60,2026-03-17 15:25:00,Delivered,8.01,Credit Card,2026-03-25,2026-03-23
274,759,2025-12-20 15:35:00,Delivered,36.06,PayPal,2025-12-24,2025-12-24
275,396,2026-05-18 08:38:00,Delayed,355.32,Bank Transfer,2026-05-22,2026-05-29
276,575,2025-02-17 13:33:00,Delivered,201.17,Apple Pay,2025-02-25,2025-02-25
277,711,2023-06-18 12:53:00,Delivered,671.52,Debit Card,2023-06-28,2023-06-27
278,650,2024-03-24 16:58:00,Delivered,218.52,Credit Card,2024-03-31,2024-03-29
279,438,2026-01-02 10:57:00,Refunded,260.57,Google Pay,2026-01-06,2026-01-07
280,366,2026-04-16 12:57:00,Delivered,169.45,Credit Card,2026-04-26,2026-04-26
281,356,2025-06-02 20:47:00,Delayed,116.78,Credit Card,2025-06-10,2025-06-13
282,594,2026-05-22 20:08:00,Cancelled,134.01,Google Pay,2026-05-28,
283,463,2025-06-30 10:41:00,Delivered,205.18,Google Pay,2025-07-06,2025-07-04
284,845,2026-06-03 16:46:00,Refunded,305.2,Credit Card,2026-06-11,2026-06-12
285,866,2025-12-07 13:43:00,Delivered,36.4,Credit Card,2025-12-13,2025-12-12
286,162,2026-03-21 17:18:00,Delivered,141.47,PayPal,2026-03-31,2026-04-01
287,119,2024-10-22 08:51:00,Delivered,136.51,Debit Card,2024-10-26,2024-10-27
288,575,2026-04-04 17:04:00,Delivered,123.56,Debit Card,2026-04-09,2026-04-10
289,277,2025-11-07 15:37:00,Delivered,146.93,PayPal,2025-11-11,2025-11-10
290,21,2026-03-20 18:43:00,Delivered,44.27,Apple Pay,2026-03-26,2026-03-24
291,885,2024-11-25 12:41:00,Delivered,246.43,Credit Card,2024-12-04,2024-12-04
292,211,2026-03-04 09:40:00,Delivered,101.89,Apple Pay,2026-03-07,2026-03-07
293,922,2024-08-17 12:02:00,Delivered,326.66,Google Pay,2024-08-26,2024-08-26
294,693,2026-04-11 11:57:00,Delivered,198.31,Credit Card,2026-04-19,2026-04-19
295,759,2026-03-23 15:54:00,Delivered,546.42,Credit Card,2026-04-01,2026-03-31
296,193,2026-01-16 12:09:00,Delivered,226.7,Credit Card,2026-01-25,2026-01-26
297,217,2026-06-24 13:39:00,Out for Delivery,329.08,Google Pay,2026-06-29,
298,489,2024-02-24 08:34:00,Delivered,327.25,Credit Card,2024-03-03,2024-03-02
299,164,2026-06-25 13:38:00,Shipped,7.48,Credit Card,2026-07-03,
300,281,2025-12-25 12:55:00,Delivered,278.46,Credit Card,2026-01-01,2025-12-31
301,306,2025-12-24 09:26:00,Delivered,395.07,PayPal,2026-01-03,2026-01-02
302,155,2026-04-06 12:37:00,Delivered,51.07,PayPal,2026-04-10,2026-04-10
303,194,2022-11-22 11:53:00,Delivered,120.71,PayPal,2022-12-02,2022-12-01
304,788,2025-12-06 11:51:00,Delivered,95.27,Credit Card,2025-12-13,2025-12-12
305,160,2025-05-18 15:22:00,Delivered,75.97,Google Pay,2025-05-26,2025-05-24
306,32,2025-12-12 17:56:00,Delivered,199.87,Credit Card,2025-12-18,2025-12-17
307,575,2025-01-14 18:23:00,Delivered,257.04,Debit Card,2025-01-18,2025-01-16
308,972,2026-04-02 20:42:00,Cancelled,7.6,Credit Card,2026-04-11,
309,308,2025-05-27 09:55:00,Delivered,331.38,Apple Pay,2025-06-04,2025-06-05
310,108,2024-10-31 10:01:00,Delivered,51.2,Gift Card,2024-11-09,2024-11-09
311,519,2025-10-29 08:49:00,Delivered,329.77,Credit Card,2025-11-06,2025-11-07
312,899,2026-05-06 10:43:00,Delivered,106.16,Debit Card,2026-05-12,2026-05-12
313,782,2026-01-09 09:19:00,Delivered,107.36,Credit Card,2026-01-13,2026-01-12
314,573,2026-04-16 13:22:00,Delivered,238.35,Debit Card,2026-04-20,2026-04-19
315,298,2025-03-16 12:07:00,Delivered,760.6,Credit Card,2025-03-25,2025-03-26
316,500,2025-04-02 13:14:00,Delivered,109.9,Credit Card,2025-04-08,2025-04-08
317,92,2025-09-28 16:28:00,Delayed,130.14,Debit Card,2025-10-06,2025-10-15
318,649,2025-12-09 09:10:00,Delivered,342.65,Debit Card,2025-12-14,2025-12-15
319,706,2026-05-17 09:56:00,Delivered,120.08,Credit Card,2026-05-24,2026-05-22
320,955,2026-04-24 16:37:00,Delivered,170.28,PayPal,2026-04-29,2026-04-29
321,238,2026-06-14 16:30:00,Refunded,301.2,Debit Card,2026-06-17,2026-06-17
322,21,2025-12-23 12:09:00,Returned,39.23,Credit Card,2025-12-30,2025-12-30
323,500,2025-11-07 08:45:00,Delivered,73.71,Apple Pay,2025-11-12,2025-11-12
324,680,2026-04-30 15:58:00,Delivered,114.29,Credit Card,2026-05-10,2026-05-11
325,791,2025-09-13 17:50:00,Delivered,124.52,PayPal,2025-09-18,2025-09-19
326,189,2026-03-28 18:22:00,Delivered,109.0,Credit Card,2026-04-03,2026-04-03
327,241,2025-01-18 16:25:00,Delivered,582.34,Credit Card,2025-01-24,2025-01-25
328,486,2025-06-04 18:23:00,Delivered,132.42,Google Pay,2025-06-14,2025-06-13
329,308,2025-05-03 10:30:00,Delivered,248.39,Credit Card,2025-05-06,2025-05-04
330,848,2025-11-14 12:10:00,Delivered,16.81,Google Pay,2025-11-18,2025-11-18
331,442,2025-07-30 14:33:00,Delivered,262.06,Debit Card,2025-08-02,2025-08-01
332,797,2026-06-13 15:28:00,Delivered,14.38,Debit Card,2026-06-22,2026-06-23
333,535,2026-05-18 18:29:00,Delivered,107.66,Google Pay,2026-05-21,2026-05-20
334,768,2026-03-03 12:01:00,Delivered,183.12,Google Pay,2026-03-10,2026-03-11
335,309,2026-06-27 10:01:00,Shipped,376.05,PayPal,2026-07-01,
336,828,2025-08-14 14:36:00,Delivered,51.07,Debit Card,2025-08-18,2025-08-18
337,249,2025-09-23 14:47:00,Delivered,98.86,PayPal,2025-09-27,2025-09-26
338,501,2025-12-17 15:58:00,Delivered,53.96,Credit Card,2025-12-23,2025-12-21
339,199,2026-03-26 16:34:00,Delivered,111.06,Credit Card,2026-04-01,2026-04-02
340,448,2026-03-07 08:51:00,Delivered,104.37,Credit Card,2026-03-14,2026-03-13
341,304,2026-05-22 17:22:00,Delivered,58.52,Credit Card,2026-06-01,2026-06-02
342,243,2026-02-01 13:15:00,Delivered,318.25,PayPal,2026-02-11,2026-02-12
343,956,2026-03-22 16:54:00,Delivered,92.82,Debit Card,2026-03-30,2026-03-29
344,155,2025-10-01 19:18:00,Delivered,465.58,Credit Card,2025-10-04,2025-10-02
345,786,2026-06-17 18:25:00,Refunded,336.67,Credit Card,2026-06-24,2026-06-24
346,980,2025-07-15 14:09:00,Delivered,7.0,Credit Card,2025-07-19,2025-07-20
347,21,2025-09-19 17:39:00,Delivered,52.68,PayPal,2025-09-27,2025-09-27
348,672,2026-05-14 12:12:00,Delivered,63.24,Gift Card,2026-05-17,2026-05-16
349,231,2026-04-05 09:24:00,Returned,25.52,Credit Card,2026-04-08,2026-04-08
350,35,2025-04-14 15:09:00,Delivered,318.65,Debit Card,2025-04-17,2025-04-18
351,370,2026-06-06 13:05:00,Delivered,105.31,Credit Card,2026-06-15,2026-06-14
352,925,2026-04-15 08:38:00,Delivered,357.61,PayPal,2026-04-18,2026-04-16
353,12,2026-01-31 15:55:00,Delivered,252.53,PayPal,2026-02-04,2026-02-03
354,541,2026-01-23 14:41:00,Delivered,102.39,PayPal,2026-02-02,2026-01-31
355,470,2025-05-08 13:04:00,Delivered,291.76,Credit Card,2025-05-12,2025-05-13
356,864,2026-04-20 19:12:00,Delivered,25.33,Credit Card,2026-04-26,2026-04-24
357,84,2025-12-24 08:53:00,Delivered,159.59,Credit Card,2026-01-02,2026-01-01
358,655,2025-04-15 20:17:00,Delivered,114.55,PayPal,2025-04-25,2025-04-23
359,652,2025-01-27 09:41:00,Delivered,214.31,Credit Card,2025-02-04,2025-02-04
360,632,2026-02-05 08:32:00,Delivered,61.95,Debit Card,2026-02-14,2026-02-15
361,931,2025-07-21 20:47:00,Delivered,102.07,PayPal,2025-07-30,2025-07-31
362,818,2026-02-12 11:38:00,Delayed,257.98,Credit Card,2026-02-21,2026-02-27
363,37,2025-06-13 16:20:00,Delivered,44.84,Debit Card,2025-06-23,2025-06-23
364,440,2026-01-31 15:16:00,Returned,141.86,Debit Card,2026-02-03,2026-02-02
365,368,2026-06-19 18:33:00,Delivered,158.1,Credit Card,2026-06-29,2026-06-29
366,291,2024-05-28 17:11:00,Delivered,57.26,Apple Pay,2024-06-02,2024-06-01
367,414,2026-05-29 14:40:00,Returned,43.86,Credit Card,2026-06-03,2026-06-04
368,363,2024-05-21 14:22:00,Delivered,15.38,Credit Card,2024-05-25,2024-05-25
369,400,2026-05-06 20:26:00,Cancelled,146.14,Credit Card,2026-05-10,
370,976,2026-01-09 20:57:00,Delivered,347.35,Credit Card,2026-01-15,2026-01-15
371,89,2023-09-08 15:45:00,Delivered,95.72,PayPal,2023-09-15,2023-09-14
372,918,2025-07-03 14:17:00,Delivered,163.33,Google Pay,2025-07-13,2025-07-12
373,452,2026-05-31 11:53:00,Delivered,95.83,PayPal,2026-06-08,2026-06-09
374,573,2026-02-27 08:17:00,Delivered,216.26,Google Pay,2026-03-03,2026-03-03
375,826,2026-05-19 15:05:00,Delivered,184.98,Debit Card,2026-05-25,2026-05-26
376,342,2026-03-14 16:52:00,Delivered,54.64,Apple Pay,2026-03-23,2026-03-24
377,397,2026-03-05 20:42:00,Cancelled,165.97,Credit Card,2026-03-10,
378,379,2026-06-22 12:44:00,Delivered,86.01,PayPal,2026-06-27,2026-06-26
379,356,2026-02-25 12:06:00,Delivered,291.24,Debit Card,2026-03-04,2026-03-05
380,919,2026-04-08 18:46:00,Delivered,8.14,Debit Card,2026-04-16,2026-04-15
381,825,2024-10-05 16:22:00,Delivered,182.82,Credit Card,2024-10-14,2024-10-12
382,104,2025-12-16 11:38:00,Delivered,265.12,Debit Card,2025-12-24,2025-12-23
383,104,2026-02-15 15:01:00,Refunded,131.46,Credit Card,2026-02-24,2026-02-23
384,396,2026-03-08 08:34:00,Returned,408.66,Credit Card,2026-03-18,2026-03-17
385,99,2026-06-24 08:48:00,Delivered,252.73,Credit Card,2026-07-01,2026-06-30
386,570,2026-01-21 08:55:00,Delivered,299.79,PayPal,2026-01-31,2026-01-30
387,131,2026-06-27 14:48:00,Processing,1278.33,PayPal,2026-07-04,
388,489,2026-05-17 18:50:00,Delivered,341.52,Credit Card,2026-05-22,2026-05-23
389,7,2026-01-26 19:43:00,Delivered,596.63,Debit Card,2026-02-01,2026-01-31
390,302,2026-06-09 09:17:00,Delivered,137.72,Credit Card,2026-06-14,2026-06-14
391,647,2026-05-04 18:28:00,Delivered,624.06,Credit Card,2026-05-10,2026-05-10
392,454,2026-05-21 16:14:00,Refunded,270.75,Debit Card,2026-05-24,2026-05-25
393,974,2025-12-05 17:41:00,Returned,165.47,Debit Card,2025-12-15,2025-12-16
394,865,2026-02-26 12:08:00,Delivered,61.27,Bank Transfer,2026-03-07,2026-03-08
395,339,2025-10-06 12:49:00,Delivered,176.96,Credit Card,2025-10-15,2025-10-14
396,41,2026-01-06 19:57:00,Delivered,512.82,PayPal,2026-01-16,2026-01-16
397,840,2026-04-05 11:00:00,Delivered,173.65,PayPal,2026-04-12,2026-04-13
398,905,2025-07-13 20:37:00,Delivered,84.03,Credit Card,2025-07-21,2025-07-21
399,817,2025-10-11 20:00:00,Delivered,97.94,PayPal,2025-10-21,2025-10-22
400,114,2025-08-22 09:31:00,Delivered,184.5,Debit Card,2025-08-31,2025-08-30
401,994,2024-08-12 12:05:00,Delivered,131.56,Debit Card,2024-08-20,2024-08-18
402,236,2026-06-18 16:04:00,Delivered,98.0,Credit Card,2026-06-23,2026-06-22
403,706,2026-04-16 12:01:00,Delivered,127.18,Debit Card,2026-04-25,2026-04-24
404,902,2026-06-08 15:36:00,Delivered,232.71,PayPal,2026-06-17,2026-06-15
405,221,2026-05-07 13:45:00,Returned,195.21,Debit Card,2026-05-10,2026-05-09
406,902,2024-12-28 08:46:00,Delivered,368.74,Credit Card,2025-01-01,2025-01-01
407,290,2026-04-18 12:33:00,Delivered,36.16,Google Pay,2026-04-23,2026-04-21
408,972,2026-05-04 17:22:00,Delayed,318.99,Credit Card,2026-05-13,2026-05-18
409,252,2026-05-09 13:29:00,Delayed,44.47,Credit Card,2026-05-18,2026-05-21
410,943,2024-07-02 09:13:00,Delivered,175.33,Credit Card,2024-07-12,2024-07-10
411,52,2026-01-30 14:36:00,Delivered,85.14,Debit Card,2026-02-09,2026-02-10
412,683,2025-11-28 15:35:00,Delayed,213.09,Debit Card,2025-12-08,2025-12-12
413,498,2026-03-09 15:03:00,Delivered,210.29,Credit Card,2026-03-13,2026-03-11
414,449,2026-04-19 15:35:00,Delivered,229.63,Debit Card,2026-04-28,2026-04-27
415,205,2024-12-26 15:52:00,Delivered,445.14,Credit Card,2024-12-30,2024-12-28
416,675,2024-11-22 15:15:00,Delivered,179.53,PayPal,2024-11-26,2024-11-27
417,188,2026-03-28 19:11:00,Refunded,35.91,Credit Card,2026-04-06,2026-04-04
418,508,2026-02-19 13:38:00,Delivered,287.49,Debit Card,2026-02-22,2026-02-22
419,231,2025-11-22 17:38:00,Delivered,71.07,Credit Card,2025-11-25,2025-11-23
420,947,2024-02-27 15:13:00,Cancelled,129.49,Credit Card,2024-03-02,
421,33,2026-05-07 10:01:00,Delivered,266.73,Credit Card,2026-05-10,2026-05-11
422,192,2026-05-10 09:19:00,Delivered,31.77,Credit Card,2026-05-19,2026-05-18
423,228,2026-06-24 17:12:00,Delivered,113.8,PayPal,2026-07-03,2026-06-30
424,383,2026-05-01 09:28:00,Delivered,492.11,Credit Card,2026-05-04,2026-05-04
425,213,2025-07-20 20:26:00,Delivered,33.62,Debit Card,2025-07-25,2025-07-26
426,458,2026-05-15 12:22:00,Delivered,148.91,Credit Card,2026-05-21,2026-05-20
427,862,2026-04-12 12:38:00,Delivered,514.11,Apple Pay,2026-04-22,2026-04-21
428,686,2026-05-18 17:04:00,Delivered,70.39,Credit Card,2026-05-27,2026-05-26
429,534,2025-09-26 11:47:00,Delivered,164.75,Google Pay,2025-10-06,2025-10-05
430,89,2026-01-16 14:18:00,Delivered,344.88,Debit Card,2026-01-26,2026-01-27
431,671,2026-06-19 08:31:00,Delivered,40.97,Debit Card,2026-06-23,2026-06-23
432,160,2026-03-30 09:41:00,Delivered,186.58,Credit Card,2026-04-06,2026-04-05
433,786,2026-02-02 14:08:00,Delivered,37.23,Debit Card,2026-02-06,2026-02-04
434,229,2026-06-15 16:51:00,Delivered,447.33,Bank Transfer,2026-06-19,2026-06-17
435,390,2026-04-22 13:05:00,Delivered,167.52,Credit Card,2026-04-28,2026-04-27
436,334,2022-05-28 15:37:00,Delivered,70.35,Apple Pay,2022-06-04,2022-06-05
437,848,2026-03-22 15:31:00,Delivered,242.28,Credit Card,2026-04-01,2026-03-30
438,114,2025-09-11 11:16:00,Delivered,504.75,Credit Card,2025-09-15,2025-09-13
439,514,2026-06-26 17:46:00,Processing,306.93,Apple Pay,2026-07-01,
440,128,2025-11-05 16:23:00,Delivered,448.74,Google Pay,2025-11-08,2025-11-07
441,675,2025-09-14 20:26:00,Delivered,71.76,Debit Card,2025-09-17,2025-09-15
442,896,2025-01-25 17:54:00,Delivered,847.14,Credit Card,2025-01-29,2025-01-27
443,402,2026-01-19 16:36:00,Delivered,291.9,PayPal,2026-01-29,2026-01-29
444,455,2026-06-15 18:54:00,Refunded,14.22,Credit Card,2026-06-18,2026-06-16
445,921,2025-12-12 08:03:00,Delivered,230.75,Debit Card,2025-12-20,2025-12-20
446,489,2025-07-23 11:38:00,Delivered,347.88,Debit Card,2025-07-28,2025-07-26
447,454,2025-07-10 10:09:00,Delivered,259.43,Credit Card,2025-07-16,2025-07-17
448,532,2026-01-20 14:01:00,Delivered,307.8,Debit Card,2026-01-23,2026-01-21
449,662,2026-04-18 08:21:00,Delivered,306.03,PayPal,2026-04-25,2026-04-24
450,103,2025-11-06 09:01:00,Delivered,59.74,Gift Card,2025-11-10,2025-11-08
451,817,2025-01-07 16:32:00,Delivered,91.5,PayPal,2025-01-14,2025-01-15
452,404,2025-09-15 08:10:00,Delivered,164.94,Credit Card,2025-09-19,2025-09-19
453,71,2023-05-29 19:04:00,Delivered,612.45,Bank Transfer,2023-06-08,2023-06-07
454,786,2026-06-02 15:49:00,Delivered,278.57,Credit Card,2026-06-06,2026-06-04
455,356,2023-07-31 20:38:00,Delivered,179.07,Debit Card,2023-08-06,2023-08-04
456,102,2026-05-24 08:41:00,Delivered,41.33,Debit Card,2026-05-27,2026-05-28
457,581,2025-10-30 11:29:00,Delivered,15.12,Credit Card,2025-11-06,2025-11-05
458,870,2025-05-14 10:50:00,Delivered,80.64,Credit Card,2025-05-20,2025-05-18
459,883,2026-06-06 15:07:00,Delivered,97.27,Apple Pay,2026-06-13,2026-06-14
460,949,2026-05-17 12:45:00,Delivered,99.73,PayPal,2026-05-27,2026-05-27
461,859,2026-04-14 12:20:00,Delivered,371.29,Debit Card,2026-04-19,2026-04-20
462,2,2026-04-26 10:49:00,Delivered,134.86,Credit Card,2026-05-05,2026-05-03
463,359,2025-10-18 15:10:00,Delivered,119.98,Credit Card,2025-10-26,2025-10-24
464,814,2025-02-27 12:17:00,Delivered,121.04,PayPal,2025-03-05,2025-03-04
465,348,2025-12-16 11:07:00,Delivered,643.85,Credit Card,2025-12-22,2025-12-23
466,555,2026-04-29 09:19:00,Delivered,39.15,Credit Card,2026-05-07,2026-05-05
467,560,2026-06-07 15:10:00,Delivered,263.65,PayPal,2026-06-15,2026-06-16
468,347,2023-12-29 17:48:00,Delivered,393.33,Gift Card,2024-01-07,2024-01-08
469,895,2026-04-15 17:04:00,Delivered,160.98,Credit Card,2026-04-19,2026-04-19
470,474,2025-12-24 09:37:00,Delivered,18.46,Apple Pay,2025-12-31,2026-01-01
471,428,2025-02-03 08:26:00,Delivered,371.73,PayPal,2025-02-07,2025-02-07
472,994,2024-07-23 11:13:00,Returned,42.68,Credit Card,2024-08-02,2024-08-01
473,462,2024-10-18 10:03:00,Delivered,158.5,Credit Card,2024-10-25,2024-10-25
474,180,2025-09-18 19:13:00,Delivered,49.35,PayPal,2025-09-25,2025-09-26
475,486,2025-12-05 10:21:00,Delivered,159.42,Credit Card,2025-12-15,2025-12-15
476,808,2026-02-09 13:13:00,Delivered,140.2,PayPal,2026-02-17,2026-02-15
477,770,2025-05-14 12:58:00,Delivered,426.03,Credit Card,2025-05-20,2025-05-21
478,788,2025-04-01 17:58:00,Delivered,193.92,Credit Card,2025-04-05,2025-04-03
479,680,2026-02-19 15:55:00,Delivered,64.45,Credit Card,2026-02-24,2026-02-24
480,232,2026-06-09 09:17:00,Delivered,243.51,Credit Card,2026-06-16,2026-06-17
481,850,2026-05-31 11:28:00,Delivered,46.55,PayPal,2026-06-10,2026-06-09
482,891,2025-09-28 10:31:00,Delivered,314.95,PayPal,2025-10-04,2025-10-04
483,189,2025-11-16 16:08:00,Delivered,482.29,Apple Pay,2025-11-24,2025-11-22
484,116,2026-05-13 08:22:00,Cancelled,177.18,Credit Card,2026-05-18,
485,972,2025-08-29 09:07:00,Cancelled,387.1,Debit Card,2025-09-05,
486,859,2026-01-20 10:21:00,Delivered,347.36,Apple Pay,2026-01-26,2026-01-27
487,891,2026-03-20 10:02:00,Delivered,192.4,PayPal,2026-03-27,2026-03-26
488,882,2026-02-12 09:49:00,Delivered,595.35,Debit Card,2026-02-15,2026-02-16
489,500,2025-02-02 13:18:00,Delivered,126.5,Credit Card,2025-02-05,2025-02-03
490,598,2025-08-20 14:03:00,Delivered,204.64,PayPal,2025-08-23,2025-08-21
491,500,2025-02-26 11:00:00,Delivered,163.99,Debit Card,2025-03-01,2025-03-02
492,51,2025-04-29 13:25:00,Delivered,311.58,Debit Card,2025-05-04,2025-05-04
493,736,2026-01-07 15:10:00,Delivered,7.49,Debit Card,2026-01-11,2026-01-12
494,477,2025-04-10 10:43:00,Delivered,127.97,Apple Pay,2025-04-15,2025-04-16
495,601,2026-05-24 17:36:00,Delivered,301.5,PayPal,2026-06-03,2026-06-01
496,474,2024-07-09 13:27:00,Delivered,189.78,Credit Card,2024-07-18,2024-07-16
497,458,2026-06-20 16:58:00,Delivered,7.07,Credit Card,2026-06-27,2026-06-28
498,164,2025-11-24 19:19:00,Delivered,249.51,Credit Card,2025-11-29,2025-11-30
499,250,2025-10-22 18:41:00,Delivered,476.83,PayPal,2025-10-28,2025-10-29
500,155,2025-09-13 20:27:00,Delivered,470.12,PayPal,2025-09-20,2025-09-19
501,191,2026-06-27 18:39:00,Shipped,174.3,Google Pay,2026-07-06,
502,969,2025-11-14 15:28:00,Delivered,150.9,PayPal,2025-11-24,2025-11-24
503,141,2026-05-09 10:12:00,Cancelled,705.26,PayPal,2026-05-15,
504,246,2025-12-09 16:53:00,Delivered,128.83,Apple Pay,2025-12-18,2025-12-19
505,542,2026-06-19 16:19:00,Delivered,99.57,Apple Pay,2026-06-28,2026-06-26
506,565,2025-11-21 13:14:00,Delivered,150.96,Gift Card,2025-12-01,2025-11-29
507,142,2026-06-23 14:02:00,Delivered,112.14,Credit Card,2026-06-26,2026-06-26
508,794,2026-02-25 09:02:00,Delivered,137.97,Credit Card,2026-03-03,2026-03-01
509,783,2024-12-09 09:02:00,Delivered,273.95,Credit Card,2024-12-13,2024-12-12
510,221,2025-02-17 17:48:00,Delayed,341.08,PayPal,2025-02-25,2025-03-04
511,261,2023-07-02 20:27:00,Delivered,224.73,Credit Card,2023-07-12,2023-07-10
512,929,2026-04-22 12:44:00,Delayed,650.8,Credit Card,2026-04-28,2026-05-08
513,822,2025-08-08 11:03:00,Delivered,696.78,Credit Card,2025-08-18,2025-08-19
514,672,2026-04-27 17:52:00,Delivered,216.99,Credit Card,2026-05-07,2026-05-06
515,82,2026-05-03 18:39:00,Delivered,46.04,PayPal,2026-05-11,2026-05-11
516,391,2025-07-16 20:33:00,Delivered,169.25,PayPal,2025-07-26,2025-07-27
517,511,2024-09-21 12:51:00,Delivered,191.8,Credit Card,2024-10-01,2024-10-01
518,187,2026-05-13 08:44:00,Delivered,132.93,Credit Card,2026-05-22,2026-05-20
519,412,2025-04-16 15:45:00,Delivered,7.34,Credit Card,2025-04-22,2025-04-21
520,554,2026-01-12 20:48:00,Delivered,10.09,Debit Card,2026-01-17,2026-01-15
521,307,2026-03-21 10:03:00,Delivered,666.19,Credit Card,2026-03-24,2026-03-24
522,775,2026-06-25 09:41:00,Out for Delivery,96.51,Credit Card,2026-07-01,
523,836,2026-06-17 12:08:00,Delivered,85.25,PayPal,2026-06-24,2026-06-25
524,306,2026-06-05 16:15:00,Delivered,107.68,Apple Pay,2026-06-11,2026-06-09
525,836,2026-06-05 18:43:00,Delivered,7.64,Credit Card,2026-06-11,2026-06-11
526,102,2026-03-03 17:48:00,Delivered,174.52,Apple Pay,2026-03-12,2026-03-11
527,835,2026-03-06 13:10:00,Delivered,163.19,Debit Card,2026-03-13,2026-03-13
528,141,2025-08-12 18:12:00,Delivered,212.0,PayPal,2025-08-17,2025-08-15
529,82,2025-07-19 20:08:00,Delivered,163.48,Credit Card,2025-07-27,2025-07-27
530,595,2026-04-05 10:02:00,Delivered,15.88,Credit Card,2026-04-08,2026-04-09
531,442,2024-09-06 09:39:00,Delivered,172.56,Debit Card,2024-09-16,2024-09-16
532,902,2026-03-03 09:31:00,Delayed,89.27,PayPal,2026-03-10,2026-03-18
533,343,2026-05-07 12:06:00,Delivered,40.2,Credit Card,2026-05-13,2026-05-14
534,258,2025-06-30 12:15:00,Delivered,571.46,PayPal,2025-07-07,2025-07-05
535,470,2026-05-02 09:18:00,Delivered,154.77,Debit Card,2026-05-12,2026-05-13
536,415,2026-03-21 10:06:00,Delivered,37.21,PayPal,2026-03-31,2026-04-01
537,325,2026-06-19 11:47:00,Delivered,72.09,Credit Card,2026-06-22,2026-06-22
538,671,2026-05-09 13:40:00,Delivered,71.94,Credit Card,2026-05-16,2026-05-16
539,755,2025-06-13 19:35:00,Delivered,135.65,PayPal,2025-06-20,2025-06-19
540,848,2026-01-24 08:34:00,Delivered,309.25,Debit Card,2026-02-02,2026-02-03
541,968,2026-04-21 14:00:00,Delivered,312.89,PayPal,2026-04-29,2026-04-28
542,243,2026-06-28 10:45:00,Processing,520.62,PayPal,2026-07-07,
543,691,2025-01-19 12:20:00,Delivered,21.7,PayPal,2025-01-27,2025-01-28
544,367,2023-11-09 15:03:00,Delivered,279.7,PayPal,2023-11-14,2023-11-12
545,647,2025-10-14 20:58:00,Delayed,260.8,Credit Card,2025-10-17,2025-10-20
546,448,2023-07-09 20:33:00,Delivered,81.27,PayPal,2023-07-19,2023-07-20
547,991,2026-05-07 12:07:00,Cancelled,437.32,Credit Card,2026-05-11,
548,712,2025-09-18 09:21:00,Delivered,477.93,PayPal,2025-09-21,2025-09-22
549,943,2025-07-22 19:19:00,Cancelled,166.36,Credit Card,2025-07-31,
550,833,2026-06-01 10:32:00,Delivered,267.29,Apple Pay,2026-06-09,2026-06-10
551,895,2025-11-26 14:07:00,Delivered,606.07,Credit Card,2025-12-02,2025-11-30
552,808,2025-09-03 15:06:00,Delivered,488.21,Debit Card,2025-09-06,2025-09-04
553,415,2026-02-14 15:33:00,Delivered,143.32,Debit Card,2026-02-22,2026-02-23
554,231,2025-05-11 19:44:00,Delivered,118.34,Credit Card,2025-05-15,2025-05-13
555,352,2026-01-30 09:29:00,Delivered,190.15,Apple Pay,2026-02-07,2026-02-06
556,21,2026-01-08 09:07:00,Delivered,128.17,PayPal,2026-01-13,2026-01-11
557,490,2026-04-01 15:05:00,Delivered,153.38,Debit Card,2026-04-08,2026-04-06
558,476,2025-10-13 18:22:00,Delivered,241.02,Credit Card,2025-10-21,2025-10-22
559,490,2025-11-06 20:18:00,Cancelled,203.03,PayPal,2025-11-15,
560,972,2026-06-28 08:57:00,Processing,255.96,Credit Card,2026-07-07,
561,905,2025-11-20 11:43:00,Delivered,405.72,Debit Card,2025-11-28,2025-11-26
562,157,2026-05-30 16:27:00,Delivered,418.24,Credit Card,2026-06-09,2026-06-07
563,352,2025-11-14 18:37:00,Delivered,254.38,Credit Card,2025-11-21,2025-11-22
564,393,2025-06-30 17:38:00,Delivered,157.14,Credit Card,2025-07-03,2025-07-04
565,342,2026-02-26 16:27:00,Delivered,67.98,Credit Card,2026-03-01,2026-02-28
566,797,2026-06-04 18:44:00,Delivered,9.21,PayPal,2026-06-10,2026-06-11
567,490,2026-02-05 12:46:00,Delivered,94.7,Credit Card,2026-02-11,2026-02-12
568,519,2025-08-05 11:19:00,Delivered,161.48,Debit Card,2025-08-13,2025-08-12
569,848,2026-06-13 20:31:00,Cancelled,354.68,PayPal,2026-06-17,
570,798,2024-11-16 14:43:00,Delivered,95.69,Debit Card,2024-11-25,2024-11-24
571,117,2026-06-10 14:09:00,Delivered,352.08,Credit Card,2026-06-20,2026-06-21
572,687,2026-02-17 19:19:00,Delivered,774.03,Credit Card,2026-02-27,2026-02-26
573,404,2025-10-24 14:01:00,Delivered,312.65,PayPal,2025-10-29,2025-10-28
574,268,2026-06-19 12:13:00,Delivered,395.89,Credit Card,2026-06-28,2026-06-29
575,47,2026-04-25 16:01:00,Delivered,84.5,Debit Card,2026-04-30,2026-05-01
576,454,2026-02-26 08:01:00,Delivered,90.04,Debit Card,2026-03-01,2026-03-02
577,337,2024-10-20 11:38:00,Delivered,341.7,Credit Card,2024-10-25,2024-10-24
578,230,2025-09-19 19:43:00,Delivered,81.53,Credit Card,2025-09-24,2025-09-24
579,671,2026-06-27 08:15:00,Shipped,218.4,Credit Card,2026-07-06,
580,765,2026-03-26 11:43:00,Delivered,311.24,Credit Card,2026-04-03,2026-04-02
581,229,2026-06-23 18:57:00,Out for Delivery,310.9,Credit Card,2026-06-26,
582,46,2026-04-15 20:58:00,Delivered,111.14,Credit Card,2026-04-24,2026-04-22
583,841,2026-04-02 17:34:00,Delivered,104.7,Credit Card,2026-04-10,2026-04-08
584,9,2025-11-20 08:53:00,Delivered,390.4,PayPal,2025-11-24,2025-11-25
585,928,2025-08-10 18:27:00,Delivered,95.68,PayPal,2025-08-16,2025-08-17
586,575,2025-02-01 19:26:00,Delivered,84.36,Credit Card,2025-02-06,2025-02-04
587,306,2025-05-19 18:07:00,Cancelled,229.04,Credit Card,2025-05-29,
588,229,2026-06-23 12:52:00,Delivered,447.24,Credit Card,2026-06-26,2026-06-25
589,9,2025-08-03 17:33:00,Delivered,232.56,Credit Card,2025-08-10,2025-08-10
590,221,2025-11-22 18:27:00,Delivered,62.28,PayPal,2025-11-25,2025-11-25
591,120,2025-07-14 20:25:00,Delivered,72.88,PayPal,2025-07-19,2025-07-20
592,568,2026-06-28 15:40:00,Shipped,38.65,Credit Card,2026-07-02,
593,160,2026-05-29 10:51:00,Delivered,86.86,Credit Card,2026-06-03,2026-06-04
594,494,2026-05-05 14:33:00,Delayed,127.27,Credit Card,2026-05-13,2026-05-18
595,542,2025-07-22 09:57:00,Delivered,82.26,Credit Card,2025-07-28,2025-07-28
596,273,2025-09-11 12:15:00,Delivered,207.48,Credit Card,2025-09-14,2025-09-15
597,34,2025-11-22 11:42:00,Delivered,159.68,Credit Card,2025-11-26,2025-11-26
598,35,2026-05-30 10:21:00,Delivered,203.69,Debit Card,2026-06-06,2026-06-06
599,29,2026-04-09 15:46:00,Delivered,195.38,Credit Card,2026-04-14,2026-04-14
600,728,2025-11-18 08:23:00,Returned,65.13,Credit Card,2025-11-21,2025-11-22
601,304,2026-06-21 15:23:00,Shipped,197.23,Credit Card,2026-06-29,
602,797,2026-04-01 09:58:00,Delivered,372.95,Credit Card,2026-04-05,2026-04-05
603,399,2026-05-08 17:20:00,Delivered,415.3,Credit Card,2026-05-11,2026-05-10
604,415,2026-03-09 14:31:00,Delivered,417.28,Debit Card,2026-03-15,2026-03-15
605,486,2025-08-23 14:54:00,Delivered,290.75,Credit Card,2025-08-26,2025-08-25
606,687,2025-04-20 14:14:00,Delivered,173.45,Bank Transfer,2025-04-28,2025-04-26
607,249,2026-04-06 18:29:00,Refunded,111.91,Credit Card,2026-04-15,2026-04-14
608,113,2026-06-26 11:20:00,Shipped,52.4,Credit Card,2026-07-05,
609,509,2025-08-19 13:17:00,Delivered,361.53,PayPal,2025-08-28,2025-08-27
610,306,2025-08-04 19:06:00,Delivered,57.16,Debit Card,2025-08-07,2025-08-08
611,409,2026-03-20 14:11:00,Delivered,451.03,Debit Card,2026-03-26,2026-03-25
612,599,2026-02-25 08:52:00,Delivered,193.69,PayPal,2026-03-07,2026-03-07
613,462,2025-09-15 08:54:00,Delivered,73.82,PayPal,2025-09-18,2025-09-18
614,571,2025-10-15 11:14:00,Delivered,261.25,Debit Card,2025-10-25,2025-10-25
615,500,2025-07-18 12:14:00,Delivered,120.66,Credit Card,2025-07-25,2025-07-23
616,729,2026-06-20 14:05:00,Delivered,276.62,PayPal,2026-06-27,2026-06-26
617,676,2025-11-23 19:23:00,Delivered,152.93,Credit Card,2025-11-27,2025-11-27
618,499,2026-04-20 19:18:00,Delivered,486.95,Apple Pay,2026-04-29,2026-04-30
619,649,2026-05-09 20:03:00,Delivered,850.82,Credit Card,2026-05-16,2026-05-16
620,864,2026-03-28 19:06:00,Delivered,41.56,Credit Card,2026-04-07,2026-04-08
621,400,2026-05-12 20:26:00,Delivered,27.03,Debit Card,2026-05-21,2026-05-22
622,382,2025-12-11 12:13:00,Cancelled,13.82,Credit Card,2025-12-18,
623,760,2026-05-01 10:24:00,Delivered,663.13,Credit Card,2026-05-09,2026-05-08
624,536,2023-04-08 20:28:00,Refunded,816.37,Credit Card,2023-04-17,2023-04-15
625,71,2026-01-14 08:11:00,Delivered,33.09,Credit Card,2026-01-18,2026-01-19
626,887,2026-03-18 13:20:00,Delivered,293.7,Debit Card,2026-03-21,2026-03-21
627,34,2025-10-25 20:37:00,Delivered,207.6,PayPal,2025-10-29,2025-10-28
628,740,2026-06-07 18:08:00,Delivered,201.97,Credit Card,2026-06-14,2026-06-12
629,754,2026-01-28 20:09:00,Delivered,40.29,Debit Card,2026-02-03,2026-02-04
630,943,2026-03-12 08:57:00,Delivered,43.56,Credit Card,2026-03-17,2026-03-17
631,53,2025-10-08 11:10:00,Delivered,106.21,Credit Card,2025-10-16,2025-10-17
632,551,2026-06-02 20:48:00,Delivered,340.88,Credit Card,2026-06-05,2026-06-06
633,396,2026-05-26 11:36:00,Delivered,129.78,Apple Pay,2026-06-05,2026-06-04
634,308,2025-03-02 17:40:00,Delivered,312.32,Credit Card,2025-03-06,2025-03-06
635,92,2025-04-01 14:42:00,Delivered,173.86,Google Pay,2025-04-04,2025-04-04
636,511,2025-08-24 10:07:00,Delivered,475.08,Debit Card,2025-09-02,2025-08-31
637,450,2026-06-29 08:22:00,Placed,7.65,Credit Card,2026-07-03,
638,103,2026-03-14 11:43:00,Delivered,93.41,PayPal,2026-03-21,2026-03-21
639,568,2026-06-04 12:23:00,Delivered,144.7,PayPal,2026-06-14,2026-06-13
640,727,2025-09-08 13:30:00,Delivered,43.74,PayPal,2025-09-16,2025-09-15
641,763,2026-05-22 20:27:00,Delivered,74.41,Credit Card,2026-05-28,2026-05-28
642,896,2026-02-03 18:01:00,Delivered,146.79,Debit Card,2026-02-08,2026-02-08
643,379,2026-06-23 18:31:00,Out for Delivery,71.34,Credit Card,2026-07-03,
644,943,2026-03-30 10:58:00,Delivered,319.2,Credit Card,2026-04-09,2026-04-07
645,857,2026-02-17 17:21:00,Delivered,385.57,Debit Card,2026-02-21,2026-02-22
646,270,2026-01-17 14:08:00,Cancelled,349.03,PayPal,2026-01-22,
647,155,2025-09-24 20:39:00,Delivered,554.43,Credit Card,2025-10-01,2025-09-29
648,404,2024-09-06 09:08:00,Delivered,250.2,Apple Pay,2024-09-10,2024-09-10
649,369,2025-07-23 15:40:00,Delivered,307.3,Credit Card,2025-08-01,2025-08-02
650,530,2026-06-23 09:13:00,Shipped,245.32,Bank Transfer,2026-06-26,
651,537,2025-03-29 08:24:00,Delivered,119.41,Debit Card,2025-04-06,2025-04-06
652,741,2024-10-04 18:37:00,Delivered,381.23,PayPal,2024-10-09,2024-10-08
653,480,2026-06-18 14:34:00,Delivered,95.52,PayPal,2026-06-21,2026-06-20
654,103,2025-12-08 11:43:00,Delivered,203.49,Credit Card,2025-12-17,2025-12-18
655,848,2026-03-25 10:19:00,Delivered,568.99,Credit Card,2026-04-04,2026-04-02
656,290,2026-03-09 20:28:00,Returned,335.53,Credit Card,2026-03-15,2026-03-15
657,964,2026-01-02 09:50:00,Delivered,407.68,PayPal,2026-01-10,2026-01-09
658,108,2025-08-17 16:34:00,Delivered,257.24,Debit Card,2025-08-26,2025-08-26
659,949,2026-01-19 10:34:00,Delivered,92.41,Credit Card,2026-01-29,2026-01-27
660,92,2026-06-03 13:48:00,Delivered,648.52,Apple Pay,2026-06-11,2026-06-09
661,213,2025-09-08 17:41:00,Delivered,82.81,Google Pay,2025-09-14,2025-09-14
662,43,2025-11-10 12:02:00,Delivered,269.97,PayPal,2025-11-16,2025-11-14
663,675,2025-09-04 11:43:00,Delivered,49.8,Apple Pay,2025-09-12,2025-09-12
664,847,2025-08-29 19:26:00,Delivered,61.95,Credit Card,2025-09-02,2025-08-31
665,402,2026-03-10 20:35:00,Delivered,334.27,Credit Card,2026-03-19,2026-03-17
666,922,2024-12-15 14:33:00,Delivered,6.83,Credit Card,2024-12-18,2024-12-18
667,542,2026-03-17 15:03:00,Delivered,14.66,Debit Card,2026-03-24,2026-03-24
668,575,2025-06-02 19:10:00,Delivered,33.48,Debit Card,2025-06-08,2025-06-09
669,840,2025-01-05 12:39:00,Cancelled,56.47,Google Pay,2025-01-12,
670,270,2026-05-28 11:21:00,Delayed,312.87,Credit Card,2026-06-04,2026-06-08
671,337,2025-07-01 13:11:00,Delivered,743.47,Apple Pay,2025-07-07,2025-07-08
672,899,2026-04-22 18:39:00,Delivered,161.19,PayPal,2026-04-26,2026-04-24
673,895,2026-06-14 17:19:00,Delivered,276.54,Debit Card,2026-06-23,2026-06-23
674,972,2026-02-02 19:16:00,Delivered,350.18,Google Pay,2026-02-09,2026-02-09
675,895,2025-11-21 18:42:00,Returned,255.36,Credit Card,2025-11-25,2025-11-25
676,114,2025-06-03 20:08:00,Delivered,50.54,Debit Card,2025-06-10,2025-06-11
677,818,2025-11-11 15:53:00,Delivered,151.16,Credit Card,2025-11-15,2025-11-16
678,379,2026-06-27 15:58:00,Shipped,17.3,Debit Card,2026-07-02,
679,987,2025-01-23 19:57:00,Delivered,465.36,Credit Card,2025-02-02,2025-02-01
680,442,2025-10-29 08:12:00,Delivered,92.66,PayPal,2025-11-03,2025-11-01
681,508,2025-12-15 17:43:00,Delivered,93.68,Google Pay,2025-12-24,2025-12-24
682,497,2026-05-20 19:02:00,Delivered,52.89,PayPal,2026-05-25,2026-05-23
683,306,2026-03-30 20:33:00,Delivered,281.59,Bank Transfer,2026-04-04,2026-04-04
684,74,2025-08-05 17:35:00,Delivered,346.24,Credit Card,2025-08-12,2025-08-13
685,892,2026-05-07 17:04:00,Delivered,253.69,Credit Card,2026-05-16,2026-05-15
686,797,2026-04-19 17:04:00,Delivered,93.48,Gift Card,2026-04-26,2026-04-25
687,123,2026-01-27 18:11:00,Delivered,62.02,Credit Card,2026-01-31,2026-01-30
688,770,2025-10-30 14:05:00,Delivered,486.65,Apple Pay,2025-11-09,2025-11-10
689,575,2023-11-01 17:09:00,Delivered,542.91,Credit Card,2023-11-11,2023-11-11
690,379,2026-06-22 17:12:00,Shipped,315.58,PayPal,2026-06-29,
691,232,2026-04-04 16:57:00,Delivered,219.28,Credit Card,2026-04-13,2026-04-13
692,848,2026-05-17 11:28:00,Cancelled,95.36,PayPal,2026-05-24,
693,672,2025-12-18 14:16:00,Delivered,369.84,Credit Card,2025-12-27,2025-12-28
694,503,2025-12-28 13:05:00,Cancelled,66.62,Credit Card,2026-01-02,
695,564,2026-05-10 11:57:00,Delayed,93.92,Credit Card,2026-05-20,2026-05-24
696,92,2026-03-05 18:25:00,Delivered,198.06,Credit Card,2026-03-15,2026-03-15
697,442,2026-04-11 17:21:00,Delivered,169.46,Credit Card,2026-04-18,2026-04-17
698,189,2026-05-19 19:34:00,Delivered,206.37,Credit Card,2026-05-27,2026-05-26
699,197,2026-03-09 11:19:00,Delivered,39.55,Credit Card,2026-03-17,2026-03-16
700,616,2026-03-11 10:49:00,Delivered,258.97,Apple Pay,2026-03-21,2026-03-22
701,905,2026-01-31 20:55:00,Delivered,265.57,Google Pay,2026-02-07,2026-02-05
702,373,2023-02-20 08:38:00,Delivered,93.88,Debit Card,2023-02-24,2023-02-23
703,197,2026-04-06 10:35:00,Delivered,15.82,Debit Card,2026-04-14,2026-04-15
704,603,2024-06-06 13:58:00,Delivered,158.31,Debit Card,2024-06-12,2024-06-12
705,859,2026-03-13 12:24:00,Delayed,1073.34,Google Pay,2026-03-20,2026-03-26
706,740,2026-01-29 14:47:00,Delivered,23.03,Credit Card,2026-02-01,2026-02-02
707,859,2025-03-20 15:14:00,Delivered,180.69,Credit Card,2025-03-27,2025-03-27
708,499,2025-04-26 09:06:00,Delivered,101.15,Credit Card,2025-05-06,2025-05-04
709,744,2025-03-02 14:18:00,Delivered,27.01,Credit Card,2025-03-10,2025-03-08
710,126,2026-01-22 11:20:00,Delivered,135.91,Debit Card,2026-01-31,2026-01-30
711,331,2025-12-31 10:50:00,Delivered,344.17,PayPal,2026-01-04,2026-01-04
712,366,2026-04-26 13:33:00,Delivered,215.69,Credit Card,2026-05-01,2026-04-29
713,483,2026-04-09 18:09:00,Delivered,52.56,Debit Card,2026-04-17,2026-04-18
714,922,2025-03-23 11:36:00,Delivered,92.98,Credit Card,2025-03-30,2025-03-31
715,865,2025-06-10 12:49:00,Delivered,427.58,Gift Card,2025-06-17,2025-06-18
716,119,2025-12-30 13:14:00,Delivered,80.29,Apple Pay,2026-01-08,2026-01-08
717,166,2026-06-29 14:52:00,Processing,307.29,PayPal,2026-07-07,
718,338,2024-12-30 20:40:00,Delivered,55.54,Debit Card,2025-01-02,2025-01-01
719,264,2026-02-21 19:58:00,Delivered,312.37,Apple Pay,2026-02-24,2026-02-22
720,570,2026-05-11 10:04:00,Delivered,89.08,Credit Card,2026-05-19,2026-05-17
721,895,2026-06-15 18:56:00,Delivered,50.28,Google Pay,2026-06-21,2026-06-21
722,954,2026-06-09 18:42:00,Delivered,81.44,PayPal,2026-06-16,2026-06-16
723,612,2026-05-30 13:15:00,Delivered,610.27,Credit Card,2026-06-03,2026-06-04
724,836,2026-06-29 20:45:00,Processing,111.78,Google Pay,2026-07-02,
725,490,2026-04-25 19:02:00,Delivered,53.83,PayPal,2026-04-30,2026-05-01
726,197,2025-03-20 10:07:00,Delivered,67.38,Debit Card,2025-03-27,2025-03-28
727,490,2025-02-27 20:23:00,Delivered,491.55,Credit Card,2025-03-05,2025-03-05
728,509,2024-03-03 09:15:00,Delivered,71.96,Credit Card,2024-03-13,2024-03-11
729,735,2023-10-14 16:22:00,Delivered,72.56,Credit Card,2023-10-18,2023-10-18
730,204,2025-08-16 13:48:00,Cancelled,194.18,PayPal,2025-08-23,
731,351,2026-05-27 17:47:00,Delivered,115.69,Credit Card,2026-05-31,2026-06-01
732,345,2026-01-30 18:25:00,Delivered,45.77,Credit Card,2026-02-05,2026-02-03
733,952,2023-10-01 15:07:00,Refunded,33.28,Apple Pay,2023-10-07,2023-10-05
734,409,2026-01-06 16:53:00,Delivered,238.05,PayPal,2026-01-11,2026-01-11
735,749,2024-11-14 17:18:00,Delivered,30.03,Apple Pay,2024-11-23,2024-11-24
736,743,2026-06-21 09:26:00,Delivered,46.5,PayPal,2026-06-27,2026-06-26
737,243,2026-05-16 19:25:00,Delivered,7.21,Google Pay,2026-05-26,2026-05-24
738,519,2026-02-13 19:51:00,Delivered,99.01,Credit Card,2026-02-18,2026-02-17
739,892,2026-05-25 10:20:00,Delivered,542.38,PayPal,2026-06-02,2026-05-31
740,444,2026-06-14 09:18:00,Delivered,328.48,PayPal,2026-06-17,2026-06-17
741,934,2025-09-03 11:19:00,Delivered,1129.68,PayPal,2025-09-11,2025-09-09
742,199,2026-02-28 10:06:00,Delivered,274.17,PayPal,2026-03-10,2026-03-09
743,72,2026-06-13 18:34:00,Delivered,365.01,Credit Card,2026-06-21,2026-06-20
744,886,2026-03-28 08:50:00,Delivered,140.71,Debit Card,2026-04-06,2026-04-04
745,840,2026-06-06 17:33:00,Delivered,296.02,Google Pay,2026-06-12,2026-06-12
746,988,2025-05-25 13:33:00,Delivered,66.7,Apple Pay,2025-06-04,2025-06-05
747,650,2025-10-19 16:24:00,Delivered,92.07,Credit Card,2025-10-27,2025-10-27
748,928,2026-03-11 10:24:00,Delivered,184.42,PayPal,2026-03-16,2026-03-14
749,825,2026-02-22 18:04:00,Delivered,285.56,Credit Card,2026-03-02,2026-02-28
750,839,2026-02-06 17:24:00,Delivered,345.35,Credit Card,2026-02-15,2026-02-15
751,519,2026-01-02 19:48:00,Delivered,137.24,Google Pay,2026-01-06,2026-01-06
752,362,2025-05-31 17:33:00,Delivered,245.14,Debit Card,2025-06-09,2025-06-10
753,925,2026-02-10 20:32:00,Delivered,110.54,PayPal,2026-02-17,2026-02-17
754,399,2026-05-12 16:18:00,Delivered,193.12,Credit Card,2026-05-16,2026-05-14
755,499,2025-09-04 18:10:00,Delivered,315.94,PayPal,2025-09-10,2025-09-10
756,409,2023-03-22 10:29:00,Delayed,68.95,Credit Card,2023-03-25,2023-04-04
757,512,2026-04-18 13:36:00,Delivered,392.09,Debit Card,2026-04-22,2026-04-23
758,438,2025-04-03 18:21:00,Delivered,365.77,PayPal,2025-04-07,2025-04-05
759,44,2026-06-15 08:08:00,Delivered,44.49,Apple Pay,2026-06-24,2026-06-24
760,873,2026-05-05 10:54:00,Delivered,286.96,Gift Card,2026-05-14,2026-05-15
761,409,2024-09-17 17:02:00,Delivered,74.48,Debit Card,2024-09-20,2024-09-21
762,541,2025-08-20 18:31:00,Delivered,126.2,Google Pay,2025-08-23,2025-08-23
763,123,2026-05-30 19:16:00,Delivered,926.85,Debit Card,2026-06-04,2026-06-05
764,4,2026-04-23 08:14:00,Delivered,317.38,Credit Card,2026-04-29,2026-04-30
765,229,2026-06-05 11:50:00,Delivered,215.34,PayPal,2026-06-13,2026-06-13
766,675,2026-05-06 08:31:00,Refunded,201.39,Credit Card,2026-05-16,2026-05-14
767,100,2026-06-21 09:51:00,Delivered,56.51,Credit Card,2026-06-30,2026-06-30
768,902,2025-02-23 18:35:00,Delivered,227.41,Credit Card,2025-03-05,2025-03-03
769,199,2025-10-18 18:19:00,Delivered,36.43,Credit Card,2025-10-21,2025-10-19
770,193,2026-04-01 14:49:00,Delayed,170.29,Google Pay,2026-04-04,2026-04-09
771,183,2025-06-23 13:48:00,Delivered,374.33,PayPal,2025-06-27,2025-06-26
772,13,2026-06-18 12:49:00,Delivered,937.4,Apple Pay,2026-06-26,2026-06-24
773,768,2024-03-11 19:15:00,Delivered,50.76,PayPal,2024-03-18,2024-03-19
774,866,2026-01-28 19:19:00,Delivered,216.35,Debit Card,2026-02-06,2026-02-06
775,569,2026-05-21 15:42:00,Delivered,150.29,Debit Card,2026-05-25,2026-05-26
776,187,2026-03-07 11:16:00,Cancelled,64.68,Credit Card,2026-03-12,
777,257,2025-11-30 16:24:00,Delivered,200.41,Debit Card,2025-12-04,2025-12-03
778,448,2025-08-03 12:17:00,Delivered,259.5,Apple Pay,2025-08-12,2025-08-12
779,945,2026-06-29 12:47:00,Placed,550.11,Google Pay,2026-07-02,
780,229,2026-06-27 13:03:00,Shipped,51.27,Debit Card,2026-07-06,
781,718,2023-01-24 18:04:00,Delivered,54.61,Credit Card,2023-01-31,2023-02-01
782,408,2026-05-28 15:23:00,Delivered,172.38,Google Pay,2026-06-07,2026-06-07
783,273,2024-08-14 11:19:00,Delivered,441.66,PayPal,2024-08-23,2024-08-22
784,415,2026-06-29 12:26:00,Placed,77.22,Apple Pay,2026-07-09,
785,71,2026-03-08 11:21:00,Delivered,564.36,Google Pay,2026-03-12,2026-03-12
786,797,2026-01-05 08:20:00,Delivered,80.16,Apple Pay,2026-01-15,2026-01-14
787,228,2026-05-29 18:36:00,Delivered,113.91,Google Pay,2026-06-02,2026-06-01
788,708,2025-11-12 13:54:00,Delivered,236.57,Credit Card,2025-11-22,2025-11-21
789,69,2026-06-21 16:12:00,Delivered,163.11,Apple Pay,2026-06-29,2026-06-28
790,946,2025-02-24 18:35:00,Delivered,86.28,Debit Card,2025-03-06,2025-03-06
791,189,2026-06-28 19:24:00,Shipped,132.7,Credit Card,2026-07-06,
792,874,2025-06-08 12:18:00,Delivered,53.96,Credit Card,2025-06-17,2025-06-15
793,804,2026-04-21 11:14:00,Delayed,368.28,Credit Card,2026-04-25,2026-05-05
794,957,2026-06-14 11:54:00,Delayed,171.0,Debit Card,2026-06-21,2026-06-24
795,449,2026-04-27 14:52:00,Cancelled,155.46,Credit Card,2026-05-07,
796,709,2024-02-16 14:08:00,Delivered,22.44,Credit Card,2024-02-24,2024-02-22
797,352,2026-02-13 15:11:00,Delivered,89.84,Credit Card,2026-02-20,2026-02-20
798,184,2025-08-12 18:18:00,Delivered,522.58,PayPal,2025-08-18,2025-08-17
799,409,2026-01-13 08:35:00,Delivered,14.11,Debit Card,2026-01-17,2026-01-15
800,160,2025-11-10 13:42:00,Delivered,130.81,Credit Card,2025-11-14,2025-11-12
801,977,2025-02-18 16:35:00,Delivered,152.43,Apple Pay,2025-02-22,2025-02-22
802,96,2025-12-24 11:45:00,Delivered,452.62,PayPal,2026-01-02,2026-01-02
803,541,2024-01-16 10:24:00,Delivered,111.5,Credit Card,2024-01-19,2024-01-19
804,575,2024-08-23 16:03:00,Returned,415.75,Debit Card,2024-08-26,2024-08-27
805,499,2025-02-25 19:33:00,Delivered,150.46,Debit Card,2025-03-01,2025-03-02
806,616,2025-06-26 13:40:00,Delivered,329.39,Credit Card,2025-06-29,2025-06-29
807,107,2025-12-07 15:40:00,Delivered,202.11,Credit Card,2025-12-12,2025-12-13
808,509,2026-01-15 08:35:00,Cancelled,80.32,Credit Card,2026-01-24,
809,258,2023-01-23 09:40:00,Delivered,62.36,PayPal,2023-01-31,2023-02-01
810,930,2023-08-17 08:28:00,Delivered,174.05,PayPal,2023-08-26,2023-08-25
811,759,2025-10-22 19:24:00,Delivered,58.32,Credit Card,2025-10-30,2025-10-31
812,968,2026-02-14 16:11:00,Delivered,147.32,Credit Card,2026-02-21,2026-02-21
813,35,2024-03-14 18:53:00,Delivered,108.85,Credit Card,2024-03-17,2024-03-15
814,257,2025-01-10 18:05:00,Delivered,163.51,PayPal,2025-01-16,2025-01-17
815,191,2026-05-23 09:26:00,Delivered,49.9,Credit Card,2026-05-27,2026-05-27
816,11,2026-04-22 15:51:00,Delivered,53.45,Apple Pay,2026-04-26,2026-04-26
817,228,2026-06-23 08:19:00,Delivered,80.66,Credit Card,2026-07-01,2026-06-30
818,649,2025-09-29 18:27:00,Delivered,122.59,PayPal,2025-10-06,2025-10-06
819,213,2026-05-06 14:57:00,Delivered,118.53,PayPal,2026-05-14,2026-05-15
820,479,2024-07-15 16:10:00,Delivered,569.26,Credit Card,2024-07-25,2024-07-26
821,883,2025-12-07 15:27:00,Delivered,147.9,PayPal,2025-12-16,2025-12-16
822,671,2025-12-12 16:09:00,Delivered,45.86,PayPal,2025-12-15,2025-12-16
823,367,2026-05-07 12:46:00,Delivered,219.93,Credit Card,2026-05-15,2026-05-14
824,353,2023-11-16 10:02:00,Delivered,122.84,Credit Card,2023-11-23,2023-11-21
825,415,2026-06-03 14:30:00,Delivered,187.15,Bank Transfer,2026-06-13,2026-06-12
826,179,2026-06-01 08:35:00,Delivered,179.85,Debit Card,2026-06-09,2026-06-08
827,581,2026-01-10 20:00:00,Delivered,66.36,Debit Card,2026-01-18,2026-01-16
828,347,2025-07-23 08:43:00,Delivered,69.59,Apple Pay,2025-08-02,2025-08-02
829,848,2026-06-28 19:48:00,Processing,106.25,Credit Card,2026-07-05,
830,751,2026-06-06 10:34:00,Cancelled,59.72,Credit Card,2026-06-12,
831,565,2025-10-11 12:07:00,Refunded,402.94,Debit Card,2025-10-20,2025-10-18
832,347,2024-11-26 12:02:00,Delivered,218.59,Credit Card,2024-11-30,2024-12-01
833,197,2025-10-10 11:53:00,Delivered,57.37,Debit Card,2025-10-14,2025-10-13
834,770,2026-06-21 14:45:00,Shipped,33.0,Credit Card,2026-06-30,
835,454,2025-11-18 18:55:00,Delivered,146.05,Debit Card,2025-11-28,2025-11-28
836,208,2025-07-10 08:16:00,Delivered,189.06,Apple Pay,2025-07-17,2025-07-15
837,191,2026-05-23 15:00:00,Delivered,285.65,PayPal,2026-05-31,2026-05-30
838,160,2026-04-27 14:12:00,Cancelled,102.67,Credit Card,2026-05-06,
839,770,2025-07-13 18:16:00,Delivered,606.99,Credit Card,2025-07-23,2025-07-21
840,212,2025-11-01 12:40:00,Delayed,879.81,Credit Card,2025-11-09,2025-11-16
841,491,2025-07-11 16:36:00,Cancelled,441.61,PayPal,2025-07-20,
842,414,2026-06-16 10:15:00,Delivered,42.73,Google Pay,2026-06-25,2026-06-25
843,534,2026-02-01 19:40:00,Delivered,529.63,Credit Card,2026-02-11,2026-02-12
844,867,2026-05-22 09:51:00,Delayed,409.62,Debit Card,2026-05-30,2026-06-02
845,859,2026-01-17 08:19:00,Cancelled,336.36,Credit Card,2026-01-24,
846,414,2026-06-25 10:25:00,Delivered,533.39,Credit Card,2026-06-28,2026-06-29
847,15,2026-06-21 08:10:00,Shipped,252.62,Credit Card,2026-06-24,
848,396,2026-06-25 10:29:00,Delivered,931.55,Debit Card,2026-07-05,2026-06-30
849,560,2026-05-09 16:25:00,Delivered,130.49,Bank Transfer,2026-05-17,2026-05-17
850,509,2026-06-21 14:36:00,Delivered,268.55,Debit Card,2026-06-28,2026-06-27
851,609,2023-09-14 19:23:00,Delivered,384.0,Credit Card,2023-09-24,2023-09-23
852,142,2026-06-27 16:42:00,Processing,183.48,PayPal,2026-07-05,
853,598,2025-07-18 13:34:00,Delivered,49.11,Debit Card,2025-07-28,2025-07-26
854,183,2025-07-27 08:05:00,Delivered,7.76,PayPal,2025-07-31,2025-08-01
855,743,2026-06-14 09:57:00,Delivered,158.05,Gift Card,2026-06-17,2026-06-16
856,316,2025-07-05 18:09:00,Delivered,200.81,Credit Card,2025-07-10,2025-07-08
857,684,2025-05-01 17:24:00,Delivered,238.7,Credit Card,2025-05-10,2025-05-11
858,44,2026-06-25 12:42:00,Delivered,213.46,Debit Card,2026-07-02,2026-06-30
859,377,2026-01-24 09:22:00,Delivered,320.59,Apple Pay,2026-02-03,2026-02-01
860,675,2026-01-10 18:12:00,Cancelled,21.4,Debit Card,2026-01-15,
861,211,2026-04-14 10:17:00,Delivered,38.26,Credit Card,2026-04-22,2026-04-23
862,796,2026-04-29 17:30:00,Delivered,70.96,PayPal,2026-05-05,2026-05-03
863,577,2026-02-12 12:49:00,Delivered,87.01,Credit Card,2026-02-17,2026-02-18
864,541,2023-09-01 10:45:00,Delivered,6.91,Debit Card,2023-09-11,2023-09-09
865,337,2025-02-21 20:01:00,Delivered,173.82,Debit Card,2025-03-02,2025-03-01
866,453,2026-01-27 15:56:00,Delivered,18.17,Credit Card,2026-02-01,2026-01-30
867,551,2026-02-13 15:34:00,Delivered,109.27,Credit Card,2026-02-20,2026-02-18
868,442,2025-01-01 11:02:00,Delivered,295.17,Credit Card,2025-01-07,2025-01-06
869,672,2026-05-22 19:46:00,Delivered,272.63,Credit Card,2026-05-25,2026-05-23
870,401,2025-01-24 19:27:00,Delivered,189.45,Credit Card,2025-01-31,2025-01-30
871,193,2026-06-26 18:03:00,Shipped,62.9,Credit Card,2026-07-02,
872,199,2024-05-14 13:36:00,Returned,194.09,Debit Card,2024-05-21,2024-05-21
873,6,2026-03-28 10:00:00,Refunded,260.63,Credit Card,2026-04-03,2026-04-01
874,277,2025-11-11 09:02:00,Delivered,476.49,Credit Card,2025-11-14,2025-11-14
875,740,2025-10-19 11:10:00,Delivered,110.36,Credit Card,2025-10-28,2025-10-27
876,794,2026-03-03 14:49:00,Delivered,429.7,Credit Card,2026-03-09,2026-03-10
877,193,2025-12-08 08:29:00,Delivered,93.98,Credit Card,2025-12-17,2025-12-15
878,950,2026-01-30 18:39:00,Delivered,266.13,Credit Card,2026-02-02,2026-02-03
879,473,2026-05-20 15:22:00,Delivered,344.34,Credit Card,2026-05-26,2026-05-25
880,912,2025-12-27 10:09:00,Delivered,22.59,Google Pay,2026-01-03,2026-01-02
881,680,2025-10-24 17:41:00,Delivered,106.43,Credit Card,2025-10-27,2025-10-27
882,701,2024-11-07 13:57:00,Delayed,145.88,Credit Card,2024-11-17,2024-11-26
883,86,2026-04-21 15:03:00,Delivered,137.39,Credit Card,2026-04-28,2026-04-28
884,204,2026-01-27 10:02:00,Delivered,100.25,Apple Pay,2026-01-30,2026-01-31
885,9,2025-12-12 20:20:00,Delivered,151.66,Google Pay,2025-12-21,2025-12-21
886,691,2024-07-28 13:14:00,Delivered,746.28,PayPal,2024-08-04,2024-08-02
887,325,2025-01-09 12:15:00,Delivered,199.82,Apple Pay,2025-01-18,2025-01-18
888,786,2026-05-05 14:14:00,Delivered,296.94,PayPal,2026-05-09,2026-05-07
889,316,2025-02-12 12:13:00,Delivered,345.4,Apple Pay,2025-02-22,2025-02-21
890,814,2026-01-20 15:30:00,Delivered,163.31,Credit Card,2026-01-23,2026-01-23
891,116,2025-12-05 14:37:00,Delivered,289.64,Credit Card,2025-12-08,2025-12-08
892,168,2026-04-03 09:41:00,Delivered,252.86,Credit Card,2026-04-13,2026-04-12
893,317,2023-09-07 08:15:00,Delivered,353.56,Credit Card,2023-09-12,2023-09-13
894,378,2025-07-25 18:45:00,Delivered,122.96,Credit Card,2025-08-04,2025-08-04
895,332,2026-05-30 15:30:00,Delivered,246.75,PayPal,2026-06-04,2026-06-02
896,760,2025-08-10 11:07:00,Delivered,240.73,Credit Card,2025-08-20,2025-08-20
897,96,2025-11-18 19:28:00,Delivered,79.83,PayPal,2025-11-25,2025-11-26
898,335,2025-12-30 14:56:00,Delivered,572.69,Debit Card,2026-01-07,2026-01-05
899,835,2026-06-19 08:41:00,Returned,215.36,Credit Card,2026-06-29,2026-06-30
900,64,2026-05-06 08:32:00,Delivered,230.69,Credit Card,2026-05-10,2026-05-09
901,931,2026-02-25 13:53:00,Delivered,303.01,Credit Card,2026-03-05,2026-03-05
902,981,2025-07-31 12:14:00,Delivered,65.33,Debit Card,2025-08-10,2025-08-11
903,89,2025-11-07 20:01:00,Delivered,318.93,Credit Card,2025-11-13,2025-11-13
904,264,2024-09-03 20:09:00,Delivered,116.17,Credit Card,2024-09-06,2024-09-04
905,353,2024-10-25 14:38:00,Delivered,7.84,Apple Pay,2024-11-02,2024-11-03
906,770,2025-06-13 15:50:00,Delivered,34.88,Debit Card,2025-06-21,2025-06-21
907,548,2026-06-12 09:56:00,Delivered,306.36,Credit Card,2026-06-19,2026-06-20
908,596,2026-05-03 13:51:00,Refunded,342.85,Google Pay,2026-05-07,2026-05-05
909,754,2025-05-18 19:07:00,Delivered,87.47,Debit Card,2025-05-23,2025-05-24
910,108,2025-05-23 17:22:00,Delivered,178.46,PayPal,2025-05-26,2025-05-24
911,829,2026-05-13 10:08:00,Returned,633.41,Apple Pay,2026-05-20,2026-05-19
912,675,2024-08-19 15:50:00,Delayed,174.91,Apple Pay,2024-08-29,2024-09-03
913,531,2025-11-11 18:09:00,Delivered,197.15,PayPal,2025-11-18,2025-11-17
914,885,2026-03-07 12:29:00,Delivered,193.35,Debit Card,2026-03-15,2026-03-13
915,672,2026-02-22 12:12:00,Delivered,100.2,Google Pay,2026-02-25,2026-02-24
916,193,2025-07-12 14:50:00,Delivered,80.78,PayPal,2025-07-15,2025-07-16
917,396,2026-05-17 19:57:00,Delivered,475.5,Gift Card,2026-05-22,2026-05-21
918,462,2026-05-22 15:10:00,Refunded,512.51,Debit Card,2026-05-28,2026-05-26
919,53,2026-05-27 15:56:00,Delivered,194.41,PayPal,2026-05-31,2026-05-30
920,946,2025-02-13 11:25:00,Delayed,134.37,Credit Card,2025-02-17,2025-02-24
921,116,2025-10-25 09:29:00,Delivered,557.6,PayPal,2025-10-31,2025-10-29
922,672,2026-02-12 10:18:00,Delivered,280.01,Apple Pay,2026-02-15,2026-02-13
923,477,2024-10-06 09:45:00,Delivered,88.92,Debit Card,2024-10-14,2024-10-15
924,28,2026-03-04 16:47:00,Delayed,141.73,Debit Card,2026-03-10,2026-03-14
925,918,2026-02-17 15:58:00,Delivered,53.96,Debit Card,2026-02-21,2026-02-21
926,848,2026-02-10 18:52:00,Delivered,97.22,PayPal,2026-02-20,2026-02-19
927,490,2025-05-16 20:58:00,Delivered,581.9,Credit Card,2025-05-23,2025-05-23
928,212,2025-09-11 11:55:00,Delivered,87.87,Credit Card,2025-09-21,2025-09-21
929,113,2026-05-21 11:41:00,Delivered,371.54,Google Pay,2026-05-25,2026-05-25
930,344,2025-07-18 17:45:00,Delivered,53.37,Credit Card,2025-07-28,2025-07-26
931,233,2026-03-15 18:10:00,Delivered,63.9,Credit Card,2026-03-21,2026-03-19
932,477,2025-12-31 16:16:00,Delayed,256.3,Credit Card,2026-01-10,2026-01-13
933,956,2026-03-10 13:33:00,Cancelled,62.25,PayPal,2026-03-14,
934,529,2025-11-03 17:54:00,Delivered,312.66,PayPal,2025-11-06,2025-11-04
935,885,2026-06-01 14:05:00,Delivered,7.62,Debit Card,2026-06-05,2026-06-03
936,607,2026-02-21 18:51:00,Delivered,117.67,PayPal,2026-02-25,2026-02-26
937,444,2026-05-26 08:00:00,Delivered,483.0,Credit Card,2026-06-01,2026-05-31
938,848,2026-04-14 11:29:00,Delivered,27.58,PayPal,2026-04-22,2026-04-20
939,440,2024-11-13 10:44:00,Delivered,265.2,Credit Card,2024-11-23,2024-11-24
940,859,2025-09-20 10:20:00,Delivered,94.42,Credit Card,2025-09-28,2025-09-28
941,264,2024-07-15 15:39:00,Delivered,132.5,Apple Pay,2024-07-21,2024-07-19
942,116,2026-04-12 18:03:00,Delivered,290.59,PayPal,2026-04-20,2026-04-19
943,848,2025-11-20 11:54:00,Delivered,301.55,Credit Card,2025-11-26,2025-11-27
944,541,2023-03-21 14:52:00,Delivered,300.84,Credit Card,2023-03-28,2023-03-27
945,885,2025-02-19 11:27:00,Delayed,30.18,Credit Card,2025-02-25,2025-03-01
946,929,2026-06-10 18:12:00,Delivered,191.44,Credit Card,2026-06-16,2026-06-14
947,52,2026-06-22 17:23:00,Out for Delivery,529.7,PayPal,2026-06-29,
948,470,2026-04-03 20:45:00,Delivered,468.03,Credit Card,2026-04-06,2026-04-05
949,356,2025-10-21 16:23:00,Delivered,33.72,Apple Pay,2025-10-28,2025-10-27
950,575,2024-10-26 08:37:00,Delivered,177.46,Debit Card,2024-11-04,2024-11-05
951,794,2026-02-01 10:11:00,Cancelled,97.11,Credit Card,2026-02-08,
952,250,2025-03-31 13:31:00,Delivered,42.69,Gift Card,2025-04-09,2025-04-10
953,509,2024-01-10 17:26:00,Delivered,53.07,Gift Card,2024-01-17,2024-01-15
954,682,2026-06-13 08:20:00,Cancelled,490.74,Credit Card,2026-06-19,
955,119,2025-03-06 19:17:00,Delivered,183.72,PayPal,2025-03-09,2025-03-09
956,808,2026-04-09 10:01:00,Delivered,77.53,Debit Card,2026-04-17,2026-04-18
957,560,2026-03-28 12:37:00,Delivered,357.12,Credit Card,2026-04-01,2026-04-02
958,942,2025-03-31 17:21:00,Delivered,205.76,Credit Card,2025-04-07,2025-04-08
959,316,2026-06-27 08:39:00,Shipped,45.64,Credit Card,2026-07-03,
960,104,2026-02-22 14:39:00,Delivered,264.2,Credit Card,2026-02-28,2026-03-01
961,477,2024-01-31 17:23:00,Delivered,79.39,Credit Card,2024-02-03,2024-02-04
962,86,2024-07-31 19:24:00,Delivered,256.83,Debit Card,2024-08-08,2024-08-06
963,961,2026-06-28 15:17:00,Shipped,60.52,Credit Card,2026-07-06,
964,35,2026-04-30 10:35:00,Cancelled,70.42,Debit Card,2026-05-09,
965,745,2025-10-10 09:27:00,Delivered,237.96,PayPal,2025-10-14,2025-10-15
966,490,2026-04-29 16:46:00,Returned,52.61,Debit Card,2026-05-05,2026-05-03
967,351,2025-11-02 16:08:00,Delivered,268.67,PayPal,2025-11-09,2025-11-07
968,63,2026-06-18 20:50:00,Delivered,446.32,Credit Card,2026-06-25,2026-06-23
969,571,2026-05-08 09:32:00,Delivered,58.85,Credit Card,2026-05-12,2026-05-12
970,538,2026-05-08 12:47:00,Delivered,277.36,PayPal,2026-05-15,2026-05-15
971,250,2026-01-16 13:43:00,Cancelled,127.92,Debit Card,2026-01-22,
972,904,2022-12-31 10:09:00,Delivered,85.24,Debit Card,2023-01-07,2023-01-07
973,280,2025-09-08 10:29:00,Delivered,475.0,Credit Card,2025-09-15,2025-09-15
974,414,2026-06-12 09:08:00,Delivered,79.94,Credit Card,2026-06-22,2026-06-20
975,500,2025-08-05 16:35:00,Delivered,529.26,Debit Card,2025-08-09,2025-08-08
976,102,2026-04-14 20:24:00,Delivered,193.56,Apple Pay,2026-04-21,2026-04-21
977,922,2024-10-15 09:02:00,Delivered,337.44,Credit Card,2024-10-22,2024-10-21
978,356,2024-06-22 18:54:00,Delivered,211.38,Credit Card,2024-06-30,2024-07-01
979,81,2026-01-25 14:17:00,Delivered,302.63,Apple Pay,2026-01-30,2026-01-30
980,366,2026-01-14 10:35:00,Delivered,149.13,Debit Card,2026-01-23,2026-01-22
981,554,2026-06-12 18:49:00,Cancelled,259.44,Debit Card,2026-06-18,
982,486,2024-11-14 17:33:00,Delivered,551.49,Debit Card,2024-11-17,2024-11-15
983,671,2026-05-23 20:16:00,Delivered,368.44,Debit Card,2026-06-01,2026-05-30
984,53,2026-02-16 14:47:00,Returned,72.75,Debit Card,2026-02-26,2026-02-27
985,257,2024-07-25 20:42:00,Delivered,203.83,Credit Card,2024-08-03,2024-08-03
986,814,2025-12-01 13:42:00,Delivered,27.26,Credit Card,2025-12-11,2025-12-12
987,79,2026-06-26 18:13:00,Shipped,165.26,Credit Card,2026-07-01,
988,848,2026-02-09 10:52:00,Delivered,83.02,Credit Card,2026-02-18,2026-02-18
989,94,2025-08-20 13:42:00,Delivered,282.88,Google Pay,2025-08-30,2025-08-29
990,832,2026-01-31 08:22:00,Delivered,84.9,Debit Card,2026-02-09,2026-02-09
991,342,2026-04-17 10:19:00,Delivered,203.1,Debit Card,2026-04-26,2026-04-24
992,568,2026-06-06 11:55:00,Delivered,365.2,Apple Pay,2026-06-12,2026-06-12
993,141,2026-03-17 15:22:00,Delivered,215.57,Credit Card,2026-03-22,2026-03-22
994,64,2026-05-20 15:29:00,Delivered,8.0,Gift Card,2026-05-27,2026-05-28
995,200,2023-08-31 14:07:00,Delivered,293.14,PayPal,2023-09-03,2023-09-02
996,114,2025-09-14 08:32:00,Delivered,55.38,Credit Card,2025-09-21,2025-09-22
997,293,2025-03-16 09:20:00,Delivered,393.23,Credit Card,2025-03-21,2025-03-20
998,486,2026-06-23 17:42:00,Out for Delivery,65.42,PayPal,2026-06-28,
999,541,2025-01-17 18:26:00,Delivered,201.12,Google Pay,2025-01-26,2025-01-24
1000,790,2025-09-27 13:42:00,Delivered,41.41,PayPal,2025-10-06,2025-10-05
1001,614,2024-09-23 10:55:00,Delivered,600.91,Credit Card,2024-09-30,2024-09-28
1002,564,2026-06-02 14:13:00,Delivered,423.63,Debit Card,2026-06-07,2026-06-06
1003,382,2026-03-07 20:28:00,Delivered,60.53,Apple Pay,2026-03-12,2026-03-11
1004,442,2025-11-20 13:54:00,Delivered,104.54,Credit Card,2025-11-26,2025-11-24
1005,386,2025-08-14 09:22:00,Delivered,44.84,Credit Card,2025-08-22,2025-08-22
1006,839,2026-05-27 18:38:00,Delivered,58.4,Credit Card,2026-06-01,2026-06-02
1007,212,2026-03-21 09:43:00,Delayed,510.66,Credit Card,2026-03-24,2026-03-27
1008,6,2026-06-12 20:14:00,Delivered,173.26,Debit Card,2026-06-22,2026-06-23
1009,609,2026-02-16 14:06:00,Delivered,178.86,Credit Card,2026-02-21,2026-02-21
1010,193,2026-04-24 16:52:00,Cancelled,111.2,Credit Card,2026-04-30,
1011,885,2025-06-16 12:53:00,Delivered,288.9,Debit Card,2025-06-22,2025-06-22
1012,848,2026-05-29 13:18:00,Refunded,14.86,Credit Card,2026-06-05,2026-06-06
1013,77,2025-11-19 14:57:00,Refunded,481.5,Debit Card,2025-11-26,2025-11-26
1014,103,2026-05-24 17:51:00,Delivered,259.5,Google Pay,2026-05-28,2026-05-26
1015,464,2025-02-16 12:14:00,Delivered,104.49,PayPal,2025-02-22,2025-02-23
1016,564,2026-06-05 12:50:00,Delivered,215.38,Debit Card,2026-06-13,2026-06-12
1017,250,2026-06-26 11:53:00,Shipped,353.8,Credit Card,2026-07-06,
1018,693,2025-04-11 10:49:00,Delivered,107.45,Debit Card,2025-04-16,2025-04-15
1019,548,2026-05-12 08:57:00,Delivered,493.34,Debit Card,2026-05-19,2026-05-17
1020,306,2026-02-25 20:13:00,Delivered,305.09,PayPal,2026-03-04,2026-03-03
1021,28,2026-05-12 16:33:00,Delivered,198.8,Debit Card,2026-05-19,2026-05-19
1022,741,2024-11-09 18:10:00,Delivered,205.4,Gift Card,2024-11-12,2024-11-10
1023,199,2025-09-23 16:15:00,Delivered,124.13,Credit Card,2025-09-26,2025-09-26
1024,832,2026-02-01 09:54:00,Delayed,253.87,PayPal,2026-02-04,2026-02-11
1025,391,2024-05-06 12:34:00,Delivered,249.91,PayPal,2024-05-11,2024-05-09
1026,530,2026-06-05 15:05:00,Delayed,214.72,Credit Card,2026-06-13,2026-06-16
1027,862,2026-04-16 18:03:00,Delivered,79.1,Apple Pay,2026-04-23,2026-04-21
1028,854,2026-04-11 10:57:00,Delivered,482.75,PayPal,2026-04-21,2026-04-20
1029,352,2026-05-18 19:00:00,Returned,82.11,Credit Card,2026-05-26,2026-05-26
1030,197,2026-03-09 11:38:00,Delivered,251.18,Debit Card,2026-03-15,2026-03-14
1031,769,2026-06-11 19:34:00,Returned,194.99,Bank Transfer,2026-06-19,2026-06-19
1032,401,2026-06-25 20:37:00,Shipped,167.57,PayPal,2026-07-03,
1033,189,2026-04-21 20:38:00,Delivered,552.14,Credit Card,2026-04-25,2026-04-26
1034,895,2025-06-29 10:57:00,Delivered,84.07,PayPal,2025-07-07,2025-07-06
1035,192,2025-06-15 18:06:00,Delivered,73.35,Debit Card,2025-06-18,2025-06-16
1036,28,2026-01-01 19:21:00,Delivered,594.07,Credit Card,2026-01-05,2026-01-05
1037,21,2025-12-13 15:08:00,Delivered,181.21,Credit Card,2025-12-18,2025-12-19
1038,572,2026-05-04 10:56:00,Delivered,86.17,PayPal,2026-05-13,2026-05-11
1039,616,2025-10-22 18:34:00,Delivered,122.9,Credit Card,2025-10-30,2025-10-30
1040,293,2026-03-05 18:15:00,Delivered,194.9,PayPal,2026-03-11,2026-03-10
1041,306,2026-04-27 17:52:00,Delivered,60.88,Credit Card,2026-04-30,2026-04-28
1042,316,2026-03-31 18:43:00,Delivered,172.24,Credit Card,2026-04-03,2026-04-01
1043,652,2024-12-26 13:07:00,Delivered,139.2,Debit Card,2024-12-29,2024-12-29
1044,54,2025-07-20 15:11:00,Delivered,285.24,PayPal,2025-07-24,2025-07-22
1045,922,2025-07-31 10:11:00,Delivered,231.41,Debit Card,2025-08-08,2025-08-09
1046,205,2023-04-16 14:33:00,Refunded,14.84,Credit Card,2023-04-21,2023-04-19
1047,999,2026-02-16 17:55:00,Delivered,106.02,PayPal,2026-02-23,2026-02-21
1048,163,2026-05-13 20:25:00,Delivered,82.03,Google Pay,2026-05-16,2026-05-15
1049,768,2025-04-11 15:16:00,Delivered,92.52,PayPal,2025-04-21,2025-04-20
1050,205,2025-10-02 15:40:00,Delivered,424.2,Credit Card,2025-10-09,2025-10-07
1051,81,2025-01-12 18:55:00,Delivered,170.96,PayPal,2025-01-22,2025-01-20
1052,866,2025-10-24 16:06:00,Delivered,178.2,PayPal,2025-10-31,2025-10-30
1053,848,2026-02-03 13:44:00,Delivered,222.16,Google Pay,2026-02-13,2026-02-13
1054,373,2025-03-22 20:04:00,Delivered,157.76,Debit Card,2025-03-29,2025-03-27
1055,674,2026-05-29 11:32:00,Delivered,487.17,Debit Card,2026-06-06,2026-06-04
1056,509,2026-03-08 16:40:00,Delivered,6.97,Credit Card,2026-03-11,2026-03-12
1057,848,2026-06-16 15:10:00,Delivered,213.06,Credit Card,2026-06-19,2026-06-19
1058,298,2025-08-24 08:52:00,Refunded,172.95,Google Pay,2025-09-02,2025-08-31
1059,490,2025-05-05 11:30:00,Delivered,88.66,PayPal,2025-05-14,2025-05-12
1060,454,2025-06-03 20:51:00,Delivered,226.79,Credit Card,2025-06-09,2025-06-09
1061,337,2025-12-04 11:37:00,Delivered,113.4,PayPal,2025-12-11,2025-12-12
1062,886,2026-01-30 19:45:00,Delivered,53.55,PayPal,2026-02-09,2026-02-09
1063,160,2024-07-27 11:39:00,Delivered,700.15,Credit Card,2024-08-06,2024-08-07
1064,136,2025-04-04 17:20:00,Delivered,121.22,PayPal,2025-04-14,2025-04-14
1065,530,2026-06-08 09:32:00,Delivered,125.22,Credit Card,2026-06-16,2026-06-16
1066,615,2026-04-16 09:22:00,Delivered,443.14,Debit Card,2026-04-23,2026-04-22
1067,191,2026-06-26 10:47:00,Shipped,319.8,Apple Pay,2026-07-01,
1068,366,2026-06-27 09:14:00,Processing,457.34,Debit Card,2026-07-05,
1069,937,2026-06-26 17:31:00,Shipped,175.59,Credit Card,2026-07-04,
1070,229,2026-06-29 15:09:00,Placed,198.97,Bank Transfer,2026-07-03,
1071,630,2025-03-14 10:15:00,Delayed,7.18,Google Pay,2025-03-23,2025-03-28
1072,730,2023-01-30 09:29:00,Delivered,209.76,Google Pay,2023-02-02,2023-01-31
1073,412,2025-07-04 13:41:00,Delivered,392.95,Debit Card,2025-07-14,2025-07-14
1074,928,2024-02-10 20:49:00,Delivered,149.12,Debit Card,2024-02-15,2024-02-16
1075,724,2025-03-07 13:14:00,Cancelled,199.78,Credit Card,2025-03-13,
1076,415,2026-06-10 11:37:00,Returned,142.02,Google Pay,2026-06-13,2026-06-11
1077,519,2026-02-23 19:53:00,Delivered,480.14,PayPal,2026-03-05,2026-03-06
1078,669,2026-06-28 18:30:00,Shipped,422.92,Debit Card,2026-07-03,
1079,544,2026-03-04 10:55:00,Delivered,462.86,Credit Card,2026-03-09,2026-03-07
1080,870,2026-06-17 14:33:00,Delivered,190.56,Credit Card,2026-06-24,2026-06-25
1081,337,2023-05-21 14:04:00,Delivered,305.28,Credit Card,2023-05-30,2023-05-31
1082,275,2026-04-25 10:09:00,Delivered,317.1,Credit Card,2026-05-05,2026-05-06
1083,199,2025-01-24 15:09:00,Delivered,10.27,Debit Card,2025-01-28,2025-01-26
1084,35,2025-03-21 18:10:00,Delivered,151.2,Debit Card,2025-03-28,2025-03-26
1085,40,2026-02-21 11:10:00,Delivered,450.09,PayPal,2026-02-27,2026-02-26
1086,859,2025-11-29 16:37:00,Delivered,7.14,Credit Card,2025-12-03,2025-12-01
1087,648,2025-12-05 14:35:00,Cancelled,38.96,Debit Card,2025-12-13,
1088,616,2025-07-09 17:45:00,Delivered,70.86,Credit Card,2025-07-13,2025-07-14
1089,570,2026-05-16 16:17:00,Delivered,322.84,Credit Card,2026-05-24,2026-05-22
1090,845,2026-02-07 18:20:00,Cancelled,234.68,PayPal,2026-02-14,
1091,452,2026-06-02 10:39:00,Cancelled,31.11,Debit Card,2026-06-10,
1092,859,2025-11-19 08:17:00,Delivered,34.26,Credit Card,2025-11-25,2025-11-26
1093,341,2024-07-01 14:39:00,Delivered,485.48,Google Pay,2024-07-08,2024-07-06
1094,920,2025-04-10 09:24:00,Delivered,525.45,Credit Card,2025-04-20,2025-04-21
1095,672,2026-05-19 19:37:00,Delivered,109.84,PayPal,2026-05-26,2026-05-26
1096,236,2026-05-30 11:28:00,Delivered,384.48,Credit Card,2026-06-06,2026-06-07
1097,512,2024-06-06 20:34:00,Delivered,92.43,Credit Card,2024-06-14,2024-06-15
1098,499,2025-12-26 15:49:00,Delivered,7.89,PayPal,2026-01-04,2026-01-05
1099,120,2025-12-20 11:41:00,Delivered,205.23,PayPal,2025-12-26,2025-12-25
1100,544,2026-06-04 13:48:00,Delivered,43.38,Credit Card,2026-06-11,2026-06-11
1101,298,2026-01-10 09:49:00,Delayed,352.27,Credit Card,2026-01-13,2026-01-21
1102,52,2025-12-22 17:05:00,Delivered,67.62,Credit Card,2025-12-30,2025-12-31
1103,941,2023-11-19 14:16:00,Delivered,118.32,Credit Card,2023-11-24,2023-11-22
1104,595,2026-03-18 17:07:00,Delivered,384.01,Credit Card,2026-03-23,2026-03-24
1105,867,2026-02-11 16:00:00,Delivered,398.24,Credit Card,2026-02-17,2026-02-16
1106,646,2025-10-09 18:33:00,Delivered,98.63,Google Pay,2025-10-18,2025-10-19
1107,337,2024-03-15 18:31:00,Delivered,296.67,Debit Card,2024-03-22,2024-03-20
1108,486,2026-04-14 15:40:00,Delivered,529.5,Apple Pay,2026-04-18,2026-04-19
1109,642,2026-04-26 09:30:00,Delivered,50.32,Debit Card,2026-05-06,2026-05-05
1110,953,2026-06-16 16:23:00,Delivered,524.59,Debit Card,2026-06-19,2026-06-19
1111,231,2025-12-10 15:44:00,Delivered,113.34,PayPal,2025-12-17,2025-12-15
1112,866,2026-05-22 12:24:00,Delivered,108.32,PayPal,2026-06-01,2026-05-31
1113,918,2025-12-22 19:13:00,Delivered,191.94,PayPal,2025-12-29,2025-12-30
1114,633,2026-03-21 17:09:00,Delivered,268.75,PayPal,2026-03-30,2026-03-31
1115,922,2022-11-10 12:07:00,Delivered,406.38,Apple Pay,2022-11-15,2022-11-16
1116,368,2026-05-16 18:21:00,Delivered,336.29,Credit Card,2026-05-19,2026-05-18
1117,943,2026-05-13 12:37:00,Delayed,133.66,Credit Card,2026-05-19,2026-05-24
1118,674,2026-02-01 10:49:00,Delivered,42.99,Credit Card,2026-02-06,2026-02-05
1119,37,2025-04-21 19:51:00,Delivered,32.92,Credit Card,2025-04-24,2025-04-22
1120,901,2026-03-30 14:25:00,Delivered,171.4,Debit Card,2026-04-06,2026-04-07
1121,454,2026-03-16 10:55:00,Delivered,98.73,PayPal,2026-03-22,2026-03-20
1122,417,2026-06-06 18:16:00,Delivered,126.19,PayPal,2026-06-13,2026-06-13
1123,517,2025-12-12 11:43:00,Delivered,102.48,Credit Card,2025-12-18,2025-12-19
1124,135,2024-10-19 19:01:00,Delivered,339.35,PayPal,2024-10-23,2024-10-22
1125,437,2025-10-06 11:23:00,Delivered,431.92,PayPal,2025-10-16,2025-10-15
1126,827,2024-11-19 20:17:00,Delivered,266.7,Credit Card,2024-11-28,2024-11-26
1127,15,2025-12-16 16:08:00,Delivered,163.02,Credit Card,2025-12-26,2025-12-27
1128,249,2024-05-18 08:38:00,Delivered,196.51,Credit Card,2024-05-24,2024-05-23
1129,2,2026-05-01 20:25:00,Delivered,165.11,Credit Card,2026-05-07,2026-05-05
1130,390,2025-09-05 18:18:00,Delivered,33.87,Credit Card,2025-09-10,2025-09-10
1131,712,2026-01-21 13:29:00,Returned,506.0,Apple Pay,2026-01-27,2026-01-27
1132,797,2026-05-14 20:05:00,Cancelled,318.71,Debit Card,2026-05-24,
1133,934,2023-08-25 19:17:00,Delivered,136.15,Debit Card,2023-08-29,2023-08-28
1134,564,2026-04-13 11:33:00,Delivered,114.0,Google Pay,2026-04-22,2026-04-21
1135,233,2024-10-13 11:33:00,Delivered,96.3,Credit Card,2024-10-19,2024-10-19
1136,918,2025-08-30 20:55:00,Delivered,74.76,Debit Card,2025-09-04,2025-09-05
1137,769,2026-01-22 17:35:00,Delivered,146.36,Credit Card,2026-01-28,2026-01-26
1138,521,2026-06-29 12:35:00,Placed,128.47,Google Pay,2026-07-04,
1139,671,2026-05-16 20:09:00,Delivered,286.0,Credit Card,2026-05-19,2026-05-19
1140,918,2026-02-25 20:40:00,Delivered,150.12,Credit Card,2026-03-01,2026-03-02
1141,687,2025-12-15 09:40:00,Delivered,21.18,PayPal,2025-12-23,2025-12-21
1142,351,2026-05-15 16:43:00,Delivered,179.25,Google Pay,2026-05-21,2026-05-19
1143,687,2025-09-18 15:30:00,Delivered,573.49,Apple Pay,2025-09-23,2025-09-24
1144,35,2025-12-02 11:18:00,Delivered,273.92,Debit Card,2025-12-10,2025-12-09
1145,366,2026-06-03 09:52:00,Delivered,73.44,PayPal,2026-06-09,2026-06-09
1146,376,2026-06-04 15:01:00,Refunded,13.82,PayPal,2026-06-08,2026-06-09
1147,160,2025-08-31 09:45:00,Delivered,254.93,PayPal,2025-09-05,2025-09-05
1148,26,2025-03-15 09:07:00,Refunded,338.57,Credit Card,2025-03-25,2025-03-23
1149,119,2026-02-19 17:49:00,Delivered,251.24,Credit Card,2026-02-27,2026-02-28
1150,613,2026-06-25 14:31:00,Delivered,176.77,Credit Card,2026-07-03,2026-06-30
1151,797,2026-05-29 12:53:00,Cancelled,652.77,PayPal,2026-06-02,
1152,984,2026-03-22 17:58:00,Delivered,186.86,Credit Card,2026-03-31,2026-03-29
1153,328,2024-10-26 11:18:00,Delivered,42.43,PayPal,2024-11-03,2024-11-04
1154,552,2025-11-17 13:19:00,Delivered,191.7,Debit Card,2025-11-27,2025-11-25
1155,928,2024-02-22 17:37:00,Delivered,174.53,Debit Card,2024-02-29,2024-02-28
1156,160,2024-09-02 10:20:00,Delivered,322.01,Credit Card,2024-09-10,2024-09-11
1157,693,2023-11-25 08:15:00,Delivered,137.61,PayPal,2023-12-04,2023-12-05
1158,749,2026-06-11 19:26:00,Delivered,46.32,Credit Card,2026-06-17,2026-06-17
1159,89,2024-02-02 11:47:00,Returned,179.55,Apple Pay,2024-02-05,2024-02-03
1160,848,2025-08-27 10:42:00,Delivered,60.73,Credit Card,2025-09-03,2025-09-04
1161,808,2026-02-05 20:17:00,Delivered,268.18,Debit Card,2026-02-08,2026-02-07
1162,34,2025-08-27 18:44:00,Delivered,120.52,PayPal,2025-08-31,2025-08-29
1163,92,2024-09-12 12:53:00,Delivered,257.22,Credit Card,2024-09-19,2024-09-20
1164,46,2026-01-18 12:37:00,Delivered,215.86,Debit Card,2026-01-27,2026-01-25
1165,311,2025-05-31 17:54:00,Delayed,288.57,Google Pay,2025-06-06,2025-06-09
1166,479,2025-12-28 16:31:00,Delivered,398.94,Credit Card,2026-01-06,2026-01-05
1167,498,2026-04-01 15:26:00,Delivered,63.8,Credit Card,2026-04-05,2026-04-06
1168,245,2025-12-22 20:02:00,Delivered,88.06,Credit Card,2025-12-28,2025-12-29
1169,906,2026-04-02 12:21:00,Delivered,7.4,PayPal,2026-04-07,2026-04-07
1170,351,2026-03-15 13:18:00,Delivered,323.6,Credit Card,2026-03-25,2026-03-26
1171,41,2026-06-02 11:52:00,Delivered,115.66,Apple Pay,2026-06-12,2026-06-11
1172,276,2026-06-18 12:15:00,Delivered,243.11,Bank Transfer,2026-06-26,2026-06-24
1173,497,2026-06-21 11:14:00,Delivered,138.95,Credit Card,2026-06-27,2026-06-27
1174,377,2026-04-18 10:50:00,Cancelled,37.0,Apple Pay,2026-04-26,
1175,249,2025-08-07 17:25:00,Delivered,56.74,Debit Card,2025-08-12,2025-08-12
1176,116,2025-11-29 19:12:00,Delivered,458.7,PayPal,2025-12-08,2025-12-07
1177,814,2026-06-01 12:40:00,Delivered,189.54,Debit Card,2026-06-05,2026-06-04
1178,992,2025-12-07 09:27:00,Delivered,164.88,Credit Card,2025-12-17,2025-12-16
1179,307,2026-04-06 09:26:00,Delivered,78.47,Gift Card,2026-04-16,2026-04-16
1180,361,2025-04-09 09:27:00,Delivered,511.84,Credit Card,2025-04-16,2025-04-17
1181,570,2026-02-03 11:22:00,Delivered,37.83,Credit Card,2026-02-06,2026-02-06
1182,696,2024-05-02 20:36:00,Delayed,355.86,Credit Card,2024-05-11,2024-05-18
1183,366,2026-02-26 14:25:00,Delivered,46.19,Apple Pay,2026-03-06,2026-03-07
1184,895,2025-05-02 20:35:00,Delivered,130.38,Credit Card,2025-05-09,2025-05-09
1185,511,2024-09-16 12:11:00,Delivered,137.08,PayPal,2024-09-23,2024-09-21
1186,414,2026-05-27 17:52:00,Delivered,293.04,Credit Card,2026-06-02,2026-06-01
1187,598,2024-02-03 09:57:00,Delivered,177.4,Credit Card,2024-02-12,2024-02-10
1188,943,2025-08-10 15:40:00,Returned,454.52,Credit Card,2025-08-19,2025-08-20
1189,795,2025-09-29 11:52:00,Delivered,59.37,Credit Card,2025-10-05,2025-10-03
1190,35,2025-06-25 13:52:00,Delivered,101.24,PayPal,2025-07-01,2025-06-30
1191,309,2025-10-15 13:48:00,Delivered,27.88,Credit Card,2025-10-19,2025-10-17
1192,438,2026-05-25 10:03:00,Delayed,162.68,Debit Card,2026-06-02,2026-06-05
1193,298,2025-09-30 08:08:00,Delivered,161.47,Credit Card,2025-10-06,2025-10-05
1194,672,2026-06-05 11:58:00,Delivered,57.61,PayPal,2026-06-13,2026-06-12
1195,822,2026-01-26 10:19:00,Delivered,127.52,PayPal,2026-02-04,2026-02-02
1196,718,2025-03-11 12:26:00,Delivered,478.35,Credit Card,2025-03-21,2025-03-19
1197,986,2026-02-04 16:26:00,Delivered,91.14,Credit Card,2026-02-12,2026-02-10
1198,247,2026-02-28 17:11:00,Delivered,173.8,Credit Card,2026-03-06,2026-03-04
1199,866,2026-03-10 11:35:00,Delivered,186.04,Debit Card,2026-03-13,2026-03-12
1200,762,2026-04-26 10:23:00,Delivered,58.24,PayPal,2026-04-30,2026-04-29
1201,342,2025-09-26 12:44:00,Delayed,440.53,Credit Card,2025-10-03,2025-10-10
1202,721,2025-10-15 16:44:00,Returned,182.01,Credit Card,2025-10-21,2025-10-22
1203,102,2026-04-13 12:40:00,Delivered,143.13,Apple Pay,2026-04-16,2026-04-16
1204,790,2025-12-23 18:18:00,Delivered,142.09,PayPal,2025-12-28,2025-12-26
1205,498,2026-05-16 14:58:00,Delivered,36.92,PayPal,2026-05-25,2026-05-26
1206,265,2026-06-20 10:00:00,Delivered,113.9,Credit Card,2026-06-30,2026-06-28
1207,614,2025-03-28 09:15:00,Delivered,252.67,PayPal,2025-04-07,2025-04-08
1208,595,2026-04-25 15:20:00,Delivered,196.88,Debit Card,2026-04-29,2026-04-28
1209,197,2025-11-28 10:52:00,Delivered,274.14,Debit Card,2025-12-04,2025-12-05
1210,34,2025-08-29 13:39:00,Delivered,351.2,Credit Card,2025-09-06,2025-09-04
1211,401,2025-09-29 16:54:00,Delivered,358.53,Credit Card,2025-10-06,2025-10-07
1212,519,2026-01-02 14:33:00,Delivered,163.78,Apple Pay,2026-01-09,2026-01-09
1213,867,2026-04-14 15:32:00,Delivered,108.94,PayPal,2026-04-19,2026-04-18
1214,922,2025-01-26 19:30:00,Delivered,270.13,Credit Card,2025-01-30,2025-01-29
1215,494,2025-04-17 08:18:00,Delivered,269.68,Credit Card,2025-04-23,2025-04-23
1216,749,2025-07-06 20:20:00,Delivered,147.73,PayPal,2025-07-13,2025-07-13
1217,408,2026-02-02 19:46:00,Delivered,186.82,Debit Card,2026-02-06,2026-02-05
1218,737,2026-06-25 10:38:00,Out for Delivery,107.86,Credit Card,2026-07-03,
1219,193,2026-03-02 18:25:00,Delivered,385.71,PayPal,2026-03-08,2026-03-09
1220,352,2026-03-07 19:54:00,Delivered,259.84,Credit Card,2026-03-17,2026-03-16
1221,581,2023-02-12 14:07:00,Delivered,63.21,Credit Card,2023-02-15,2023-02-14
1222,21,2024-06-25 19:11:00,Delivered,486.8,Debit Card,2024-07-04,2024-07-05
1223,701,2026-04-29 17:38:00,Delivered,134.6,Debit Card,2026-05-05,2026-05-03
1224,833,2026-05-31 12:31:00,Delivered,118.87,Debit Card,2026-06-06,2026-06-06
1225,368,2025-11-16 09:13:00,Delivered,181.82,Credit Card,2025-11-19,2025-11-18
1226,412,2025-12-23 12:25:00,Delivered,94.61,Credit Card,2026-01-02,2026-01-03
1227,848,2026-06-04 10:56:00,Delivered,23.16,Credit Card,2026-06-12,2026-06-10
1228,770,2026-02-08 20:16:00,Delivered,317.56,Debit Card,2026-02-11,2026-02-11
1229,260,2026-02-28 11:12:00,Delivered,134.65,Credit Card,2026-03-05,2026-03-03
1230,306,2024-12-13 08:35:00,Delayed,173.4,Credit Card,2024-12-22,2024-12-27
1231,649,2026-06-29 09:42:00,Placed,496.9,Credit Card,2026-07-06,
1232,512,2026-05-13 10:15:00,Delivered,85.84,PayPal,2026-05-21,2026-05-20
1233,157,2026-06-09 17:18:00,Delivered,373.64,Debit Card,2026-06-14,2026-06-13
1234,291,2025-09-12 17:44:00,Delivered,58.69,Credit Card,2025-09-16,2025-09-17
1235,894,2026-06-19 15:22:00,Delivered,252.51,Debit Card,2026-06-27,2026-06-27
1236,662,2025-07-10 17:14:00,Delivered,105.93,Credit Card,2025-07-16,2025-07-16
1237,981,2025-06-23 15:17:00,Delivered,281.62,Debit Card,2025-06-27,2025-06-27
1238,762,2025-06-13 13:01:00,Delivered,323.46,Credit Card,2025-06-17,2025-06-16
1239,931,2025-05-19 15:45:00,Delivered,113.62,Apple Pay,2025-05-26,2025-05-24
1240,200,2026-01-15 10:23:00,Delivered,352.35,Credit Card,2026-01-19,2026-01-19
1241,768,2026-04-04 15:44:00,Delivered,112.84,Credit Card,2026-04-09,2026-04-08
1242,21,2025-01-29 20:57:00,Delivered,183.64,Debit Card,2025-02-05,2025-02-03
1243,633,2026-05-30 14:37:00,Cancelled,199.28,Credit Card,2026-06-09,
1244,437,2026-03-12 20:49:00,Delivered,212.54,Credit Card,2026-03-22,2026-03-20
1245,328,2026-03-22 17:47:00,Delivered,57.1,Debit Card,2026-03-27,2026-03-25
1246,850,2026-03-26 09:49:00,Delivered,139.49,Google Pay,2026-04-01,2026-04-02
1247,848,2026-02-16 16:01:00,Delivered,148.23,Credit Card,2026-02-20,2026-02-18
1248,25,2025-06-24 13:11:00,Delivered,618.36,PayPal,2025-07-04,2025-07-02
1249,564,2026-04-16 19:24:00,Delivered,126.66,Credit Card,2026-04-20,2026-04-20
1250,350,2026-03-21 18:43:00,Delivered,146.36,Google Pay,2026-03-25,2026-03-24
1251,388,2026-05-08 11:55:00,Delivered,688.21,Credit Card,2026-05-16,2026-05-17
1252,829,2026-01-06 20:10:00,Delayed,7.66,Credit Card,2026-01-16,2026-01-22
1253,290,2026-03-08 16:28:00,Delivered,109.42,Apple Pay,2026-03-14,2026-03-14
1254,933,2026-06-13 17:46:00,Delivered,162.09,Apple Pay,2026-06-20,2026-06-21
1255,183,2026-04-15 20:34:00,Delivered,304.48,PayPal,2026-04-25,2026-04-25
1256,616,2026-06-21 19:08:00,Out for Delivery,385.47,Credit Card,2026-06-25,
1257,633,2026-05-30 18:09:00,Delivered,7.34,Credit Card,2026-06-08,2026-06-07
1258,231,2024-12-06 14:39:00,Delivered,75.29,Debit Card,2024-12-15,2024-12-14
1259,306,2024-12-17 17:24:00,Delivered,203.25,Credit Card,2024-12-21,2024-12-21
1260,833,2026-06-15 12:38:00,Delivered,25.42,PayPal,2026-06-23,2026-06-22
1261,759,2024-11-07 18:52:00,Delivered,472.84,PayPal,2024-11-17,2024-11-17
1262,307,2026-04-27 10:45:00,Delivered,85.29,PayPal,2026-05-05,2026-05-03
1263,499,2025-04-04 18:16:00,Delivered,50.52,PayPal,2025-04-08,2025-04-09
1264,57,2025-10-28 10:39:00,Delivered,113.38,Credit Card,2025-11-05,2025-11-06
1265,197,2025-01-06 17:14:00,Delivered,107.07,PayPal,2025-01-14,2025-01-12
1266,454,2025-09-12 10:37:00,Delivered,39.93,PayPal,2025-09-19,2025-09-18
1267,86,2025-09-10 08:42:00,Cancelled,37.52,PayPal,2025-09-20,
1268,839,2026-01-14 12:06:00,Delivered,34.02,Debit Card,2026-01-19,2026-01-19
1269,694,2026-01-23 08:42:00,Delayed,86.04,Credit Card,2026-01-31,2026-02-08
1270,933,2026-02-20 15:29:00,Cancelled,291.94,PayPal,2026-03-01,
1271,669,2025-10-08 20:58:00,Returned,42.96,Credit Card,2025-10-18,2025-10-18
1272,930,2025-11-07 18:31:00,Delivered,395.05,Debit Card,2025-11-12,2025-11-11
1273,509,2024-10-26 18:43:00,Delivered,18.51,Credit Card,2024-11-04,2024-11-05
1274,554,2025-07-20 17:12:00,Delivered,270.46,Credit Card,2025-07-26,2025-07-24
1275,972,2025-10-24 15:02:00,Delivered,108.36,Credit Card,2025-11-01,2025-10-31
1276,596,2026-06-12 10:47:00,Delivered,153.81,Credit Card,2026-06-15,2026-06-14
1277,34,2026-05-15 13:32:00,Delivered,210.68,Credit Card,2026-05-21,2026-05-21
1278,704,2025-12-18 17:37:00,Delivered,153.02,Credit Card,2025-12-26,2025-12-25
1279,896,2026-01-02 16:21:00,Delayed,127.61,Credit Card,2026-01-07,2026-01-15
1280,796,2026-04-08 17:48:00,Delivered,104.7,Apple Pay,2026-04-11,2026-04-11
1281,537,2024-11-24 20:12:00,Delayed,53.29,Gift Card,2024-11-27,2024-12-07
1282,633,2026-06-28 08:08:00,Processing,84.28,Debit Card,2026-07-08,
1283,986,2026-02-27 12:14:00,Delivered,33.11,PayPal,2026-03-04,2026-03-05
1284,92,2025-12-27 09:47:00,Delivered,312.63,Gift Card,2026-01-01,2026-01-02
1285,627,2025-10-16 11:37:00,Delivered,26.35,Google Pay,2025-10-24,2025-10-22
1286,253,2025-05-01 11:41:00,Delivered,229.89,Debit Card,2025-05-04,2025-05-03
1287,594,2025-11-27 11:54:00,Delivered,169.69,Credit Card,2025-11-30,2025-11-30
1288,562,2025-02-03 16:42:00,Delivered,234.58,Debit Card,2025-02-08,2025-02-07
1289,141,2026-05-27 17:25:00,Delivered,362.97,Apple Pay,2026-05-30,2026-05-28
1290,197,2025-07-18 14:08:00,Delivered,73.38,Apple Pay,2025-07-23,2025-07-22
1291,571,2026-01-17 14:08:00,Delivered,325.67,Debit Card,2026-01-25,2026-01-24
1292,115,2024-11-10 10:22:00,Returned,257.21,Credit Card,2024-11-15,2024-11-13
1293,243,2025-12-15 20:44:00,Delivered,478.37,PayPal,2025-12-24,2025-12-24
1294,833,2026-05-23 12:49:00,Delivered,109.26,Credit Card,2026-05-29,2026-05-29
1295,306,2025-11-13 12:27:00,Delivered,205.85,Credit Card,2025-11-17,2025-11-15
1296,455,2026-06-16 10:17:00,Delivered,342.94,Credit Card,2026-06-22,2026-06-20
1297,931,2025-10-22 19:15:00,Delivered,164.49,Apple Pay,2025-10-25,2025-10-23
1298,211,2025-11-02 15:41:00,Delayed,46.51,PayPal,2025-11-07,2025-11-15
1299,366,2026-05-27 08:34:00,Delivered,80.58,Debit Card,2026-06-03,2026-06-02
1300,560,2026-03-07 09:33:00,Returned,295.54,PayPal,2026-03-15,2026-03-13
1301,749,2025-08-16 09:18:00,Delivered,31.11,Credit Card,2025-08-24,2025-08-23
1302,895,2026-04-08 18:40:00,Delivered,537.16,Apple Pay,2026-04-16,2026-04-17
1303,910,2026-06-19 17:26:00,Delivered,14.28,Google Pay,2026-06-29,2026-06-30
1304,770,2026-04-08 18:49:00,Delivered,298.47,PayPal,2026-04-12,2026-04-11
1305,212,2025-11-23 20:21:00,Returned,59.72,Credit Card,2025-11-26,2025-11-26
1306,27,2025-12-21 16:04:00,Cancelled,128.37,Credit Card,2025-12-28,
1307,362,2025-04-08 18:08:00,Delivered,55.61,Apple Pay,2025-04-13,2025-04-12
1308,128,2026-01-15 13:43:00,Delivered,144.15,PayPal,2026-01-20,2026-01-21
1309,685,2025-09-03 12:01:00,Delivered,31.0,Debit Card,2025-09-06,2025-09-05
1310,616,2025-09-03 11:28:00,Delivered,150.28,Credit Card,2025-09-10,2025-09-10
1311,40,2026-05-21 14:02:00,Delivered,151.25,PayPal,2026-05-31,2026-05-30
1312,833,2026-06-13 14:57:00,Delivered,117.86,Credit Card,2026-06-16,2026-06-14
1313,229,2026-06-20 08:45:00,Delivered,137.64,Debit Card,2026-06-26,2026-06-27
1314,400,2026-02-02 10:42:00,Delivered,82.76,Credit Card,2026-02-05,2026-02-05
1315,629,2026-03-12 17:51:00,Delivered,541.12,Credit Card,2026-03-19,2026-03-19
1316,396,2026-05-13 08:30:00,Delivered,746.85,PayPal,2026-05-22,2026-05-22
1317,409,2024-11-10 16:35:00,Delivered,176.98,Credit Card,2024-11-18,2024-11-16
1318,63,2026-05-30 18:21:00,Delivered,108.39,Credit Card,2026-06-09,2026-06-09
1319,369,2025-12-03 19:58:00,Delivered,302.48,Debit Card,2025-12-07,2025-12-07
1320,761,2025-12-30 20:36:00,Delivered,372.7,Credit Card,2026-01-04,2026-01-03
1321,909,2025-06-30 12:22:00,Delayed,370.85,Debit Card,2025-07-03,2025-07-09
1322,383,2026-03-15 13:20:00,Delivered,203.33,Credit Card,2026-03-20,2026-03-18
1323,393,2026-05-13 20:29:00,Delivered,752.2,Apple Pay,2026-05-21,2026-05-20
1324,674,2026-03-19 09:38:00,Delivered,305.56,Apple Pay,2026-03-28,2026-03-27
1325,931,2025-01-19 08:20:00,Delayed,7.39,Credit Card,2025-01-26,2025-02-01
1326,244,2025-03-05 19:30:00,Delivered,204.2,Credit Card,2025-03-09,2025-03-10
1327,409,2026-01-15 15:43:00,Delivered,38.02,Debit Card,2026-01-23,2026-01-24
1328,797,2026-05-26 20:42:00,Delivered,226.08,Credit Card,2026-06-01,2026-06-01
1329,565,2026-03-20 15:00:00,Delivered,34.41,Credit Card,2026-03-29,2026-03-27
1330,105,2026-02-19 09:13:00,Delivered,188.1,Debit Card,2026-02-23,2026-02-21
1331,575,2025-08-02 09:23:00,Delivered,43.38,Credit Card,2025-08-06,2025-08-04
1332,185,2025-03-19 17:04:00,Delivered,394.43,PayPal,2025-03-23,2025-03-21
1333,482,2026-06-15 09:04:00,Delivered,17.06,Debit Card,2026-06-22,2026-06-23
1334,495,2025-07-31 14:58:00,Delivered,19.83,Bank Transfer,2025-08-06,2025-08-05
1335,867,2026-01-09 15:14:00,Delivered,202.69,Credit Card,2026-01-16,2026-01-17
1336,425,2025-10-02 18:42:00,Delayed,229.29,Credit Card,2025-10-10,2025-10-19
1337,250,2025-05-09 08:54:00,Delivered,7.54,Credit Card,2025-05-15,2025-05-15
1338,213,2026-05-11 11:28:00,Delivered,497.43,Gift Card,2026-05-16,2026-05-16
1339,865,2025-11-20 13:52:00,Delivered,15.36,Credit Card,2025-11-27,2025-11-28
1340,162,2026-02-21 11:14:00,Delivered,473.37,Credit Card,2026-02-26,2026-02-24
1341,396,2026-05-26 15:16:00,Delivered,314.38,Credit Card,2026-06-03,2026-06-02
1342,187,2024-11-26 13:50:00,Cancelled,83.56,Debit Card,2024-12-03,
1343,768,2026-04-23 11:05:00,Delivered,400.82,Credit Card,2026-04-28,2026-04-27
1344,443,2025-08-20 19:46:00,Cancelled,208.32,Credit Card,2025-08-26,
1345,335,2023-12-15 14:39:00,Delivered,316.5,Debit Card,2023-12-18,2023-12-16
1346,342,2025-12-11 19:47:00,Delivered,176.88,PayPal,2025-12-17,2025-12-15
1347,848,2025-11-14 19:06:00,Delivered,177.78,PayPal,2025-11-20,2025-11-19
1348,508,2023-06-05 18:32:00,Delivered,195.19,PayPal,2023-06-14,2023-06-13
1349,693,2026-05-27 10:03:00,Delivered,177.33,Debit Card,2026-06-06,2026-06-07
1350,892,2026-06-18 14:16:00,Returned,101.19,Google Pay,2026-06-27,2026-06-27
1351,895,2026-06-08 13:43:00,Delivered,211.17,Credit Card,2026-06-16,2026-06-14
1352,307,2024-05-29 19:30:00,Delivered,86.37,Google Pay,2024-06-05,2024-06-04
1353,943,2024-03-16 12:20:00,Delivered,179.19,Gift Card,2024-03-25,2024-03-25
1354,27,2025-06-29 15:44:00,Delayed,244.67,Debit Card,2025-07-07,2025-07-12
1355,356,2026-03-31 10:26:00,Delivered,476.66,Apple Pay,2026-04-06,2026-04-07
1356,892,2026-05-30 10:53:00,Delivered,25.26,Debit Card,2026-06-05,2026-06-06
1357,250,2025-12-31 14:20:00,Delivered,484.3,PayPal,2026-01-09,2026-01-07
1358,249,2026-02-09 14:22:00,Delivered,134.24,Google Pay,2026-02-16,2026-02-14
1359,279,2026-02-13 13:16:00,Delivered,28.34,Google Pay,2026-02-19,2026-02-19
1360,568,2026-06-23 09:08:00,Out for Delivery,46.44,Credit Card,2026-06-27,
1361,407,2024-09-16 10:18:00,Delivered,156.35,Google Pay,2024-09-23,2024-09-23
1362,709,2026-01-15 16:31:00,Cancelled,131.24,Google Pay,2026-01-20,
1363,892,2026-06-20 20:39:00,Delivered,862.66,Credit Card,2026-06-24,2026-06-22
1364,640,2025-04-30 18:42:00,Delivered,104.4,Credit Card,2025-05-09,2025-05-08
1365,193,2025-11-14 16:52:00,Refunded,29.39,Debit Card,2025-11-23,2025-11-23
1366,922,2023-09-21 14:46:00,Delivered,153.49,Debit Card,2023-09-30,2023-09-28
1367,243,2026-05-07 19:57:00,Delivered,396.36,PayPal,2026-05-15,2026-05-15
1368,136,2026-06-23 12:47:00,Delivered,84.69,Debit Card,2026-06-26,2026-06-24
1369,92,2026-06-10 14:19:00,Delivered,164.36,Credit Card,2026-06-17,2026-06-15
1370,512,2026-03-09 16:04:00,Delivered,184.06,PayPal,2026-03-16,2026-03-17
1371,105,2026-01-31 11:47:00,Delivered,27.74,Debit Card,2026-02-10,2026-02-10
1372,121,2025-09-17 14:46:00,Delivered,24.25,Credit Card,2025-09-24,2025-09-24
1373,276,2025-06-22 09:23:00,Delivered,104.64,Credit Card,2025-06-27,2025-06-28
1374,252,2026-06-14 11:22:00,Delivered,397.92,Credit Card,2026-06-20,2026-06-18
1375,557,2025-10-15 16:47:00,Delivered,56.29,Debit Card,2025-10-24,2025-10-25
1376,809,2025-05-24 15:41:00,Delivered,8.04,Credit Card,2025-05-27,2025-05-27
1377,759,2026-01-23 12:38:00,Delivered,300.75,Credit Card,2026-02-02,2026-02-01
1378,242,2025-03-10 14:32:00,Delivered,293.52,Credit Card,2025-03-18,2025-03-16
1379,229,2026-06-25 08:13:00,Delivered,48.19,Credit Card,2026-07-02,2026-06-30
1380,956,2024-12-27 10:19:00,Delivered,84.42,Debit Card,2025-01-02,2025-01-02
1381,8,2026-03-30 16:51:00,Delivered,118.58,PayPal,2026-04-09,2026-04-10
1382,870,2025-10-03 19:34:00,Delivered,71.58,Credit Card,2025-10-08,2025-10-08
1383,192,2026-02-24 13:27:00,Delivered,839.39,Credit Card,2026-03-06,2026-03-07
1384,938,2026-06-13 13:02:00,Delivered,419.96,Google Pay,2026-06-23,2026-06-24
1385,320,2024-12-31 20:24:00,Delivered,63.14,PayPal,2025-01-05,2025-01-05
1386,409,2025-06-27 10:18:00,Delivered,161.36,PayPal,2025-07-05,2025-07-06
1387,680,2025-09-05 08:05:00,Delivered,419.48,Credit Card,2025-09-14,2025-09-15
1388,541,2025-08-14 17:43:00,Refunded,244.33,Debit Card,2025-08-20,2025-08-19
1389,304,2026-03-21 18:24:00,Delivered,404.74,Gift Card,2026-03-31,2026-03-29
1390,508,2026-02-20 08:51:00,Delivered,283.24,Debit Card,2026-02-26,2026-02-24
1391,718,2024-11-05 14:41:00,Delayed,203.26,Credit Card,2024-11-09,2024-11-14
1392,38,2026-06-22 16:24:00,Delivered,482.0,Debit Card,2026-06-26,2026-06-27
1393,11,2026-06-17 17:41:00,Delivered,232.16,Apple Pay,2026-06-20,2026-06-20
1394,415,2026-06-10 18:22:00,Delivered,86.03,Credit Card,2026-06-16,2026-06-14
1395,116,2025-11-26 19:53:00,Cancelled,138.97,Credit Card,2025-12-02,
1396,623,2026-05-09 11:57:00,Delayed,189.94,Credit Card,2026-05-19,2026-05-23
1397,199,2025-11-23 19:55:00,Cancelled,239.74,Credit Card,2025-12-02,
1398,401,2026-01-02 12:57:00,Delivered,14.57,PayPal,2026-01-07,2026-01-08
1399,192,2025-04-27 17:40:00,Delivered,98.85,Credit Card,2025-05-02,2025-05-02
1400,504,2025-12-13 13:44:00,Delivered,308.53,Debit Card,2025-12-17,2025-12-16
1401,107,2025-12-09 09:31:00,Delayed,476.11,Credit Card,2025-12-15,2025-12-18
1402,26,2026-01-04 09:05:00,Delivered,88.31,Google Pay,2026-01-08,2026-01-06
1403,51,2026-02-20 13:40:00,Delivered,387.02,Apple Pay,2026-03-02,2026-02-28
1404,945,2024-11-24 11:47:00,Delivered,396.99,Credit Card,2024-11-27,2024-11-28
1405,128,2026-04-03 15:18:00,Delivered,414.99,Credit Card,2026-04-13,2026-04-13
1406,682,2026-06-20 17:11:00,Delivered,155.88,Debit Card,2026-06-23,2026-06-22
1407,68,2025-04-19 14:14:00,Delivered,97.85,Apple Pay,2025-04-23,2025-04-23
1408,104,2025-07-25 09:34:00,Delivered,184.6,Debit Card,2025-07-30,2025-07-28
1409,479,2025-09-08 16:40:00,Delivered,238.14,Credit Card,2025-09-18,2025-09-18
1410,428,2025-08-25 15:14:00,Delivered,192.74,Apple Pay,2025-09-04,2025-09-02
1411,943,2024-02-18 13:19:00,Delivered,69.82,PayPal,2024-02-24,2024-02-22
1412,934,2025-10-07 14:16:00,Delivered,206.58,PayPal,2025-10-10,2025-10-09
1413,775,2025-11-29 10:19:00,Delivered,47.66,Credit Card,2025-12-03,2025-12-04
1414,555,2026-06-07 18:07:00,Delivered,330.84,Apple Pay,2026-06-15,2026-06-16
1415,415,2026-05-03 09:24:00,Cancelled,73.19,PayPal,2026-05-10,
1416,337,2026-06-11 09:38:00,Delivered,7.8,Credit Card,2026-06-20,2026-06-20
1417,938,2026-02-02 09:17:00,Cancelled,111.92,Debit Card,2026-02-06,
1418,555,2026-05-09 14:01:00,Delivered,285.71,Credit Card,2026-05-16,2026-05-15
1419,533,2025-11-25 17:49:00,Delivered,349.82,Credit Card,2025-12-03,2025-12-04
1420,213,2026-02-02 18:41:00,Delivered,204.02,Credit Card,2026-02-11,2026-02-12
1421,43,2026-01-15 20:47:00,Cancelled,120.36,Debit Card,2026-01-18,
1422,934,2026-02-10 10:39:00,Delivered,12.75,Debit Card,2026-02-17,2026-02-17
1423,296,2025-07-23 16:57:00,Delivered,133.62,Credit Card,2025-07-30,2025-07-29
1424,409,2025-07-08 15:15:00,Delivered,409.12,Debit Card,2025-07-12,2025-07-12
1425,105,2026-03-24 11:29:00,Delivered,105.32,PayPal,2026-03-28,2026-03-29
1426,833,2026-06-06 11:17:00,Delayed,477.0,Bank Transfer,2026-06-11,2026-06-18
1427,29,2025-06-21 17:00:00,Delivered,61.52,Bank Transfer,2025-06-26,2025-06-26
1428,831,2026-02-19 14:57:00,Delivered,203.03,Debit Card,2026-02-24,2026-02-25
1429,126,2026-03-02 16:40:00,Delivered,273.45,Credit Card,2026-03-11,2026-03-12
1430,882,2026-04-13 20:40:00,Delivered,116.82,PayPal,2026-04-22,2026-04-22
1431,715,2025-12-03 18:43:00,Delivered,197.5,Credit Card,2025-12-12,2025-12-13
1432,160,2026-05-26 09:31:00,Delivered,194.92,Credit Card,2026-05-29,2026-05-29
1433,514,2026-06-05 13:20:00,Returned,326.31,Credit Card,2026-06-10,2026-06-09
1434,293,2026-03-20 18:02:00,Delivered,288.35,Credit Card,2026-03-24,2026-03-25
1435,179,2026-06-29 10:01:00,Placed,109.73,Credit Card,2026-07-03,
1436,848,2026-06-13 19:39:00,Delivered,558.55,PayPal,2026-06-18,2026-06-17
1437,373,2022-08-30 12:05:00,Cancelled,37.81,PayPal,2022-09-09,
1438,368,2026-05-19 15:42:00,Delivered,307.8,Credit Card,2026-05-28,2026-05-26
1439,162,2025-12-15 17:39:00,Delivered,43.83,Credit Card,2025-12-22,2025-12-23
1440,362,2026-04-08 20:04:00,Delivered,32.87,Apple Pay,2026-04-11,2026-04-11
1441,859,2025-10-26 16:14:00,Delivered,218.85,Credit Card,2025-11-03,2025-11-04
1442,343,2026-05-25 10:21:00,Delivered,486.28,PayPal,2026-05-31,2026-06-01
1443,943,2025-06-26 08:18:00,Delivered,601.85,Credit Card,2025-07-03,2025-07-03
1444,937,2026-05-26 19:01:00,Delivered,254.15,PayPal,2026-05-29,2026-05-28
1445,131,2025-08-22 19:12:00,Delivered,41.71,Debit Card,2025-08-27,2025-08-25
1446,179,2026-06-01 19:53:00,Delivered,155.74,Debit Card,2026-06-06,2026-06-05
1447,850,2025-12-30 20:43:00,Delayed,31.32,Credit Card,2026-01-06,2026-01-09
1448,367,2025-07-06 09:24:00,Delivered,302.04,Credit Card,2025-07-09,2025-07-08
1449,6,2026-02-23 16:57:00,Delivered,153.21,PayPal,2026-02-27,2026-02-27
1450,249,2025-03-29 20:51:00,Delivered,623.03,Credit Card,2025-04-04,2025-04-02
1451,552,2026-06-15 17:23:00,Delivered,176.23,Credit Card,2026-06-18,2026-06-19
1452,797,2026-03-21 13:18:00,Delivered,37.97,Apple Pay,2026-03-25,2026-03-23
1453,119,2024-04-08 15:17:00,Delivered,169.86,Credit Card,2024-04-13,2024-04-11
1454,105,2026-05-26 18:28:00,Delivered,232.51,Credit Card,2026-06-02,2026-06-03
1455,916,2026-06-04 08:32:00,Delivered,65.19,Credit Card,2026-06-12,2026-06-11
1456,744,2026-05-08 18:44:00,Delivered,188.42,Credit Card,2026-05-12,2026-05-13
1457,541,2024-10-02 08:57:00,Delivered,226.76,Credit Card,2024-10-12,2024-10-13
1458,764,2025-08-28 19:57:00,Delayed,215.85,PayPal,2025-09-02,2025-09-12
1459,396,2026-05-20 09:25:00,Delivered,474.77,Debit Card,2026-05-27,2026-05-27
1460,754,2025-11-16 19:22:00,Delivered,261.02,Credit Card,2025-11-25,2025-11-25
1461,352,2025-12-15 12:24:00,Cancelled,490.28,Credit Card,2025-12-22,
1462,228,2026-06-01 18:16:00,Delivered,198.98,Bank Transfer,2026-06-10,2026-06-08
1463,712,2026-01-05 13:22:00,Delivered,133.77,Google Pay,2026-01-09,2026-01-07
1464,391,2026-01-12 11:58:00,Delivered,60.58,Credit Card,2026-01-22,2026-01-22
1465,977,2026-05-02 20:41:00,Delivered,313.83,Credit Card,2026-05-09,2026-05-10
1466,332,2026-06-03 12:24:00,Delivered,575.86,PayPal,2026-06-13,2026-06-13
1467,916,2026-01-16 16:13:00,Delivered,176.56,Debit Card,2026-01-20,2026-01-21
1468,922,2024-10-26 15:01:00,Delivered,393.44,Credit Card,2024-10-29,2024-10-30
1469,227,2024-08-11 15:51:00,Delivered,318.53,Debit Card,2024-08-18,2024-08-18
1470,797,2026-03-29 09:19:00,Delivered,227.7,Credit Card,2026-04-08,2026-04-09
1471,401,2026-02-10 14:32:00,Delivered,245.35,Credit Card,2026-02-13,2026-02-13
1472,913,2026-04-16 10:15:00,Delivered,179.84,Credit Card,2026-04-26,2026-04-26
1473,414,2026-06-11 19:46:00,Returned,240.66,Debit Card,2026-06-15,2026-06-15
1474,736,2024-05-14 20:05:00,Delivered,407.48,Credit Card,2024-05-21,2024-05-20
1475,432,2026-06-26 08:52:00,Shipped,361.32,Credit Card,2026-07-01,
1476,212,2025-07-05 09:30:00,Delivered,580.17,Credit Card,2025-07-09,2025-07-10
1477,192,2025-12-12 13:34:00,Delivered,220.22,Credit Card,2025-12-17,2025-12-17
1478,396,2026-06-16 15:36:00,Delivered,79.43,Credit Card,2026-06-24,2026-06-25
1479,749,2026-06-23 17:55:00,Shipped,313.91,Credit Card,2026-06-30,
1480,559,2026-02-27 15:24:00,Delivered,300.56,Credit Card,2026-03-06,2026-03-07
1481,662,2026-03-31 13:48:00,Delivered,264.63,Debit Card,2026-04-03,2026-04-01
1482,253,2025-02-25 17:03:00,Delivered,592.5,PayPal,2025-03-06,2025-03-06
1483,453,2026-03-11 09:19:00,Delivered,236.64,Credit Card,2026-03-14,2026-03-13
1484,40,2026-05-19 10:11:00,Delivered,554.06,Bank Transfer,2026-05-25,2026-05-25
1485,814,2026-02-22 14:19:00,Delivered,81.52,Credit Card,2026-03-01,2026-02-27
1486,986,2026-06-07 09:10:00,Delivered,69.26,Credit Card,2026-06-17,2026-06-16
1487,377,2025-12-05 17:37:00,Delivered,531.68,Credit Card,2025-12-10,2025-12-10
1488,11,2026-05-30 15:14:00,Delivered,311.29,Debit Card,2026-06-04,2026-06-05
1489,162,2026-04-23 19:36:00,Delivered,46.46,Credit Card,2026-04-29,2026-04-28
1490,610,2026-04-24 17:26:00,Delivered,451.32,Debit Card,2026-04-28,2026-04-28
1491,568,2026-06-14 13:19:00,Delivered,58.84,Credit Card,2026-06-18,2026-06-17
1492,787,2026-02-19 14:41:00,Delivered,105.46,PayPal,2026-02-24,2026-02-23
1493,231,2024-12-16 16:38:00,Delivered,60.75,Debit Card,2024-12-24,2024-12-25
1494,760,2025-05-10 20:50:00,Delivered,234.94,Credit Card,2025-05-15,2025-05-14
1495,662,2026-06-14 18:06:00,Delivered,207.42,PayPal,2026-06-19,2026-06-17
1496,306,2026-02-17 08:39:00,Returned,281.78,Credit Card,2026-02-21,2026-02-19
1497,500,2025-10-21 13:45:00,Delayed,601.43,PayPal,2025-10-26,2025-11-04
1498,133,2025-11-09 11:31:00,Delivered,278.32,Credit Card,2025-11-15,2025-11-15
1499,414,2026-06-12 13:42:00,Returned,51.1,Credit Card,2026-06-19,2026-06-18
1500,870,2025-10-30 14:24:00,Delivered,161.92,Credit Card,2025-11-05,2025-11-04
1501,391,2024-04-01 11:40:00,Delivered,128.68,Debit Card,2024-04-08,2024-04-07
1502,836,2026-06-29 16:27:00,Placed,101.66,Credit Card,2026-07-07,
1503,542,2025-10-09 11:30:00,Delivered,82.32,Credit Card,2025-10-17,2025-10-16
1504,188,2025-04-12 12:23:00,Delivered,157.29,PayPal,2025-04-18,2025-04-17
1505,535,2026-03-21 11:46:00,Delivered,146.62,Credit Card,2026-03-30,2026-03-28
1506,477,2025-07-06 20:21:00,Delivered,52.86,Credit Card,2025-07-14,2025-07-13
1507,368,2026-05-27 08:46:00,Delivered,130.04,Debit Card,2026-06-06,2026-06-07
1508,110,2025-09-24 09:36:00,Delivered,115.85,PayPal,2025-10-02,2025-10-03
1509,390,2025-08-01 09:31:00,Delivered,40.26,Google Pay,2025-08-11,2025-08-12
1510,71,2025-11-01 18:41:00,Delivered,179.27,Debit Card,2025-11-08,2025-11-09
1511,99,2026-03-06 09:31:00,Delivered,395.59,PayPal,2026-03-11,2026-03-10
1512,390,2025-10-04 14:17:00,Delivered,173.68,Credit Card,2025-10-09,2025-10-10
1513,281,2025-08-11 15:11:00,Delivered,152.52,Credit Card,2025-08-19,2025-08-18
1514,919,2025-11-01 15:19:00,Delivered,141.51,Debit Card,2025-11-10,2025-11-10
1515,356,2025-12-23 08:08:00,Delivered,82.75,Debit Card,2026-01-01,2026-01-02
1516,754,2025-10-09 13:56:00,Delivered,34.01,Apple Pay,2025-10-15,2025-10-13
1517,497,2026-02-05 13:14:00,Delivered,40.16,Credit Card,2026-02-14,2026-02-12
1518,674,2026-05-03 11:26:00,Delivered,174.73,Google Pay,2026-05-12,2026-05-13
1519,238,2026-06-01 10:44:00,Delivered,56.75,Credit Card,2026-06-08,2026-06-08
1520,931,2025-06-28 20:36:00,Delivered,121.35,PayPal,2025-07-05,2025-07-04
1521,497,2026-04-05 16:14:00,Delivered,210.14,Credit Card,2026-04-12,2026-04-10
1522,828,2024-05-30 16:06:00,Delivered,393.76,Debit Card,2024-06-03,2024-06-04
1523,347,2025-08-12 12:21:00,Delivered,395.38,Credit Card,2025-08-16,2025-08-14
1524,102,2026-06-16 17:08:00,Cancelled,201.39,PayPal,2026-06-22,
1525,638,2026-01-27 20:23:00,Delivered,35.68,Debit Card,2026-01-30,2026-01-29
1526,8,2026-05-08 15:51:00,Delivered,217.9,Credit Card,2026-05-17,2026-05-15
1527,448,2025-12-20 18:04:00,Delivered,410.01,Credit Card,2025-12-23,2025-12-22
1528,189,2026-06-21 15:16:00,Delivered,216.63,PayPal,2026-07-01,2026-06-30
1529,575,2025-12-04 08:38:00,Delivered,180.5,Credit Card,2025-12-10,2025-12-10
1530,977,2025-08-03 19:08:00,Delivered,191.93,Debit Card,2025-08-13,2025-08-13
1531,428,2026-06-13 12:54:00,Delivered,49.94,PayPal,2026-06-20,2026-06-18
1532,814,2025-03-10 13:30:00,Delivered,309.65,PayPal,2025-03-17,2025-03-15
1533,478,2026-01-06 08:03:00,Delivered,321.93,Apple Pay,2026-01-16,2026-01-16
1534,465,2026-06-20 16:11:00,Delivered,354.38,Apple Pay,2026-06-23,2026-06-21
1535,922,2026-01-15 14:41:00,Delivered,7.83,PayPal,2026-01-21,2026-01-22
1536,885,2023-10-19 10:53:00,Delivered,426.27,Debit Card,2023-10-23,2023-10-22
1537,785,2026-02-08 19:17:00,Delivered,49.37,Apple Pay,2026-02-16,2026-02-17
1538,269,2026-01-29 10:43:00,Delivered,143.2,Credit Card,2026-02-08,2026-02-07
1539,500,2024-12-15 13:56:00,Delivered,190.96,Credit Card,2024-12-25,2024-12-23
1540,205,2024-02-05 17:02:00,Delivered,104.27,Credit Card,2024-02-10,2024-02-09
1541,409,2024-10-10 08:44:00,Delivered,108.08,Credit Card,2024-10-16,2024-10-15
1542,454,2025-03-21 08:00:00,Delivered,36.99,Debit Card,2025-03-25,2025-03-25
1543,828,2024-04-12 20:38:00,Delivered,55.8,Debit Card,2024-04-15,2024-04-14
1544,892,2026-06-23 11:49:00,Delivered,511.48,PayPal,2026-06-27,2026-06-28
1545,386,2025-06-23 16:09:00,Delivered,232.92,Apple Pay,2025-07-01,2025-07-02
1546,21,2024-08-19 09:35:00,Delivered,125.87,Debit Card,2024-08-26,2024-08-27
1547,850,2026-06-06 08:07:00,Returned,222.57,Google Pay,2026-06-15,2026-06-15
1548,174,2026-02-05 08:46:00,Delivered,98.57,Debit Card,2026-02-11,2026-02-11
1549,571,2025-08-30 20:22:00,Delivered,48.93,Debit Card,2025-09-04,2025-09-04
1550,27,2025-02-04 08:10:00,Delivered,308.58,Credit Card,2025-02-08,2025-02-08
1551,368,2026-06-06 16:13:00,Delivered,36.4,Credit Card,2026-06-13,2026-06-12
1552,981,2026-01-05 16:36:00,Cancelled,9.83,PayPal,2026-01-14,
1553,102,2026-05-13 16:13:00,Delivered,151.73,Debit Card,2026-05-16,2026-05-14
1554,393,2026-06-04 15:10:00,Delivered,135.96,Debit Card,2026-06-14,2026-06-15
1555,290,2026-06-14 17:21:00,Cancelled,42.87,PayPal,2026-06-19,
1556,896,2026-06-24 14:43:00,Out for Delivery,83.08,Debit Card,2026-06-27,
1557,859,2026-05-30 20:32:00,Delivered,93.37,Debit Card,2026-06-02,2026-06-01
1558,222,2024-07-15 18:41:00,Returned,825.87,Credit Card,2024-07-21,2024-07-20
1559,82,2026-01-01 10:00:00,Returned,68.73,Google Pay,2026-01-10,2026-01-08
1560,575,2026-05-30 18:49:00,Delivered,445.02,PayPal,2026-06-04,2026-06-02
1561,311,2025-05-30 13:35:00,Delivered,236.62,PayPal,2025-06-02,2025-05-31
1562,633,2026-05-15 14:52:00,Delivered,579.53,Debit Card,2026-05-25,2026-05-26
1563,34,2025-11-24 14:45:00,Delivered,214.01,Debit Card,2025-12-02,2025-12-01
1564,119,2025-02-24 20:18:00,Delivered,428.86,Debit Card,2025-03-03,2025-03-02
1565,662,2026-01-01 17:26:00,Delivered,57.25,Credit Card,2026-01-05,2026-01-05
1566,198,2026-05-23 15:17:00,Delivered,250.01,Credit Card,2026-06-02,2026-06-03
1567,848,2026-03-03 20:45:00,Refunded,62.59,Credit Card,2026-03-11,2026-03-11
1568,54,2024-12-15 09:53:00,Delivered,21.35,Apple Pay,2024-12-20,2024-12-18
1569,200,2025-06-14 18:39:00,Delivered,139.96,Credit Card,2025-06-22,2025-06-20
1570,999,2024-11-21 15:42:00,Delivered,515.73,PayPal,2024-11-27,2024-11-27
1571,401,2026-05-30 15:40:00,Delivered,452.93,PayPal,2026-06-03,2026-06-02
1572,674,2025-11-02 13:13:00,Delivered,154.84,Credit Card,2025-11-11,2025-11-09
1573,183,2026-02-23 20:39:00,Returned,424.44,Apple Pay,2026-02-27,2026-02-26
1574,565,2024-12-20 09:37:00,Delivered,169.3,Credit Card,2024-12-23,2024-12-23
1575,708,2025-05-31 12:45:00,Delivered,247.78,Debit Card,2025-06-05,2025-06-05
1576,298,2026-01-05 18:30:00,Delivered,347.53,PayPal,2026-01-08,2026-01-07
1577,825,2025-08-27 17:50:00,Delivered,71.34,Credit Card,2025-08-30,2025-08-30
1578,555,2025-05-15 13:15:00,Delivered,263.26,Credit Card,2025-05-21,2025-05-21
1579,366,2026-04-02 13:40:00,Delivered,426.9,PayPal,2026-04-12,2026-04-12
1580,509,2025-08-28 13:11:00,Delivered,247.03,Google Pay,2025-08-31,2025-08-30
1581,530,2026-05-13 18:01:00,Delivered,503.18,Credit Card,2026-05-16,2026-05-14
1582,160,2025-05-28 18:10:00,Delivered,201.36,Credit Card,2025-06-02,2025-06-03
1583,370,2025-07-25 20:43:00,Delivered,125.56,Debit Card,2025-08-04,2025-08-02
1584,322,2024-11-22 14:57:00,Delivered,126.92,PayPal,2024-11-29,2024-11-29
1585,368,2026-06-29 09:34:00,Processing,300.95,PayPal,2026-07-06,
1586,758,2023-12-06 11:05:00,Delayed,267.86,Apple Pay,2023-12-16,2023-12-23
1587,453,2025-08-25 09:53:00,Delivered,189.55,PayPal,2025-09-02,2025-09-01
1588,930,2024-11-17 20:22:00,Delivered,67.83,Credit Card,2024-11-20,2024-11-19
1589,267,2026-05-16 17:17:00,Delivered,32.62,Gift Card,2026-05-22,2026-05-22
1590,388,2026-06-14 13:12:00,Delivered,557.81,Credit Card,2026-06-21,2026-06-21
1591,786,2026-02-21 16:42:00,Delivered,45.45,Credit Card,2026-02-28,2026-02-26
1592,501,2026-06-13 13:04:00,Delivered,55.46,Credit Card,2026-06-20,2026-06-21
1593,502,2025-08-17 13:27:00,Delivered,184.94,Debit Card,2025-08-25,2025-08-24
1594,52,2026-01-27 17:33:00,Delivered,167.49,Debit Card,2026-02-01,2026-02-01
1595,368,2026-03-21 13:36:00,Delivered,267.49,Debit Card,2026-03-27,2026-03-28
1596,246,2026-04-02 18:07:00,Delivered,410.01,PayPal,2026-04-10,2026-04-09
1597,999,2024-04-22 17:07:00,Delivered,279.52,Credit Card,2024-04-26,2024-04-26
1598,290,2026-05-27 10:52:00,Delivered,543.66,Debit Card,2026-05-31,2026-06-01
1599,881,2026-02-17 15:55:00,Returned,580.37,PayPal,2026-02-22,2026-02-20
1600,646,2025-08-09 19:49:00,Delivered,80.14,Credit Card,2025-08-14,2025-08-12
1601,317,2026-02-18 14:33:00,Delivered,236.25,PayPal,2026-02-28,2026-02-27
1602,500,2026-03-25 10:54:00,Delivered,180.6,Debit Card,2026-04-01,2026-03-30
1603,836,2026-06-25 09:26:00,Out for Delivery,107.0,PayPal,2026-06-30,
1604,876,2026-05-27 10:06:00,Delivered,272.84,Credit Card,2026-05-30,2026-05-28
1605,156,2025-06-02 17:07:00,Delivered,94.07,PayPal,2025-06-11,2025-06-10
1606,316,2026-06-21 14:09:00,Delivered,360.1,Credit Card,2026-07-01,2026-06-30
1607,311,2026-05-17 15:29:00,Delivered,390.69,PayPal,2026-05-27,2026-05-27
1608,37,2025-08-22 09:45:00,Delivered,46.04,Debit Card,2025-08-28,2025-08-29
1609,552,2026-04-12 17:53:00,Delivered,464.94,Credit Card,2026-04-17,2026-04-18
1610,848,2025-09-26 10:18:00,Delivered,187.75,Credit Card,2025-10-05,2025-10-05
1611,361,2026-04-12 19:30:00,Delivered,265.83,Credit Card,2026-04-20,2026-04-18
1612,730,2026-06-04 18:28:00,Refunded,149.69,Bank Transfer,2026-06-12,2026-06-13
1613,575,2024-12-17 17:45:00,Delayed,127.58,Debit Card,2024-12-23,2024-12-28
1614,356,2024-11-14 16:52:00,Delivered,67.54,PayPal,2024-11-24,2024-11-25
1615,126,2026-03-31 08:39:00,Delivered,170.27,Credit Card,2026-04-08,2026-04-07
1616,683,2026-02-28 16:47:00,Delivered,289.62,Credit Card,2026-03-07,2026-03-07
1617,848,2026-04-02 14:16:00,Delivered,185.18,Debit Card,2026-04-06,2026-04-07
1618,662,2026-05-20 19:39:00,Cancelled,44.86,PayPal,2026-05-29,
1619,21,2026-06-12 11:03:00,Delivered,141.85,Google Pay,2026-06-20,2026-06-20
1620,200,2026-06-13 20:04:00,Delivered,99.79,Credit Card,2026-06-16,2026-06-15
1621,70,2026-01-07 20:42:00,Delivered,297.6,PayPal,2026-01-11,2026-01-12
1622,519,2026-05-22 16:56:00,Delivered,254.79,Google Pay,2026-05-28,2026-05-26
1623,751,2026-04-23 19:48:00,Delivered,248.3,Credit Card,2026-04-27,2026-04-25
1624,105,2026-02-27 09:52:00,Delivered,271.02,Credit Card,2026-03-05,2026-03-04
1625,836,2026-06-20 10:57:00,Delivered,167.33,Apple Pay,2026-06-29,2026-06-28
1626,509,2025-10-12 18:33:00,Delivered,19.3,Google Pay,2025-10-22,2025-10-20
1627,663,2024-08-16 12:11:00,Delivered,348.8,Credit Card,2024-08-21,2024-08-21
1628,964,2026-05-24 17:39:00,Delivered,107.13,Debit Card,2026-06-01,2026-05-30
1629,82,2026-05-08 08:09:00,Returned,64.54,Debit Card,2026-05-17,2026-05-16
1630,895,2026-04-05 15:08:00,Delivered,39.94,Credit Card,2026-04-10,2026-04-10
1631,114,2026-01-29 18:22:00,Delivered,305.57,Debit Card,2026-02-06,2026-02-07
1632,367,2025-06-05 16:26:00,Delivered,257.04,Apple Pay,2025-06-10,2025-06-11
1633,848,2025-11-19 12:22:00,Delivered,98.72,Credit Card,2025-11-26,2025-11-26
1634,899,2026-04-26 10:29:00,Cancelled,207.21,Credit Card,2026-05-03,
1635,477,2025-03-28 20:32:00,Delivered,1510.31,PayPal,2025-04-07,2025-04-08
1636,546,2026-01-22 10:43:00,Delivered,323.31,Credit Card,2026-01-31,2026-01-31
1637,680,2026-03-01 16:18:00,Delivered,141.89,Credit Card,2026-03-07,2026-03-08
1638,829,2026-02-27 08:04:00,Delivered,558.05,Credit Card,2026-03-02,2026-03-01
1639,113,2026-05-30 10:43:00,Delivered,247.27,Gift Card,2026-06-06,2026-06-04
1640,805,2025-05-21 16:40:00,Delivered,159.2,Credit Card,2025-05-24,2025-05-23
1641,453,2026-02-21 18:10:00,Delivered,9.94,Credit Card,2026-02-25,2026-02-25
1642,414,2026-05-30 20:39:00,Cancelled,324.49,PayPal,2026-06-03,
1643,393,2025-04-20 09:02:00,Delivered,395.11,PayPal,2025-04-30,2025-04-29
1644,479,2025-01-14 18:31:00,Delivered,100.22,Apple Pay,2025-01-20,2025-01-19
1645,934,2024-03-16 13:20:00,Refunded,154.76,Gift Card,2024-03-25,2024-03-24
1646,504,2024-01-06 12:00:00,Delivered,638.49,Credit Card,2024-01-13,2024-01-12
1647,943,2026-02-23 12:54:00,Delivered,147.35,Credit Card,2026-03-05,2026-03-03
1648,183,2026-05-27 13:24:00,Delayed,186.76,Debit Card,2026-06-03,2026-06-10
1649,706,2026-06-09 10:35:00,Returned,37.83,Apple Pay,2026-06-18,2026-06-18
1650,806,2025-10-12 12:22:00,Delivered,66.52,PayPal,2025-10-17,2025-10-17
1651,650,2026-05-05 12:32:00,Delivered,303.64,PayPal,2026-05-12,2026-05-11
1652,561,2025-04-16 08:42:00,Delivered,46.07,Debit Card,2025-04-19,2025-04-18
1653,512,2026-05-14 16:49:00,Delivered,19.58,Debit Card,2026-05-21,2026-05-22
1654,848,2026-03-06 19:30:00,Delivered,89.18,Debit Card,2026-03-09,2026-03-08
1655,817,2025-10-17 14:01:00,Delayed,82.82,Credit Card,2025-10-25,2025-11-02
1656,113,2026-06-02 16:48:00,Delivered,188.65,Apple Pay,2026-06-06,2026-06-05
1657,841,2026-05-03 08:49:00,Returned,202.52,Credit Card,2026-05-11,2026-05-11
1658,383,2026-03-01 17:53:00,Delivered,735.16,PayPal,2026-03-09,2026-03-10
1659,231,2025-08-23 13:44:00,Delivered,45.71,Credit Card,2025-08-26,2025-08-27
1660,859,2026-04-29 11:38:00,Delivered,656.87,Credit Card,2026-05-02,2026-05-03
1661,399,2026-01-13 08:16:00,Delivered,295.43,Google Pay,2026-01-22,2026-01-21
1662,803,2025-09-27 17:02:00,Delivered,26.43,Apple Pay,2025-10-06,2025-10-06
1663,242,2024-07-12 09:15:00,Delivered,403.89,Debit Card,2024-07-21,2024-07-21
1664,4,2025-11-19 08:25:00,Delivered,98.38,Credit Card,2025-11-24,2025-11-23
1665,464,2024-07-21 11:41:00,Delivered,73.88,Credit Card,2024-07-26,2024-07-26
1666,102,2026-06-22 11:12:00,Shipped,204.24,PayPal,2026-06-27,
1667,749,2026-02-16 16:16:00,Delivered,489.58,Credit Card,2026-02-25,2026-02-25
1668,250,2025-09-18 18:14:00,Delivered,51.56,Credit Card,2025-09-21,2025-09-22
1669,409,2026-04-13 11:13:00,Delivered,385.76,Debit Card,2026-04-23,2026-04-21
1670,87,2026-05-22 17:14:00,Delivered,200.78,Apple Pay,2026-06-01,2026-06-01
1671,257,2024-12-29 14:56:00,Delivered,461.13,PayPal,2025-01-06,2025-01-06
1672,776,2026-03-14 10:58:00,Delivered,416.72,Credit Card,2026-03-22,2026-03-21
1673,140,2025-04-29 09:21:00,Delivered,93.18,Credit Card,2025-05-06,2025-05-06
1674,599,2026-05-13 19:54:00,Delivered,172.36,PayPal,2026-05-21,2026-05-20
1675,913,2026-06-28 16:26:00,Shipped,9.44,PayPal,2026-07-07,
1676,651,2025-10-02 09:08:00,Delivered,132.01,Credit Card,2025-10-11,2025-10-09
1677,805,2026-04-30 10:45:00,Delivered,75.38,Credit Card,2026-05-06,2026-05-07
1678,104,2026-05-31 16:30:00,Delivered,58.47,Debit Card,2026-06-03,2026-06-01
1679,229,2026-06-12 09:38:00,Delivered,139.14,Apple Pay,2026-06-21,2026-06-21
1680,892,2026-05-10 08:33:00,Delivered,339.48,Debit Card,2026-05-13,2026-05-14
1681,689,2025-11-25 16:49:00,Delivered,496.08,PayPal,2025-11-30,2025-11-29
1682,594,2026-03-27 13:18:00,Delivered,32.99,Credit Card,2026-03-31,2026-03-29
1683,621,2025-12-27 18:24:00,Delivered,528.88,Credit Card,2026-01-03,2026-01-02
1684,385,2026-04-13 18:36:00,Delivered,393.14,Debit Card,2026-04-18,2026-04-18
1685,40,2026-06-11 10:05:00,Delivered,216.69,Apple Pay,2026-06-17,2026-06-15
1686,783,2025-05-08 08:20:00,Delivered,62.24,PayPal,2025-05-16,2025-05-16
1687,649,2026-05-19 16:01:00,Delivered,106.63,PayPal,2026-05-24,2026-05-23
1688,442,2026-01-12 16:45:00,Returned,127.0,PayPal,2026-01-21,2026-01-21
1689,894,2026-05-23 18:47:00,Delivered,20.01,Credit Card,2026-05-31,2026-05-29
1690,311,2026-04-08 14:54:00,Delivered,199.49,Credit Card,2026-04-16,2026-04-17
1691,268,2025-08-05 16:55:00,Delivered,453.47,Credit Card,2025-08-14,2025-08-15
1692,862,2026-06-08 09:29:00,Delivered,101.89,Credit Card,2026-06-18,2026-06-17
1693,797,2026-03-12 11:37:00,Delayed,601.72,PayPal,2026-03-16,2026-03-24
1694,486,2024-09-09 09:11:00,Delivered,60.13,Debit Card,2024-09-15,2024-09-15
1695,116,2026-02-16 17:33:00,Delivered,160.2,Credit Card,2026-02-24,2026-02-23
1696,199,2024-05-25 19:24:00,Returned,70.1,Credit Card,2024-06-02,2024-06-02
1697,614,2025-10-25 10:30:00,Delayed,257.73,PayPal,2025-10-28,2025-11-07
1698,363,2026-05-06 17:15:00,Delivered,88.77,PayPal,2026-05-14,2026-05-13
1699,833,2026-05-22 11:29:00,Delivered,222.85,Debit Card,2026-05-29,2026-05-30
1700,942,2026-01-03 18:17:00,Delivered,70.71,Credit Card,2026-01-13,2026-01-13
1701,798,2026-06-20 08:27:00,Delivered,54.24,Credit Card,2026-06-26,2026-06-24
1702,358,2023-09-11 14:46:00,Delivered,355.58,Credit Card,2023-09-19,2023-09-20
1703,788,2024-06-11 12:46:00,Delivered,502.38,Debit Card,2024-06-15,2024-06-13
1704,335,2024-01-28 13:48:00,Delivered,502.34,Credit Card,2024-02-02,2024-01-31
1705,160,2025-06-01 11:02:00,Delivered,224.99,Credit Card,2025-06-09,2025-06-09
1706,34,2025-04-28 12:28:00,Delivered,7.95,Credit Card,2025-05-05,2025-05-06
1707,364,2025-05-01 20:52:00,Delivered,60.36,PayPal,2025-05-08,2025-05-06
1708,895,2025-11-12 13:53:00,Delivered,7.94,Apple Pay,2025-11-15,2025-11-14
1709,222,2025-04-10 19:58:00,Delivered,83.96,Credit Card,2025-04-20,2025-04-19
1710,196,2025-12-30 16:35:00,Delivered,341.19,Credit Card,2026-01-03,2026-01-03
1711,961,2026-02-28 08:16:00,Delivered,219.51,PayPal,2026-03-10,2026-03-10
1712,27,2026-04-14 11:34:00,Delivered,246.02,Debit Card,2026-04-22,2026-04-21
1713,785,2024-05-14 10:48:00,Delivered,71.75,Debit Card,2024-05-22,2024-05-23
1714,306,2025-11-15 11:49:00,Returned,279.47,PayPal,2025-11-22,2025-11-22
1715,35,2026-02-16 20:13:00,Delivered,240.11,PayPal,2026-02-21,2026-02-22
1716,913,2026-04-29 09:52:00,Delivered,319.25,Credit Card,2026-05-07,2026-05-07
1717,125,2026-06-15 15:16:00,Delivered,69.18,Credit Card,2026-06-18,2026-06-18
1718,506,2024-08-26 13:43:00,Delivered,281.41,Credit Card,2024-09-05,2024-09-05
1719,249,2024-06-22 12:40:00,Cancelled,130.27,Credit Card,2024-06-25,
1720,60,2025-10-07 17:49:00,Delivered,82.36,Credit Card,2025-10-13,2025-10-12
1721,47,2025-10-31 16:03:00,Delivered,476.46,PayPal,2025-11-05,2025-11-05
1722,107,2026-05-27 18:52:00,Returned,283.05,Credit Card,2026-05-31,2026-06-01
1723,71,2024-12-21 16:02:00,Delivered,83.61,Bank Transfer,2024-12-24,2024-12-23
1724,757,2026-04-19 20:12:00,Delivered,43.62,Debit Card,2026-04-22,2026-04-20
1725,454,2025-07-29 14:39:00,Delivered,104.88,PayPal,2025-08-02,2025-08-02
1726,322,2026-04-02 08:09:00,Delayed,60.39,Credit Card,2026-04-09,2026-04-14
1727,391,2024-05-10 12:04:00,Refunded,106.44,Google Pay,2024-05-15,2024-05-14
1728,922,2024-05-07 16:51:00,Refunded,692.28,Debit Card,2024-05-17,2024-05-16
1729,904,2024-08-04 12:10:00,Delivered,103.38,Credit Card,2024-08-09,2024-08-07
1730,691,2025-02-05 15:51:00,Delayed,378.1,Credit Card,2025-02-12,2025-02-21
1731,881,2025-10-31 16:51:00,Delivered,133.41,Apple Pay,2025-11-09,2025-11-09
1732,305,2026-06-28 13:36:00,Shipped,709.59,Credit Card,2026-07-02,
1733,359,2024-07-04 15:37:00,Delivered,55.75,Credit Card,2024-07-12,2024-07-11
1734,568,2026-06-18 12:46:00,Delivered,387.84,Credit Card,2026-06-23,2026-06-22
1735,573,2026-04-27 12:19:00,Refunded,31.71,Credit Card,2026-05-04,2026-05-03
1736,453,2026-03-24 10:09:00,Refunded,70.99,Credit Card,2026-03-31,2026-04-01
1737,368,2026-03-31 13:09:00,Delivered,302.66,Apple Pay,2026-04-07,2026-04-08
1738,981,2025-08-27 12:27:00,Delivered,44.14,PayPal,2025-09-03,2025-09-03
1739,817,2026-01-16 16:05:00,Delivered,353.8,Credit Card,2026-01-20,2026-01-20
1740,402,2026-02-12 10:20:00,Delivered,53.77,Google Pay,2026-02-16,2026-02-14
1741,709,2025-06-11 15:16:00,Delivered,187.02,Debit Card,2025-06-21,2025-06-19
1742,246,2026-04-10 12:08:00,Delivered,155.57,PayPal,2026-04-13,2026-04-14
1743,102,2026-02-14 13:01:00,Delivered,27.54,Credit Card,2026-02-18,2026-02-18
1744,337,2024-10-19 12:44:00,Delivered,488.34,Debit Card,2024-10-29,2024-10-30
1745,371,2026-04-09 12:03:00,Refunded,38.73,Google Pay,2026-04-18,2026-04-16
1746,16,2024-07-03 09:49:00,Delayed,26.92,Credit Card,2024-07-11,2024-07-21
1747,808,2026-01-05 11:23:00,Delivered,61.87,Credit Card,2026-01-13,2026-01-11
1748,339,2025-03-08 13:15:00,Cancelled,155.08,Credit Card,2025-03-15,
1749,534,2026-04-30 13:45:00,Delivered,162.16,Debit Card,2026-05-05,2026-05-05
1750,71,2026-02-08 08:40:00,Delivered,514.1,Debit Card,2026-02-16,2026-02-17
1751,176,2026-01-29 12:28:00,Delivered,86.0,Google Pay,2026-02-02,2026-01-31
1752,885,2026-05-04 18:07:00,Delivered,390.88,Google Pay,2026-05-08,2026-05-09
1753,564,2026-06-28 09:19:00,Processing,12.76,Credit Card,2026-07-08,
1754,943,2026-03-12 09:05:00,Delivered,240.8,Credit Card,2026-03-15,2026-03-14
1755,999,2026-01-21 11:25:00,Delivered,50.23,Credit Card,2026-01-31,2026-01-30
1756,352,2025-10-06 18:06:00,Returned,285.62,Credit Card,2025-10-10,2025-10-08
1757,273,2025-01-17 15:48:00,Delivered,224.0,Debit Card,2025-01-25,2025-01-26
1758,848,2025-12-30 12:34:00,Delivered,44.81,Credit Card,2026-01-08,2026-01-09
1759,999,2025-06-25 20:06:00,Delivered,119.02,Debit Card,2025-06-29,2025-06-27
1760,575,2023-01-07 16:37:00,Cancelled,273.9,Credit Card,2023-01-13,
1761,796,2026-01-24 15:18:00,Delivered,287.59,PayPal,2026-01-30,2026-01-31
1762,778,2026-05-14 20:44:00,Delivered,18.18,Credit Card,2026-05-24,2026-05-23
1763,337,2026-06-25 11:12:00,Out for Delivery,254.25,Debit Card,2026-07-05,
1764,521,2025-07-26 17:26:00,Delivered,359.29,Debit Card,2025-08-05,2025-08-04
1765,829,2024-08-13 09:17:00,Delivered,571.11,Credit Card,2024-08-19,2024-08-20
1766,662,2026-01-25 13:54:00,Delivered,177.9,Credit Card,2026-01-28,2026-01-29
1767,21,2025-10-12 09:06:00,Delivered,7.77,Credit Card,2025-10-22,2025-10-20
1768,313,2025-11-04 09:11:00,Delivered,118.74,PayPal,2025-11-12,2025-11-12
1769,131,2026-05-01 11:14:00,Delivered,192.67,Debit Card,2026-05-04,2026-05-04
1770,213,2026-06-03 09:32:00,Delivered,277.12,Debit Card,2026-06-11,2026-06-09
1771,897,2024-11-01 12:57:00,Delivered,523.63,Debit Card,2024-11-10,2024-11-09
1772,35,2026-01-11 12:16:00,Cancelled,422.2,Credit Card,2026-01-21,
1773,204,2025-12-31 12:03:00,Cancelled,146.34,PayPal,2026-01-03,
1774,290,2026-02-28 12:32:00,Delivered,160.06,Credit Card,2026-03-06,2026-03-07
1775,570,2025-09-27 10:38:00,Delivered,421.7,PayPal,2025-09-30,2025-09-29
1776,499,2026-04-01 17:36:00,Delivered,86.26,PayPal,2026-04-08,2026-04-09
1777,200,2023-01-05 15:21:00,Delivered,505.53,Apple Pay,2023-01-14,2023-01-13
1778,159,2026-04-28 14:38:00,Delivered,184.8,PayPal,2026-05-01,2026-04-29
1779,221,2026-01-11 14:10:00,Delivered,291.75,Apple Pay,2026-01-18,2026-01-16
1780,473,2026-06-12 12:50:00,Returned,33.98,PayPal,2026-06-22,2026-06-21
1781,246,2026-06-23 15:47:00,Shipped,43.56,Credit Card,2026-07-03,
1782,938,2026-01-21 14:53:00,Delayed,14.14,Google Pay,2026-01-26,2026-02-05
1783,428,2025-11-10 13:44:00,Delivered,82.71,Debit Card,2025-11-15,2025-11-13
1784,54,2025-08-19 16:48:00,Delivered,360.81,Credit Card,2025-08-25,2025-08-25
1785,714,2026-03-30 11:37:00,Delivered,626.22,Credit Card,2026-04-05,2026-04-06
1786,307,2026-04-13 08:55:00,Delivered,41.67,Google Pay,2026-04-18,2026-04-18
1787,611,2025-05-21 12:25:00,Delivered,404.18,Credit Card,2025-05-27,2025-05-28
1788,250,2025-07-25 08:01:00,Delivered,92.03,Credit Card,2025-07-30,2025-07-28
1789,519,2025-08-07 18:05:00,Delivered,39.34,Credit Card,2025-08-17,2025-08-18
1790,768,2026-03-17 14:15:00,Delivered,137.06,Debit Card,2026-03-20,2026-03-21
1791,922,2024-01-09 08:32:00,Delivered,65.18,Credit Card,2024-01-15,2024-01-15
1792,239,2025-05-31 09:27:00,Delivered,108.48,Credit Card,2025-06-06,2025-06-07
1793,311,2025-08-04 09:32:00,Delivered,153.32,Debit Card,2025-08-07,2025-08-07
1794,428,2026-05-11 19:26:00,Delivered,39.48,Apple Pay,2026-05-20,2026-05-21
1795,921,2025-07-29 17:04:00,Delivered,18.95,Debit Card,2025-08-02,2025-08-01
1796,895,2026-05-19 10:23:00,Refunded,183.86,PayPal,2026-05-23,2026-05-22
1797,92,2025-04-16 15:44:00,Delivered,15.84,PayPal,2025-04-25,2025-04-23
1798,116,2026-05-03 20:34:00,Delivered,593.09,Apple Pay,2026-05-10,2026-05-09
1799,464,2024-07-04 08:52:00,Delivered,348.07,Credit Card,2024-07-08,2024-07-06
1800,103,2026-05-11 17:46:00,Delivered,275.87,Credit Card,2026-05-15,2026-05-15
1801,327,2025-06-02 10:37:00,Delivered,100.7,PayPal,2025-06-10,2025-06-11
1802,135,2025-12-17 20:19:00,Delivered,73.64,Credit Card,2025-12-24,2025-12-25
1803,585,2026-03-05 15:22:00,Delivered,296.82,Credit Card,2026-03-08,2026-03-06
1804,942,2023-12-13 20:04:00,Delivered,13.4,PayPal,2023-12-19,2023-12-18
1805,994,2025-03-02 12:17:00,Delivered,268.4,PayPal,2025-03-09,2025-03-08
1806,356,2026-01-16 16:08:00,Delivered,23.11,Credit Card,2026-01-19,2026-01-17
1807,552,2025-11-22 17:07:00,Delayed,66.0,PayPal,2025-11-27,2025-12-03
1808,848,2026-03-08 08:41:00,Delivered,205.83,Debit Card,2026-03-14,2026-03-15
1809,108,2026-05-28 20:31:00,Delivered,248.06,Apple Pay,2026-05-31,2026-06-01
1810,662,2025-06-16 08:25:00,Delivered,442.01,Gift Card,2025-06-26,2025-06-27
1811,379,2026-06-20 13:20:00,Delivered,165.94,PayPal,2026-06-23,2026-06-22
1812,196,2024-09-16 10:52:00,Delivered,488.93,Credit Card,2024-09-23,2024-09-21
1813,370,2024-08-07 12:09:00,Delivered,29.08,PayPal,2024-08-16,2024-08-17
1814,76,2025-08-17 12:32:00,Delivered,289.99,Debit Card,2025-08-25,2025-08-25
1815,671,2026-01-11 18:54:00,Refunded,293.46,Apple Pay,2026-01-20,2026-01-18
1816,231,2026-03-28 20:39:00,Delivered,149.55,Debit Card,2026-04-03,2026-04-03
1817,293,2025-10-31 19:46:00,Delivered,60.23,Credit Card,2025-11-04,2025-11-02
1818,112,2025-09-03 15:25:00,Delivered,555.25,Credit Card,2025-09-10,2025-09-09
1819,856,2026-04-04 18:12:00,Delivered,262.0,Credit Card,2026-04-08,2026-04-06
1820,462,2026-02-25 10:10:00,Delivered,129.87,Apple Pay,2026-03-07,2026-03-06
1821,519,2024-08-24 08:39:00,Delivered,200.55,PayPal,2024-08-29,2024-08-29
1822,519,2025-07-10 19:01:00,Delivered,346.07,Debit Card,2025-07-20,2025-07-18
1823,379,2026-06-26 20:38:00,Shipped,131.82,Google Pay,2026-07-01,
1824,189,2026-02-24 08:04:00,Delivered,93.64,Debit Card,2026-03-04,2026-03-05
1825,736,2024-10-30 08:12:00,Delivered,244.48,PayPal,2024-11-06,2024-11-07
1826,114,2026-05-13 17:39:00,Delivered,387.06,Credit Card,2026-05-23,2026-05-21
1827,102,2026-06-12 09:20:00,Delivered,351.76,PayPal,2026-06-20,2026-06-20
1828,685,2026-06-25 20:48:00,Shipped,204.83,Credit Card,2026-07-05,
1829,197,2025-03-07 10:04:00,Delivered,124.83,Credit Card,2025-03-14,2025-03-12
1830,289,2026-02-20 13:43:00,Delivered,128.78,Credit Card,2026-02-23,2026-02-23
1831,444,2025-10-25 12:27:00,Delivered,42.35,Credit Card,2025-11-04,2025-11-02
1832,412,2026-01-27 16:00:00,Delivered,406.34,Apple Pay,2026-02-01,2026-02-01
1833,682,2026-06-29 08:44:00,Placed,239.71,PayPal,2026-07-05,
1834,573,2026-02-08 18:26:00,Delivered,69.69,Credit Card,2026-02-14,2026-02-12
1835,596,2026-01-30 12:55:00,Delivered,283.77,PayPal,2026-02-05,2026-02-05
1836,687,2025-07-02 12:06:00,Delivered,98.89,Google Pay,2025-07-08,2025-07-07
1837,266,2026-03-06 19:19:00,Delivered,97.48,Apple Pay,2026-03-13,2026-03-13
1838,306,2025-01-03 20:25:00,Cancelled,35.13,Apple Pay,2025-01-06,
1839,406,2026-03-12 14:16:00,Delivered,334.34,PayPal,2026-03-16,2026-03-17
1840,290,2026-04-05 19:02:00,Delivered,67.53,PayPal,2026-04-14,2026-04-14
1841,980,2026-03-17 12:48:00,Delivered,424.35,Credit Card,2026-03-26,2026-03-25
1842,808,2026-05-14 14:04:00,Delivered,56.22,Apple Pay,2026-05-21,2026-05-21
1843,160,2025-01-07 10:04:00,Delivered,19.73,Credit Card,2025-01-16,2025-01-16
1844,6,2026-04-25 19:18:00,Delivered,203.24,Gift Card,2026-05-05,2026-05-06
1845,40,2025-08-19 12:24:00,Delivered,135.56,PayPal,2025-08-22,2025-08-23
1846,228,2026-04-24 12:22:00,Delivered,60.08,Debit Card,2026-04-27,2026-04-26
1847,105,2026-06-15 09:27:00,Delivered,437.46,Google Pay,2026-06-20,2026-06-21
1848,499,2026-03-14 15:52:00,Delayed,313.82,Credit Card,2026-03-17,2026-03-27
1849,848,2026-06-26 18:15:00,Processing,66.56,Apple Pay,2026-07-03,
1850,724,2026-03-22 14:39:00,Delivered,159.79,Debit Card,2026-03-29,2026-03-27
1851,200,2025-05-23 18:19:00,Delivered,134.39,Credit Card,2025-05-26,2025-05-24
1852,368,2026-03-22 10:20:00,Delivered,225.03,Credit Card,2026-03-28,2026-03-28
1853,478,2026-06-29 08:25:00,Processing,137.25,Credit Card,2026-07-04,
1854,805,2026-04-25 13:26:00,Delivered,52.05,PayPal,2026-05-03,2026-05-04
1855,836,2026-06-10 16:46:00,Delivered,80.4,Credit Card,2026-06-13,2026-06-11
1856,903,2025-01-25 15:42:00,Delivered,372.8,Credit Card,2025-01-31,2025-01-30
1857,479,2024-04-27 17:16:00,Delivered,200.1,Credit Card,2024-05-03,2024-05-04
1858,671,2026-05-23 16:24:00,Cancelled,308.1,Credit Card,2026-05-27,
1859,105,2026-02-11 08:42:00,Delivered,43.62,Apple Pay,2026-02-18,2026-02-19
1860,514,2026-06-28 08:47:00,Processing,525.08,PayPal,2026-07-01,
1861,229,2026-06-09 13:28:00,Delivered,91.3,Debit Card,2026-06-18,2026-06-19
1862,399,2026-05-27 20:03:00,Delivered,69.05,Credit Card,2026-06-04,2026-06-03
1863,581,2025-01-14 08:23:00,Delivered,103.4,PayPal,2025-01-21,2025-01-19
1864,236,2026-06-02 10:10:00,Delivered,250.91,Debit Card,2026-06-08,2026-06-07
1865,52,2026-05-27 15:19:00,Delayed,109.84,Apple Pay,2026-06-06,2026-06-11
1866,10,2026-06-14 14:53:00,Delivered,95.43,Credit Card,2026-06-20,2026-06-19
1867,25,2026-02-19 15:15:00,Delivered,72.9,Google Pay,2026-03-01,2026-03-02
1868,8,2026-05-24 08:43:00,Delivered,48.56,Credit Card,2026-05-30,2026-05-30
1869,105,2026-05-31 12:26:00,Delivered,223.83,Gift Card,2026-06-06,2026-06-04
1870,222,2025-02-11 10:47:00,Delivered,667.39,PayPal,2025-02-15,2025-02-16
1871,205,2025-01-01 16:10:00,Delivered,303.94,PayPal,2025-01-11,2025-01-11
1872,981,2026-04-09 13:21:00,Delivered,306.94,Credit Card,2026-04-19,2026-04-19
1873,286,2026-06-19 08:35:00,Delayed,530.35,Credit Card,2026-06-27,
1874,114,2026-01-12 20:41:00,Delivered,61.66,PayPal,2026-01-21,2026-01-19
1875,500,2026-04-24 18:03:00,Delivered,12.61,Debit Card,2026-04-30,2026-04-29
1876,848,2026-04-18 19:58:00,Delivered,416.2,Credit Card,2026-04-28,2026-04-26
1877,648,2026-03-04 16:49:00,Delivered,267.66,Credit Card,2026-03-14,2026-03-12
1878,269,2026-05-16 18:10:00,Delivered,136.38,Credit Card,2026-05-23,2026-05-21
1879,511,2026-04-27 13:18:00,Delivered,24.86,Credit Card,2026-04-30,2026-05-01
1880,689,2026-06-05 08:26:00,Delivered,877.58,Credit Card,2026-06-14,2026-06-15
1881,711,2026-04-05 15:46:00,Delivered,53.36,PayPal,2026-04-08,2026-04-09
1882,625,2025-11-29 13:00:00,Delivered,146.31,Credit Card,2025-12-04,2025-12-04
1883,859,2025-06-17 12:09:00,Delivered,558.08,Credit Card,2025-06-20,2025-06-21
1884,859,2026-03-05 16:27:00,Delivered,95.47,PayPal,2026-03-10,2026-03-08
1885,533,2024-11-22 08:00:00,Cancelled,231.2,PayPal,2024-12-01,
1886,396,2026-06-05 18:43:00,Delivered,19.53,Credit Card,2026-06-11,2026-06-12
1887,595,2026-05-30 12:30:00,Delivered,82.98,Credit Card,2026-06-03,2026-06-01
1888,814,2026-04-07 14:50:00,Refunded,101.42,PayPal,2026-04-14,2026-04-15
1889,6,2026-04-19 20:33:00,Delivered,100.87,Credit Card,2026-04-24,2026-04-22
1890,987,2025-11-30 19:43:00,Delivered,361.48,Gift Card,2025-12-06,2025-12-04
1891,184,2025-06-24 18:39:00,Delivered,46.4,Debit Card,2025-07-03,2025-07-01
1892,438,2026-05-06 17:29:00,Delivered,387.28,Apple Pay,2026-05-14,2026-05-14
1893,860,2026-01-15 12:12:00,Delivered,302.38,PayPal,2026-01-20,2026-01-20
1894,208,2024-10-20 13:48:00,Delivered,465.02,PayPal,2024-10-23,2024-10-21
1895,449,2025-05-03 11:46:00,Returned,496.32,Credit Card,2025-05-12,2025-05-11
1896,117,2026-06-07 13:58:00,Delivered,339.72,Debit Card,2026-06-16,2026-06-15
1897,367,2024-01-01 15:03:00,Delivered,26.51,Credit Card,2024-01-07,2024-01-07
1898,179,2026-05-01 11:18:00,Delivered,384.85,Credit Card,2026-05-07,2026-05-05
1899,345,2026-05-31 19:58:00,Delivered,363.52,Credit Card,2026-06-06,2026-06-06
1900,356,2025-10-12 12:04:00,Delayed,287.19,Credit Card,2025-10-21,2025-10-25
1901,988,2025-10-26 17:30:00,Delivered,55.43,PayPal,2025-11-03,2025-11-01
1902,991,2026-03-09 12:31:00,Delivered,55.65,Credit Card,2026-03-18,2026-03-16
1903,105,2026-02-16 12:24:00,Delivered,106.26,Apple Pay,2026-02-26,2026-02-25
1904,708,2025-11-21 14:57:00,Delivered,416.04,Credit Card,2025-11-30,2025-11-30
1905,52,2026-06-09 19:24:00,Delivered,28.39,Credit Card,2026-06-16,2026-06-14
1906,34,2025-10-29 13:02:00,Delivered,400.85,Apple Pay,2025-11-01,2025-10-31
1907,103,2026-05-01 16:06:00,Delivered,250.64,PayPal,2026-05-11,2026-05-10
1908,956,2023-01-25 19:21:00,Delivered,631.36,Credit Card,2023-01-28,2023-01-28
1909,931,2025-10-16 12:11:00,Delivered,96.23,Debit Card,2025-10-19,2025-10-17
1910,189,2026-03-03 15:04:00,Delivered,353.86,Debit Card,2026-03-10,2026-03-10
1911,157,2025-09-03 16:39:00,Delivered,456.51,Debit Card,2025-09-12,2025-09-12
1912,226,2024-08-10 13:36:00,Delivered,129.01,Debit Card,2024-08-13,2024-08-11
1913,486,2026-01-17 16:58:00,Delivered,119.22,Credit Card,2026-01-25,2026-01-23
1914,519,2025-02-09 08:08:00,Delivered,193.9,Credit Card,2025-02-18,2025-02-16
1915,205,2025-10-01 08:51:00,Delivered,105.91,Credit Card,2025-10-06,2025-10-07
1916,751,2026-06-05 12:07:00,Delivered,371.66,Credit Card,2026-06-09,2026-06-08
1917,290,2026-03-20 14:39:00,Delivered,272.16,Debit Card,2026-03-28,2026-03-27
1918,918,2025-10-16 20:01:00,Cancelled,276.5,Debit Card,2025-10-23,
1919,615,2025-01-06 14:36:00,Delivered,295.18,Credit Card,2025-01-15,2025-01-14
1920,405,2026-03-05 14:25:00,Delivered,315.45,PayPal,2026-03-12,2026-03-11
1921,790,2026-01-31 15:34:00,Delivered,9.18,Debit Card,2026-02-05,2026-02-04
1922,814,2026-02-07 13:02:00,Delivered,241.87,Credit Card,2026-02-12,2026-02-13
1923,264,2026-04-12 17:33:00,Delivered,179.75,Credit Card,2026-04-22,2026-04-22
1924,316,2025-07-22 18:54:00,Delivered,284.13,PayPal,2025-07-26,2025-07-27
1925,925,2026-03-02 19:43:00,Delivered,324.37,Credit Card,2026-03-07,2026-03-06
1926,160,2025-11-18 20:18:00,Delivered,347.15,PayPal,2025-11-23,2025-11-23
1927,37,2025-08-01 11:23:00,Delivered,354.72,PayPal,2025-08-10,2025-08-11
1928,415,2026-04-07 13:39:00,Cancelled,413.4,Credit Card,2026-04-13,
1929,797,2026-06-14 19:45:00,Delivered,30.08,Debit Card,2026-06-23,2026-06-24
1930,768,2025-07-15 08:05:00,Delivered,13.84,Credit Card,2025-07-25,2025-07-25
1931,914,2026-04-13 11:03:00,Delivered,48.4,PayPal,2026-04-21,2026-04-19
1932,499,2025-05-19 11:58:00,Delivered,118.13,Debit Card,2025-05-26,2025-05-26
1933,102,2026-06-08 17:07:00,Delivered,56.6,Debit Card,2026-06-15,2026-06-15
1934,541,2024-03-08 20:23:00,Refunded,57.78,Credit Card,2024-03-17,2024-03-17
1935,774,2026-06-04 18:20:00,Cancelled,182.5,Credit Card,2026-06-12,
1936,95,2026-02-13 14:04:00,Delivered,88.02,PayPal,2026-02-21,2026-02-20
1937,166,2026-04-18 20:05:00,Delivered,88.46,Credit Card,2026-04-26,2026-04-26
1938,12,2024-03-02 18:52:00,Delivered,40.03,Debit Card,2024-03-05,2024-03-05
1939,545,2026-04-14 09:08:00,Delivered,220.31,Credit Card,2026-04-19,2026-04-18
1940,882,2026-06-02 08:30:00,Delivered,201.98,Credit Card,2026-06-10,2026-06-09
1941,633,2026-04-20 08:46:00,Delivered,278.03,Debit Card,2026-04-28,2026-04-27
1942,977,2026-06-22 12:42:00,Delivered,155.5,Credit Card,2026-07-02,2026-06-30
1943,58,2026-04-25 10:27:00,Delivered,153.09,PayPal,2026-04-28,2026-04-28
1944,895,2025-09-06 20:39:00,Delivered,190.04,Credit Card,2025-09-13,2025-09-12
1945,808,2025-06-16 13:46:00,Delivered,153.94,PayPal,2025-06-19,2025-06-17
1946,296,2025-10-04 16:50:00,Delivered,400.29,PayPal,2025-10-07,2025-10-07
1947,971,2026-04-10 14:58:00,Delivered,43.44,PayPal,2026-04-18,2026-04-17
1948,260,2026-02-19 09:22:00,Delivered,61.84,Apple Pay,2026-02-26,2026-02-24
1949,885,2026-04-10 15:39:00,Delivered,282.96,Credit Card,2026-04-16,2026-04-14
1950,870,2025-11-21 09:08:00,Delivered,286.42,Google Pay,2025-11-25,2025-11-25
1951,754,2026-05-17 08:40:00,Delivered,156.89,Credit Card,2026-05-20,2026-05-20
1952,512,2026-02-17 15:12:00,Delivered,24.8,Credit Card,2026-02-24,2026-02-24
1953,110,2026-03-23 19:38:00,Returned,99.84,PayPal,2026-03-26,2026-03-25
1954,498,2026-02-05 13:48:00,Delivered,72.86,Credit Card,2026-02-15,2026-02-13
1955,337,2023-12-09 14:01:00,Delivered,74.65,Apple Pay,2023-12-15,2023-12-15
1956,792,2026-06-28 09:09:00,Processing,137.86,Credit Card,2026-07-08,
1957,754,2025-02-06 09:08:00,Delivered,223.25,Debit Card,2025-02-14,2025-02-12
1958,904,2024-04-24 11:23:00,Delivered,98.19,Google Pay,2024-05-03,2024-05-04
1959,14,2026-04-30 17:35:00,Cancelled,41.18,Apple Pay,2026-05-04,
1960,803,2024-03-04 15:49:00,Cancelled,84.31,PayPal,2024-03-13,
1961,929,2026-06-05 09:02:00,Delivered,15.12,Credit Card,2026-06-10,2026-06-11
1962,789,2026-05-05 10:40:00,Delivered,129.0,Credit Card,2026-05-09,2026-05-09
1963,116,2025-07-04 09:10:00,Delivered,149.17,PayPal,2025-07-11,2025-07-09
1964,82,2025-08-02 10:07:00,Delivered,69.2,Credit Card,2025-08-09,2025-08-07
1965,21,2026-01-22 19:53:00,Cancelled,174.51,Credit Card,2026-01-31,
1966,575,2026-05-13 18:50:00,Delivered,439.54,PayPal,2026-05-17,2026-05-15
1967,575,2023-12-10 15:50:00,Delivered,314.64,PayPal,2023-12-20,2023-12-19
1968,981,2025-10-11 20:03:00,Delivered,190.92,PayPal,2025-10-17,2025-10-18
1969,368,2025-12-13 10:24:00,Delivered,305.6,Credit Card,2025-12-18,2025-12-19
1970,308,2025-10-23 16:33:00,Delayed,58.48,Credit Card,2025-10-29,2025-11-04
1971,573,2026-04-06 10:04:00,Delivered,394.68,PayPal,2026-04-09,2026-04-09
1972,822,2025-12-29 18:57:00,Delayed,366.74,Debit Card,2026-01-05,2026-01-11
1973,928,2025-07-14 11:00:00,Delivered,215.86,Credit Card,2025-07-23,2025-07-21
1974,797,2026-05-26 16:26:00,Delivered,283.16,Credit Card,2026-06-05,2026-06-04
1975,396,2026-06-26 13:36:00,Processing,110.7,PayPal,2026-06-29,
1976,583,2025-11-06 12:50:00,Delivered,238.18,Credit Card,2025-11-09,2025-11-08
1977,848,2026-04-07 15:03:00,Delivered,199.07,Credit Card,2026-04-15,2026-04-16
1978,458,2026-05-09 12:51:00,Returned,316.7,Apple Pay,2026-05-13,2026-05-12
1979,200,2024-08-04 14:05:00,Delivered,526.01,Apple Pay,2024-08-14,2024-08-13
1980,162,2025-11-16 13:27:00,Returned,126.9,Credit Card,2025-11-22,2025-11-20
1981,1,2026-01-06 11:20:00,Delayed,212.86,Credit Card,2026-01-11,2026-01-19
1982,695,2026-06-22 19:24:00,Delivered,14.74,PayPal,2026-06-30,2026-06-30
1983,105,2026-04-01 12:26:00,Delivered,177.6,Credit Card,2026-04-08,2026-04-09
1984,228,2026-05-22 18:22:00,Delivered,57.51,Apple Pay,2026-05-28,2026-05-27
1985,273,2026-02-18 18:10:00,Delivered,189.34,PayPal,2026-02-24,2026-02-23
1986,511,2025-06-13 20:22:00,Delivered,90.95,PayPal,2025-06-16,2025-06-15
1987,368,2026-04-06 11:18:00,Delivered,163.56,PayPal,2026-04-14,2026-04-15
1988,641,2026-01-25 08:15:00,Cancelled,68.65,Apple Pay,2026-01-30,
1989,53,2025-10-19 13:38:00,Delivered,95.74,Credit Card,2025-10-27,2025-10-27
1990,113,2026-02-24 11:46:00,Delivered,157.16,Credit Card,2026-03-03,2026-03-04
1991,470,2025-09-09 14:12:00,Delivered,107.56,Credit Card,2025-09-19,2025-09-20
1992,314,2025-10-12 10:52:00,Delivered,518.2,Credit Card,2025-10-18,2025-10-17
1993,269,2026-06-18 14:19:00,Delayed,85.61,PayPal,2026-06-25,2026-06-28
1994,65,2026-03-02 17:32:00,Delivered,155.36,PayPal,2026-03-06,2026-03-04
1995,892,2026-04-14 11:56:00,Delivered,54.89,Credit Card,2026-04-17,2026-04-17
1996,667,2026-06-06 19:50:00,Returned,420.88,Debit Card,2026-06-10,2026-06-10
1997,113,2026-05-04 18:35:00,Delivered,7.82,Credit Card,2026-05-13,2026-05-13
1998,60,2025-06-26 08:01:00,Delivered,351.04,Credit Card,2025-06-29,2025-06-30
1999,972,2026-02-09 20:32:00,Delivered,18.58,PayPal,2026-02-18,2026-02-18
2000,654,2026-04-20 20:41:00,Delivered,514.31,Credit Card,2026-04-23,2026-04-24
2001,391,2024-06-26 18:58:00,Delivered,165.08,Credit Card,2024-07-02,2024-07-02
2002,674,2026-05-03 13:54:00,Delivered,53.89,Credit Card,2026-05-09,2026-05-09
2003,751,2026-06-10 18:28:00,Delivered,204.62,Credit Card,2026-06-14,2026-06-13
2004,775,2026-04-28 20:31:00,Delivered,224.89,Google Pay,2026-05-03,2026-05-01
2005,449,2025-08-21 14:19:00,Delivered,189.58,PayPal,2025-08-24,2025-08-22
2006,396,2026-05-25 15:06:00,Delivered,8.06,Credit Card,2026-06-02,2026-06-02
2007,11,2026-01-30 14:27:00,Returned,337.0,Credit Card,2026-02-06,2026-02-04
2008,920,2024-08-15 13:18:00,Refunded,248.83,Google Pay,2024-08-23,2024-08-22
2009,555,2025-10-12 17:50:00,Cancelled,55.12,PayPal,2025-10-20,
2010,193,2025-06-26 18:08:00,Delivered,95.78,Debit Card,2025-07-03,2025-07-03
2011,914,2025-12-23 08:30:00,Delivered,95.86,Google Pay,2025-12-28,2025-12-28
2012,909,2026-06-28 08:27:00,Shipped,203.7,Credit Card,2026-07-07,
2013,986,2026-03-26 19:48:00,Delivered,96.15,Debit Card,2026-04-02,2026-04-02
2014,865,2026-06-18 14:32:00,Delivered,44.05,PayPal,2026-06-22,2026-06-23
2015,994,2026-01-17 16:57:00,Delivered,175.41,Credit Card,2026-01-22,2026-01-21
2016,229,2026-06-28 18:27:00,Shipped,105.59,Debit Card,2026-07-02,
2017,839,2026-05-24 13:06:00,Delivered,193.94,Credit Card,2026-06-01,2026-05-31
2018,818,2024-10-06 08:34:00,Delivered,131.0,PayPal,2024-10-11,2024-10-11
2019,213,2025-11-14 09:00:00,Delivered,173.2,Credit Card,2025-11-23,2025-11-24
2020,98,2026-02-12 20:54:00,Delivered,189.26,PayPal,2026-02-15,2026-02-13
2021,977,2026-05-07 11:48:00,Delivered,224.6,Debit Card,2026-05-13,2026-05-11
2022,269,2026-05-22 08:28:00,Cancelled,28.88,Credit Card,2026-05-30,
2023,859,2026-01-29 18:43:00,Delivered,273.51,Debit Card,2026-02-07,2026-02-07
2024,5,2026-02-07 18:02:00,Delivered,81.84,Gift Card,2026-02-16,2026-02-15
2025,21,2023-06-02 15:27:00,Delivered,708.23,Apple Pay,2023-06-06,2023-06-05
2026,429,2025-09-09 15:57:00,Delivered,120.75,Credit Card,2025-09-19,2025-09-18
2027,222,2025-05-25 12:02:00,Delivered,404.37,PayPal,2025-06-02,2025-06-03
2028,663,2026-04-11 08:50:00,Delivered,565.45,Credit Card,2026-04-19,2026-04-17
2029,514,2026-05-23 12:09:00,Delivered,36.2,Credit Card,2026-05-30,2026-05-29
2030,77,2026-06-15 14:49:00,Delivered,63.17,Credit Card,2026-06-20,2026-06-19
2031,158,2025-08-04 12:51:00,Delivered,368.95,Google Pay,2025-08-09,2025-08-09
2032,366,2026-01-25 16:57:00,Delivered,28.09,Apple Pay,2026-02-03,2026-02-03
2033,184,2025-09-19 17:47:00,Delivered,74.72,Credit Card,2025-09-27,2025-09-27
2034,792,2025-06-18 18:58:00,Delivered,7.93,PayPal,2025-06-23,2025-06-22
2035,390,2026-06-23 20:57:00,Out for Delivery,37.6,Debit Card,2026-07-03,
2036,95,2025-11-19 20:03:00,Delivered,259.84,Debit Card,2025-11-29,2025-11-30
2037,454,2025-01-31 17:33:00,Delivered,385.04,PayPal,2025-02-04,2025-02-04
2038,92,2026-04-13 16:05:00,Delivered,488.76,Credit Card,2026-04-22,2026-04-21
2039,116,2025-12-22 16:43:00,Delivered,605.7,Debit Card,2025-12-29,2025-12-28
2040,222,2024-02-05 14:13:00,Delivered,60.19,Credit Card,2024-02-10,2024-02-08
2041,848,2026-02-22 19:45:00,Refunded,179.73,Credit Card,2026-02-27,2026-02-27
2042,918,2026-02-16 14:10:00,Delivered,463.62,Credit Card,2026-02-24,2026-02-23
2043,822,2026-01-30 09:41:00,Delayed,770.66,Credit Card,2026-02-06,2026-02-13
2044,311,2025-04-30 11:10:00,Refunded,156.68,Apple Pay,2025-05-04,2025-05-04
2045,247,2025-08-08 14:04:00,Delivered,233.92,Credit Card,2025-08-11,2025-08-10
2046,504,2024-10-25 08:10:00,Delivered,312.6,Credit Card,2024-10-31,2024-11-01
2047,698,2026-06-27 17:35:00,Shipped,105.81,Credit Card,2026-06-30,
2048,988,2025-08-04 10:13:00,Delivered,141.29,Gift Card,2025-08-08,2025-08-06
2049,116,2026-01-18 09:20:00,Delivered,7.67,Credit Card,2026-01-26,2026-01-27
2050,46,2026-02-26 10:40:00,Delivered,43.29,Credit Card,2026-03-02,2026-02-28
2051,671,2026-05-26 09:43:00,Delivered,55.92,Debit Card,2026-06-04,2026-06-02
2052,829,2025-03-22 11:27:00,Delivered,53.53,Credit Card,2025-03-26,2025-03-26
2053,840,2026-05-14 12:04:00,Delivered,235.08,Credit Card,2026-05-20,2026-05-18
2054,648,2025-10-19 11:00:00,Delivered,316.39,Credit Card,2025-10-22,2025-10-23
2055,944,2025-09-08 11:49:00,Delivered,394.02,Credit Card,2025-09-16,2025-09-15
2056,483,2026-03-17 20:47:00,Delivered,67.87,Credit Card,2026-03-26,2026-03-26
2057,908,2025-10-20 17:24:00,Delivered,127.95,Credit Card,2025-10-30,2025-10-31
2058,957,2026-01-16 09:11:00,Delayed,83.2,Debit Card,2026-01-23,2026-01-31
2059,840,2025-03-31 17:10:00,Delivered,215.37,Credit Card,2025-04-04,2025-04-05
2060,290,2026-06-09 11:09:00,Delivered,18.07,PayPal,2026-06-12,2026-06-11
2061,192,2025-04-04 16:21:00,Delivered,161.55,Google Pay,2025-04-12,2025-04-12
2062,504,2026-05-22 10:20:00,Delivered,230.41,Bank Transfer,2026-05-30,2026-05-29
2063,415,2026-05-27 15:12:00,Cancelled,1038.39,Credit Card,2026-06-06,
2064,870,2025-05-05 10:38:00,Delivered,95.88,Apple Pay,2025-05-12,2025-05-13
2065,102,2026-05-06 08:06:00,Delivered,297.54,Credit Card,2026-05-14,2026-05-13
2066,236,2026-05-18 13:08:00,Delivered,54.82,Credit Card,2026-05-22,2026-05-23
2067,744,2025-12-29 16:43:00,Returned,87.94,Credit Card,2026-01-06,2026-01-04
2068,95,2026-02-03 13:53:00,Delivered,121.33,PayPal,2026-02-13,2026-02-14
2069,306,2024-11-08 17:46:00,Delivered,119.33,Google Pay,2024-11-15,2024-11-16
2070,366,2026-03-20 18:04:00,Delivered,34.29,Apple Pay,2026-03-29,2026-03-27
2071,573,2025-01-24 09:01:00,Delivered,288.78,Debit Card,2025-01-27,2025-01-28
2072,152,2025-02-20 08:21:00,Delivered,241.85,Apple Pay,2025-02-25,2025-02-25
2073,848,2026-06-01 18:46:00,Cancelled,44.44,PayPal,2026-06-06,
2074,412,2025-12-19 17:41:00,Delivered,36.2,Credit Card,2025-12-25,2025-12-23
2075,912,2026-01-11 12:54:00,Cancelled,358.81,Credit Card,2026-01-20,
2076,434,2025-12-26 12:55:00,Delivered,322.71,Bank Transfer,2025-12-31,2026-01-01
2077,250,2025-05-30 11:32:00,Delivered,221.9,Credit Card,2025-06-06,2025-06-06
2078,128,2026-06-10 18:22:00,Delivered,297.84,Credit Card,2026-06-20,2026-06-21
2079,4,2026-03-10 15:11:00,Delivered,366.44,PayPal,2026-03-17,2026-03-16
2080,498,2026-06-12 15:10:00,Delivered,205.98,Credit Card,2026-06-17,2026-06-15
2081,104,2025-12-30 11:46:00,Delivered,304.56,PayPal,2026-01-03,2026-01-03
2082,366,2026-06-08 18:28:00,Cancelled,456.85,PayPal,2026-06-13,
2083,541,2024-12-21 14:08:00,Delivered,321.62,PayPal,2024-12-30,2024-12-31
2084,250,2026-06-11 10:41:00,Delayed,263.28,Apple Pay,2026-06-15,2026-06-22
2085,176,2026-02-18 16:11:00,Delivered,36.91,Credit Card,2026-02-22,2026-02-23
2086,769,2026-05-13 19:18:00,Delivered,43.49,PayPal,2026-05-18,2026-05-17
2087,938,2026-05-29 18:49:00,Delivered,136.89,Credit Card,2026-06-02,2026-06-03
2088,102,2026-04-22 14:23:00,Delivered,9.51,Google Pay,2026-04-26,2026-04-24
2089,145,2025-06-14 19:48:00,Delivered,14.09,Credit Card,2025-06-17,2025-06-16
2090,953,2026-05-16 19:50:00,Delivered,108.26,PayPal,2026-05-25,2026-05-24
2091,35,2025-10-18 17:41:00,Delivered,116.79,PayPal,2025-10-21,2025-10-20
2092,973,2025-10-25 18:12:00,Cancelled,206.37,Credit Card,2025-11-03,
2093,6,2026-04-04 18:37:00,Delivered,466.7,Apple Pay,2026-04-13,2026-04-14
2094,864,2026-06-14 20:56:00,Delivered,19.17,Credit Card,2026-06-19,2026-06-18
2095,290,2026-06-03 14:29:00,Delivered,8.03,Credit Card,2026-06-06,2026-06-07
2096,929,2026-03-31 11:19:00,Delivered,57.61,Apple Pay,2026-04-10,2026-04-08
2097,302,2026-04-14 09:20:00,Delivered,79.06,Credit Card,2026-04-18,2026-04-19
2098,613,2026-06-23 12:02:00,Out for Delivery,494.85,Credit Card,2026-06-29,
2099,79,2026-05-16 18:27:00,Delivered,97.73,Credit Card,2026-05-21,2026-05-19
2100,228,2026-06-01 16:44:00,Delivered,35.91,Credit Card,2026-06-07,2026-06-07
2101,768,2026-03-07 16:43:00,Delivered,174.12,Apple Pay,2026-03-13,2026-03-12
2102,494,2025-12-24 14:24:00,Delivered,364.29,Credit Card,2025-12-30,2025-12-30
2103,922,2025-03-17 17:09:00,Delivered,148.44,PayPal,2025-03-22,2025-03-23
2104,396,2026-05-09 17:16:00,Delivered,75.35,PayPal,2026-05-14,2026-05-15
2105,859,2026-06-03 08:22:00,Delivered,64.19,Credit Card,2026-06-08,2026-06-07
2106,412,2025-07-21 13:02:00,Delivered,215.65,Credit Card,2025-07-24,2025-07-25
2107,976,2026-03-19 12:27:00,Delivered,115.89,PayPal,2026-03-24,2026-03-25
2108,953,2026-06-09 08:05:00,Delivered,372.6,Credit Card,2026-06-15,2026-06-16
2109,307,2025-10-22 08:52:00,Returned,60.62,Credit Card,2025-10-26,2025-10-26
2110,882,2026-06-18 14:56:00,Delivered,328.12,Debit Card,2026-06-24,2026-06-25
2111,840,2026-05-28 19:39:00,Refunded,436.23,PayPal,2026-06-05,2026-06-06
2112,198,2026-05-05 08:41:00,Delivered,439.11,PayPal,2026-05-13,2026-05-11
2113,573,2026-05-26 14:52:00,Delivered,76.76,Google Pay,2026-06-04,2026-06-03
2114,71,2025-05-27 16:29:00,Delivered,193.92,Credit Card,2025-06-02,2025-06-01
2115,833,2026-06-22 15:22:00,Shipped,494.38,Credit Card,2026-06-28,
2116,175,2025-06-24 09:23:00,Refunded,388.5,Debit Card,2025-07-04,2025-07-03
2117,71,2024-10-03 13:08:00,Delivered,217.93,PayPal,2024-10-06,2024-10-07
2118,368,2026-05-24 20:29:00,Delivered,218.46,Debit Card,2026-05-28,2026-05-28
2119,530,2026-06-21 09:36:00,Delivered,245.64,PayPal,2026-07-01,2026-06-30
2120,848,2025-11-05 14:26:00,Delivered,61.21,Credit Card,2025-11-12,2025-11-11
2121,972,2025-10-13 14:51:00,Delivered,319.4,PayPal,2025-10-17,2025-10-17
2122,408,2026-05-29 14:02:00,Delivered,156.47,Credit Card,2026-06-03,2026-06-01
2123,56,2026-04-18 14:23:00,Delivered,226.31,PayPal,2026-04-27,2026-04-28
2124,740,2025-01-11 19:27:00,Delivered,19.17,Google Pay,2025-01-15,2025-01-15
2125,514,2026-06-26 11:52:00,Processing,70.91,Credit Card,2026-07-04,
2126,412,2025-09-25 11:11:00,Delivered,242.41,Credit Card,2025-10-02,2025-10-03
2127,290,2026-05-01 15:38:00,Delivered,196.64,PayPal,2026-05-09,2026-05-09
2128,473,2025-06-10 11:01:00,Delivered,145.41,PayPal,2025-06-15,2025-06-16
2129,316,2026-05-08 14:19:00,Delivered,83.71,Credit Card,2026-05-11,2026-05-09
2130,753,2026-02-18 20:56:00,Delivered,137.11,PayPal,2026-02-24,2026-02-22
2131,500,2025-08-15 16:28:00,Delivered,507.98,Apple Pay,2025-08-18,2025-08-18
2132,867,2025-10-17 15:18:00,Delivered,132.48,Credit Card,2025-10-26,2025-10-24
2133,500,2026-06-17 16:40:00,Delivered,523.28,Google Pay,2026-06-22,2026-06-22
2134,222,2025-08-21 15:50:00,Delivered,411.14,Debit Card,2025-08-27,2025-08-25
2135,848,2026-01-05 18:46:00,Delivered,8.0,Credit Card,2026-01-11,2026-01-11
2136,509,2024-06-25 08:56:00,Delivered,222.63,Debit Card,2024-07-01,2024-06-29
2137,197,2025-10-17 15:41:00,Delivered,295.93,Gift Card,2025-10-22,2025-10-23
2138,573,2026-02-16 09:57:00,Delivered,320.91,PayPal,2026-02-22,2026-02-23
2139,338,2024-07-02 09:13:00,Delivered,497.54,Debit Card,2024-07-05,2024-07-04
2140,839,2026-06-01 15:54:00,Delivered,231.92,Debit Card,2026-06-08,2026-06-07
2141,415,2026-06-08 18:52:00,Delivered,315.31,Credit Card,2026-06-15,2026-06-13
2142,708,2026-06-15 17:49:00,Delivered,470.58,Credit Card,2026-06-23,2026-06-24
2143,95,2026-06-23 18:41:00,Out for Delivery,480.22,Credit Card,2026-06-28,
2144,367,2024-11-16 08:25:00,Delivered,497.32,Debit Card,2024-11-19,2024-11-20
2145,979,2024-10-28 11:35:00,Refunded,169.14,Debit Card,2024-11-01,2024-11-01
2146,803,2025-11-05 13:38:00,Delivered,146.99,Credit Card,2025-11-14,2025-11-12
2147,155,2025-07-13 20:47:00,Delivered,163.35,Credit Card,2025-07-21,2025-07-19
2148,250,2025-03-12 08:11:00,Delivered,534.89,Debit Card,2025-03-18,2025-03-17
2149,308,2025-11-03 09:30:00,Delivered,106.77,Credit Card,2025-11-13,2025-11-13
2150,607,2026-02-19 10:45:00,Delayed,61.14,Debit Card,2026-02-26,2026-03-06
2151,753,2025-09-22 20:08:00,Delayed,124.67,Credit Card,2025-09-29,2025-10-05
2152,740,2025-07-10 10:14:00,Delivered,507.16,Credit Card,2025-07-18,2025-07-19
2153,480,2026-06-04 16:11:00,Delivered,250.49,Credit Card,2026-06-07,2026-06-08
2154,805,2026-01-18 12:52:00,Delivered,144.95,Credit Card,2026-01-25,2026-01-23
2155,406,2026-03-18 09:30:00,Refunded,81.08,Debit Card,2026-03-26,2026-03-27
2156,113,2025-12-02 08:45:00,Delivered,190.61,Credit Card,2025-12-07,2025-12-07
2157,512,2026-02-21 09:17:00,Delivered,214.87,PayPal,2026-03-01,2026-02-28
2158,943,2026-04-06 20:10:00,Delivered,135.12,Credit Card,2026-04-14,2026-04-13
2159,793,2025-02-28 18:57:00,Delivered,438.16,PayPal,2025-03-10,2025-03-10
2160,533,2023-08-13 10:50:00,Delivered,219.78,PayPal,2023-08-18,2023-08-17
2161,598,2025-09-24 11:23:00,Delivered,139.98,Credit Card,2025-10-03,2025-10-02
2162,922,2023-09-15 19:55:00,Delivered,69.76,PayPal,2023-09-25,2023-09-23
2163,396,2026-06-08 08:41:00,Delivered,154.55,Credit Card,2026-06-14,2026-06-15
2164,308,2025-07-17 09:11:00,Delivered,358.58,PayPal,2025-07-20,2025-07-21
2165,972,2026-03-09 10:32:00,Returned,17.45,Credit Card,2026-03-15,2026-03-15
2166,854,2026-05-19 10:50:00,Delayed,27.36,Credit Card,2026-05-26,2026-06-04
2167,306,2026-03-23 13:24:00,Delivered,218.66,Debit Card,2026-03-30,2026-03-30
2168,428,2026-03-14 11:44:00,Delivered,208.15,PayPal,2026-03-18,2026-03-17
2169,387,2025-12-19 20:30:00,Delivered,260.3,PayPal,2025-12-29,2025-12-30
2170,135,2025-11-29 18:18:00,Delivered,51.96,Credit Card,2025-12-06,2025-12-06
2171,949,2025-08-15 16:29:00,Delivered,248.0,Apple Pay,2025-08-18,2025-08-18
2172,373,2023-11-29 19:10:00,Delivered,105.38,Credit Card,2023-12-09,2023-12-10
2173,866,2026-06-14 16:53:00,Returned,198.95,PayPal,2026-06-21,2026-06-22
2174,187,2025-02-27 14:05:00,Delivered,38.19,Credit Card,2025-03-08,2025-03-06
2175,503,2025-12-24 14:05:00,Delivered,572.27,PayPal,2025-12-27,2025-12-26
2176,27,2025-04-04 17:06:00,Delivered,142.0,Credit Card,2025-04-12,2025-04-10
2177,760,2026-06-06 20:52:00,Delivered,256.6,Credit Card,2026-06-15,2026-06-16
2178,535,2025-12-21 13:55:00,Cancelled,106.64,Debit Card,2025-12-25,
2179,574,2026-05-11 17:45:00,Delivered,337.97,Debit Card,2026-05-20,2026-05-21
2180,52,2026-04-04 09:37:00,Delivered,278.34,PayPal,2026-04-09,2026-04-08
2181,198,2026-01-06 14:25:00,Delivered,167.74,Debit Card,2026-01-09,2026-01-07
2182,73,2025-05-20 16:48:00,Delivered,86.57,Credit Card,2025-05-30,2025-05-29
2183,261,2025-01-08 19:20:00,Delivered,139.75,Google Pay,2025-01-18,2025-01-19
2184,575,2026-05-29 13:03:00,Delivered,276.98,Debit Card,2026-06-07,2026-06-08
2185,515,2026-06-18 18:10:00,Delivered,282.81,Apple Pay,2026-06-25,2026-06-26
2186,568,2026-06-28 08:38:00,Shipped,152.3,Apple Pay,2026-07-01,
2187,504,2025-04-12 14:43:00,Delayed,93.66,Debit Card,2025-04-18,2025-04-28
2188,249,2026-05-28 09:32:00,Delivered,166.9,Debit Card,2026-05-31,2026-05-30
2189,229,2026-06-17 12:58:00,Delivered,113.46,PayPal,2026-06-24,2026-06-24
2190,120,2025-05-08 14:21:00,Delivered,46.23,Debit Card,2025-05-13,2025-05-14
2191,845,2023-07-27 17:07:00,Delivered,234.84,Credit Card,2023-08-05,2023-08-04
2192,570,2024-10-13 19:23:00,Delivered,148.3,Google Pay,2024-10-18,2024-10-18
2193,185,2025-02-19 13:58:00,Delivered,272.68,Credit Card,2025-02-25,2025-02-26
2194,179,2026-06-02 08:44:00,Delivered,106.58,PayPal,2026-06-09,2026-06-09
2195,862,2026-05-08 13:47:00,Delivered,172.25,PayPal,2026-05-17,2026-05-18
2196,736,2026-04-03 08:46:00,Delivered,123.69,Apple Pay,2026-04-06,2026-04-05
2197,616,2025-09-13 14:40:00,Delivered,147.55,Credit Card,2025-09-18,2025-09-16
2198,377,2026-01-08 08:34:00,Delayed,218.83,Credit Card,2026-01-13,2026-01-19
2199,242,2026-06-13 14:48:00,Delivered,153.22,PayPal,2026-06-19,2026-06-19
2200,977,2026-03-18 14:56:00,Delivered,534.36,Credit Card,2026-03-21,2026-03-21
2201,797,2026-04-30 12:24:00,Delivered,463.84,PayPal,2026-05-03,2026-05-02
2202,278,2025-10-20 17:54:00,Cancelled,451.58,Credit Card,2025-10-23,
2203,840,2026-05-07 18:22:00,Delivered,131.35,Credit Card,2026-05-11,2026-05-12
2204,754,2025-10-04 11:50:00,Delivered,143.18,PayPal,2025-10-10,2025-10-11
2205,270,2026-03-26 09:06:00,Delivered,300.95,Credit Card,2026-03-30,2026-03-28
2206,396,2026-05-05 08:39:00,Delayed,377.3,PayPal,2026-05-11,2026-05-19
2207,184,2026-02-28 12:02:00,Cancelled,15.4,Credit Card,2026-03-09,
2208,105,2026-06-04 08:57:00,Delivered,186.12,PayPal,2026-06-13,2026-06-11
2209,701,2026-03-18 20:01:00,Delivered,329.65,Credit Card,2026-03-27,2026-03-28
2210,245,2025-03-27 20:27:00,Returned,19.27,Credit Card,2025-04-02,2025-04-02
2211,814,2026-03-05 13:30:00,Returned,176.18,Credit Card,2026-03-09,2026-03-10
2212,992,2026-01-23 18:03:00,Delivered,103.65,Credit Card,2026-02-01,2026-02-01
2213,77,2025-08-08 11:42:00,Delivered,145.74,Debit Card,2025-08-16,2025-08-15
2214,442,2026-01-09 13:27:00,Cancelled,7.36,Debit Card,2026-01-19,
2215,797,2026-06-29 15:00:00,Processing,208.84,Credit Card,2026-07-04,
2216,789,2025-03-09 19:24:00,Delayed,306.82,Credit Card,2025-03-13,2025-03-16
2217,756,2026-05-11 13:34:00,Delayed,314.7,PayPal,2026-05-19,2026-05-29
2218,332,2026-06-17 18:41:00,Delivered,170.36,Debit Card,2026-06-27,2026-06-26
2219,415,2026-06-09 11:22:00,Delivered,266.32,Credit Card,2026-06-14,2026-06-13
2220,548,2026-06-23 09:12:00,Delivered,135.02,PayPal,2026-07-02,2026-06-30
2221,972,2026-05-06 16:53:00,Delivered,32.45,Credit Card,2026-05-11,2026-05-12
2222,307,2025-09-12 15:42:00,Delivered,237.62,PayPal,2025-09-20,2025-09-19
2223,918,2025-08-03 09:05:00,Delivered,225.68,Credit Card,2025-08-09,2025-08-09
2224,246,2025-06-24 15:28:00,Delivered,324.8,Google Pay,2025-06-27,2025-06-28
2225,986,2026-02-24 15:06:00,Delivered,57.59,Credit Card,2026-03-04,2026-03-04
2226,633,2026-03-21 08:14:00,Delivered,322.12,Debit Card,2026-03-26,2026-03-24
2227,428,2026-05-29 14:32:00,Delivered,50.36,Credit Card,2026-06-06,2026-06-06
2228,568,2026-06-29 19:40:00,Processing,50.73,PayPal,2026-07-04,
2229,247,2026-04-22 09:36:00,Delivered,204.41,Google Pay,2026-05-02,2026-05-03
2230,249,2026-05-16 08:22:00,Delivered,208.58,Debit Card,2026-05-24,2026-05-25
2231,105,2026-06-17 18:07:00,Delivered,185.0,Credit Card,2026-06-23,2026-06-23
2232,105,2026-04-30 19:10:00,Delivered,274.6,Credit Card,2026-05-10,2026-05-08
2233,329,2025-09-20 10:09:00,Delivered,268.24,Credit Card,2025-09-26,2025-09-25
2234,760,2026-02-26 15:53:00,Delivered,71.51,Debit Card,2026-03-07,2026-03-05
2235,563,2025-11-25 15:20:00,Delivered,217.79,Credit Card,2025-12-02,2025-12-02
2236,102,2026-06-02 16:23:00,Delayed,317.04,Debit Card,2026-06-06,2026-06-09
2237,848,2026-04-03 16:36:00,Delivered,574.77,PayPal,2026-04-08,2026-04-09
2238,555,2025-08-04 10:40:00,Delivered,155.35,PayPal,2025-08-08,2025-08-07
2239,954,2026-06-16 16:32:00,Delivered,94.04,PayPal,2026-06-24,2026-06-25
2240,633,2026-04-02 16:49:00,Delivered,84.73,Credit Card,2026-04-05,2026-04-04
2241,176,2025-09-08 11:53:00,Delivered,195.57,Credit Card,2025-09-11,2025-09-09
2242,442,2026-03-19 17:12:00,Delivered,43.24,Credit Card,2026-03-22,2026-03-21
2243,603,2025-04-05 15:16:00,Delivered,40.24,Credit Card,2025-04-11,2025-04-12
2244,32,2025-10-16 09:55:00,Delivered,219.74,PayPal,2025-10-25,2025-10-25
2245,15,2026-03-26 12:13:00,Delivered,129.89,Credit Card,2026-04-03,2026-04-04
2246,116,2026-02-05 08:55:00,Delivered,347.83,Credit Card,2026-02-12,2026-02-13
2247,230,2025-12-22 20:08:00,Delivered,95.87,Credit Card,2025-12-30,2025-12-30
2248,396,2026-05-19 10:33:00,Delivered,369.11,PayPal,2026-05-29,2026-05-30
2249,454,2025-03-02 19:20:00,Delivered,20.15,Debit Card,2025-03-06,2025-03-05
2250,121,2026-01-27 10:34:00,Delayed,218.28,PayPal,2026-01-30,2026-02-09
2251,636,2026-04-17 12:25:00,Delivered,107.41,Credit Card,2026-04-25,2026-04-25
2252,549,2025-08-08 18:15:00,Delivered,130.08,Debit Card,2025-08-15,2025-08-16
2253,268,2025-12-12 10:07:00,Cancelled,291.74,Credit Card,2025-12-15,
2254,13,2026-03-27 12:42:00,Delivered,58.14,PayPal,2026-04-05,2026-04-05
2255,78,2025-12-21 18:44:00,Delivered,33.96,Debit Card,2025-12-25,2025-12-26
2256,366,2026-06-29 12:37:00,Placed,307.32,Credit Card,2026-07-02,
2257,142,2026-06-25 19:45:00,Delivered,519.77,PayPal,2026-07-02,2026-06-30
2258,356,2026-04-25 18:53:00,Delivered,431.23,Credit Card,2026-05-01,2026-05-01
2259,575,2024-04-26 20:54:00,Delivered,56.99,PayPal,2024-04-29,2024-04-28
2260,502,2026-05-17 19:37:00,Delivered,147.46,PayPal,2026-05-21,2026-05-19
2261,213,2025-12-17 11:08:00,Delivered,216.12,Debit Card,2025-12-26,2025-12-26
2262,323,2026-02-25 19:49:00,Delivered,102.75,Apple Pay,2026-03-07,2026-03-05
2263,569,2025-11-18 08:28:00,Delivered,141.54,Debit Card,2025-11-24,2025-11-24
2264,848,2026-02-15 20:28:00,Delivered,171.62,PayPal,2026-02-20,2026-02-19
2265,745,2026-01-29 10:23:00,Cancelled,149.22,Credit Card,2026-02-08,
2266,508,2022-09-09 12:39:00,Delivered,7.54,PayPal,2022-09-19,2022-09-20
2267,342,2026-05-24 19:17:00,Delivered,294.35,Google Pay,2026-05-29,2026-05-27
2268,347,2026-06-13 18:09:00,Delivered,202.42,Debit Card,2026-06-22,2026-06-20
2269,870,2026-06-24 15:30:00,Delivered,501.58,Apple Pay,2026-06-28,2026-06-28
2270,35,2026-05-20 16:39:00,Delivered,123.39,Credit Card,2026-05-29,2026-05-28
2271,983,2026-03-31 14:28:00,Delivered,143.52,Gift Card,2026-04-04,2026-04-04
2272,623,2026-04-09 10:04:00,Delivered,900.46,Credit Card,2026-04-15,2026-04-16
2273,654,2026-05-10 19:12:00,Delivered,55.39,Debit Card,2026-05-20,2026-05-21
2274,35,2024-09-25 13:48:00,Delivered,467.97,Google Pay,2024-10-03,2024-10-04
2275,559,2026-06-02 10:44:00,Delivered,194.71,Credit Card,2026-06-11,2026-06-11
2276,454,2025-07-31 13:54:00,Refunded,263.67,PayPal,2025-08-08,2025-08-09
2277,103,2026-04-06 12:40:00,Delivered,19.45,Credit Card,2026-04-13,2026-04-11
2278,250,2025-12-06 20:47:00,Delivered,429.19,Google Pay,2025-12-10,2025-12-10
2279,885,2025-01-28 13:04:00,Delivered,105.22,Debit Card,2025-02-02,2025-02-02
2280,505,2025-04-16 08:37:00,Delivered,165.8,Debit Card,2025-04-23,2025-04-24
2281,382,2026-02-14 16:34:00,Delivered,190.03,Apple Pay,2026-02-17,2026-02-16
2282,71,2025-11-24 18:14:00,Delivered,65.57,Apple Pay,2025-11-30,2025-11-29
2283,687,2025-07-14 20:21:00,Delivered,29.75,PayPal,2025-07-21,2025-07-22
2284,674,2025-11-09 19:06:00,Cancelled,64.53,Credit Card,2025-11-15,
2285,569,2024-06-13 16:25:00,Cancelled,348.33,Gift Card,2024-06-16,
2286,482,2026-05-04 18:40:00,Delivered,144.06,Apple Pay,2026-05-14,2026-05-13
2287,401,2026-01-31 13:57:00,Delivered,160.74,Credit Card,2026-02-08,2026-02-07
2288,544,2025-09-10 16:30:00,Delivered,270.32,Apple Pay,2025-09-16,2025-09-15
2289,215,2026-02-20 18:09:00,Delivered,99.64,Credit Card,2026-02-26,2026-02-24
2290,931,2026-05-23 10:19:00,Delivered,533.73,Credit Card,2026-05-30,2026-05-29
2291,541,2024-05-12 18:16:00,Delivered,296.43,Google Pay,2024-05-17,2024-05-15
2292,293,2026-06-08 09:28:00,Delivered,107.18,Debit Card,2026-06-14,2026-06-13
2293,414,2026-06-02 17:21:00,Delivered,112.89,Credit Card,2026-06-08,2026-06-09
2294,798,2026-03-29 17:01:00,Delivered,8.26,Credit Card,2026-04-05,2026-04-06
2295,157,2026-04-08 14:41:00,Delivered,343.8,Credit Card,2026-04-17,2026-04-18
2296,266,2026-03-29 20:47:00,Cancelled,37.54,Credit Card,2026-04-05,
2297,650,2026-06-02 11:07:00,Delivered,108.61,Credit Card,2026-06-05,2026-06-06
2298,299,2023-11-11 16:10:00,Delivered,211.82,PayPal,2023-11-18,2023-11-19
2299,793,2025-12-26 14:15:00,Delivered,455.51,Credit Card,2025-12-29,2025-12-28
2300,116,2026-04-25 12:33:00,Delivered,288.71,PayPal,2026-05-05,2026-05-05
2301,759,2025-12-20 08:09:00,Delivered,263.37,Credit Card,2025-12-23,2025-12-23
2302,69,2026-06-29 14:52:00,Placed,504.04,PayPal,2026-07-05,
2303,12,2026-02-03 17:27:00,Delivered,35.92,Credit Card,2026-02-13,2026-02-12
2304,893,2024-08-11 12:05:00,Delivered,42.21,Debit Card,2024-08-18,2024-08-16
2305,536,2024-01-12 10:33:00,Returned,253.64,Credit Card,2024-01-20,2024-01-20
2306,336,2023-11-01 15:51:00,Delivered,135.64,Google Pay,2023-11-10,2023-11-09
2307,213,2026-04-13 18:01:00,Delivered,13.98,PayPal,2026-04-19,2026-04-17
2308,570,2026-06-13 13:48:00,Cancelled,84.64,Google Pay,2026-06-19,
2309,479,2025-09-11 18:46:00,Refunded,140.09,PayPal,2025-09-14,2025-09-14
2310,987,2026-04-16 16:32:00,Delivered,290.46,PayPal,2026-04-21,2026-04-22
2311,979,2025-04-15 11:19:00,Delivered,110.06,PayPal,2025-04-18,2025-04-17
2312,584,2026-05-17 12:17:00,Delayed,554.76,Credit Card,2026-05-26,2026-05-29
2313,409,2026-05-13 20:27:00,Delivered,474.62,Apple Pay,2026-05-21,2026-05-19
2314,458,2026-06-29 12:14:00,Processing,327.01,Credit Card,2026-07-06,
2315,658,2025-06-23 12:06:00,Delivered,440.48,Debit Card,2025-07-03,2025-07-01
2316,102,2026-04-28 13:36:00,Delivered,402.85,Credit Card,2026-05-07,2026-05-08
2317,307,2026-02-26 11:38:00,Delivered,329.19,Credit Card,2026-03-01,2026-02-28
2318,74,2026-05-31 17:40:00,Delivered,7.39,PayPal,2026-06-08,2026-06-08
2319,71,2026-05-16 19:04:00,Delivered,13.74,PayPal,2026-05-25,2026-05-23
2320,191,2026-04-01 11:43:00,Delivered,178.32,Credit Card,2026-04-06,2026-04-04
2321,454,2025-09-06 10:08:00,Delivered,424.06,Debit Card,2025-09-11,2025-09-12
2322,783,2023-06-08 13:55:00,Delivered,230.39,Debit Card,2023-06-14,2023-06-14
2323,454,2026-03-20 14:22:00,Delivered,56.06,Credit Card,2026-03-25,2026-03-26
2324,311,2025-11-15 16:41:00,Cancelled,147.97,Apple Pay,2025-11-18,
2325,82,2025-07-01 19:15:00,Delivered,168.71,Credit Card,2025-07-04,2025-07-02
2326,505,2026-05-06 20:35:00,Delayed,88.97,Debit Card,2026-05-10,2026-05-20
2327,246,2026-05-23 14:51:00,Delivered,178.15,Apple Pay,2026-05-31,2026-05-30
2328,570,2026-01-28 12:04:00,Returned,87.45,Credit Card,2026-02-01,2026-02-01
2329,972,2026-02-20 09:52:00,Delivered,127.8,Credit Card,2026-03-01,2026-03-01
2330,105,2026-01-02 09:04:00,Delivered,35.46,Debit Card,2026-01-10,2026-01-08
2331,198,2026-05-11 15:29:00,Delivered,518.18,PayPal,2026-05-18,2026-05-18
2332,442,2025-02-23 10:45:00,Delivered,71.03,Debit Card,2025-03-02,2025-03-03
2333,959,2026-06-04 15:49:00,Delivered,80.9,PayPal,2026-06-07,2026-06-08
2334,768,2024-05-21 10:10:00,Delivered,38.15,Credit Card,2024-05-25,2024-05-24
2335,893,2026-05-29 11:36:00,Delivered,117.39,Debit Card,2026-06-08,2026-06-06
2336,311,2025-09-02 10:32:00,Delivered,128.4,Credit Card,2025-09-06,2025-09-07
2337,988,2025-03-18 20:54:00,Delivered,43.49,Debit Card,2025-03-24,2025-03-23
2338,102,2026-06-10 15:42:00,Delivered,182.16,Debit Card,2026-06-19,2026-06-17
2339,52,2026-06-14 16:57:00,Delivered,14.22,Apple Pay,2026-06-18,2026-06-18
2340,848,2026-03-13 20:16:00,Cancelled,355.75,Credit Card,2026-03-16,
2341,921,2025-09-16 10:47:00,Delivered,67.84,Debit Card,2025-09-25,2025-09-24
2342,92,2025-06-26 10:05:00,Delivered,80.74,Apple Pay,2025-07-04,2025-07-03
2343,105,2026-06-08 12:07:00,Delivered,37.59,PayPal,2026-06-13,2026-06-14
2344,34,2025-11-16 13:56:00,Delivered,50.72,Credit Card,2025-11-20,2025-11-18
2345,103,2026-04-16 11:34:00,Delivered,7.84,Gift Card,2026-04-19,2026-04-18
2346,197,2026-05-26 19:11:00,Delivered,94.92,Credit Card,2026-06-02,2026-06-02
2347,961,2026-01-12 09:03:00,Delivered,110.09,PayPal,2026-01-15,2026-01-13
2348,629,2026-01-25 17:55:00,Delivered,365.82,Bank Transfer,2026-02-04,2026-02-05
2349,774,2026-04-06 08:51:00,Delivered,168.73,Credit Card,2026-04-11,2026-04-11
2350,770,2025-05-25 13:55:00,Delivered,484.34,Credit Card,2025-05-28,2025-05-29
2351,499,2025-11-19 10:00:00,Delivered,56.85,Debit Card,2025-11-27,2025-11-26
2352,797,2026-03-22 12:57:00,Delivered,109.14,PayPal,2026-03-30,2026-03-31
2353,548,2026-06-16 12:05:00,Delivered,57.18,Debit Card,2026-06-22,2026-06-23
2354,298,2025-08-27 20:51:00,Delivered,394.15,Debit Card,2025-08-31,2025-08-30
2355,511,2024-11-12 18:01:00,Cancelled,7.52,Debit Card,2024-11-22,
2356,499,2025-07-15 16:10:00,Delivered,58.22,Debit Card,2025-07-20,2025-07-19
2357,818,2025-03-04 16:19:00,Returned,361.22,Credit Card,2025-03-08,2025-03-06
2358,977,2026-02-01 14:43:00,Delayed,163.7,Gift Card,2026-02-08,2026-02-12
2359,380,2025-12-05 19:51:00,Delivered,93.54,Debit Card,2025-12-11,2025-12-12
2360,760,2025-11-23 11:21:00,Delivered,47.2,Bank Transfer,2025-11-27,2025-11-25
2361,102,2026-05-01 18:22:00,Delivered,7.88,Credit Card,2026-05-04,2026-05-03
2362,770,2024-09-03 18:15:00,Refunded,280.84,Credit Card,2024-09-13,2024-09-13
2363,352,2026-04-12 17:55:00,Delivered,44.0,Debit Card,2026-04-22,2026-04-23
2364,35,2024-06-07 15:13:00,Delivered,73.79,Credit Card,2024-06-11,2024-06-09
2365,343,2025-10-19 09:15:00,Delivered,167.81,PayPal,2025-10-29,2025-10-27
2366,565,2026-06-06 15:58:00,Delivered,87.4,PayPal,2026-06-10,2026-06-11
2367,110,2026-06-15 20:15:00,Delivered,145.4,PayPal,2026-06-23,2026-06-22
2368,918,2026-06-11 17:04:00,Delivered,126.36,Debit Card,2026-06-15,2026-06-14
2369,78,2024-11-16 09:08:00,Delivered,111.6,Debit Card,2024-11-22,2024-11-21
2370,922,2026-05-16 19:33:00,Delivered,224.64,Debit Card,2026-05-22,2026-05-21
2371,680,2025-06-07 15:33:00,Delivered,215.94,Credit Card,2025-06-10,2025-06-09
2372,307,2026-06-01 11:08:00,Delivered,489.26,Credit Card,2026-06-11,2026-06-12
2373,366,2026-02-18 19:37:00,Delivered,243.24,Credit Card,2026-02-25,2026-02-23
2374,733,2026-02-02 18:20:00,Delivered,68.12,Credit Card,2026-02-08,2026-02-06
2375,555,2026-03-02 20:46:00,Delivered,66.6,Credit Card,2026-03-09,2026-03-10
2376,633,2026-04-14 14:29:00,Returned,272.86,PayPal,2026-04-17,2026-04-18
2377,366,2026-01-13 17:58:00,Delivered,22.21,Gift Card,2026-01-20,2026-01-19
2378,454,2025-08-27 08:30:00,Delivered,177.32,PayPal,2025-09-03,2025-09-01
2379,986,2026-06-22 11:13:00,Delivered,15.28,Apple Pay,2026-06-30,2026-06-29
2380,199,2025-09-02 14:15:00,Delivered,138.28,Debit Card,2025-09-06,2025-09-05
2381,391,2026-05-30 14:10:00,Delivered,188.68,Credit Card,2026-06-05,2026-06-06
2382,264,2023-11-29 19:08:00,Delivered,38.56,Credit Card,2023-12-03,2023-12-02
2383,761,2026-04-18 10:43:00,Delivered,38.98,Google Pay,2026-04-24,2026-04-22
2384,760,2026-01-12 08:55:00,Delivered,288.17,Credit Card,2026-01-19,2026-01-19
2385,266,2025-07-13 16:16:00,Delivered,421.25,Credit Card,2025-07-16,2025-07-17
2386,82,2025-04-20 08:57:00,Refunded,272.71,Credit Card,2025-04-28,2025-04-26
2387,11,2026-04-22 13:21:00,Delivered,58.37,Apple Pay,2026-04-27,2026-04-26
2388,396,2026-06-09 13:17:00,Delivered,107.42,Apple Pay,2026-06-14,2026-06-14
2389,379,2026-06-26 20:04:00,Shipped,58.7,Credit Card,2026-07-02,
2390,984,2026-03-03 14:53:00,Delivered,146.88,Credit Card,2026-03-10,2026-03-08
2391,438,2026-05-09 17:40:00,Delivered,168.9,Debit Card,2026-05-13,2026-05-11
2392,234,2026-01-08 13:41:00,Delivered,218.53,Credit Card,2026-01-14,2026-01-13
2393,886,2026-03-09 20:20:00,Delivered,35.98,Apple Pay,2026-03-18,2026-03-17
2394,458,2026-04-06 16:55:00,Delivered,158.2,Apple Pay,2026-04-16,2026-04-17
2395,552,2026-01-05 19:53:00,Delivered,159.82,Credit Card,2026-01-09,2026-01-08
2396,95,2025-06-24 17:49:00,Delivered,83.67,PayPal,2025-07-03,2025-07-04
2397,362,2025-06-30 20:51:00,Delivered,287.92,Debit Card,2025-07-09,2025-07-09
2398,934,2025-12-07 18:01:00,Delivered,67.98,Credit Card,2025-12-14,2025-12-14
2399,541,2026-04-26 19:49:00,Cancelled,196.95,Google Pay,2026-05-06,
2400,325,2026-01-05 08:11:00,Delivered,125.12,Debit Card,2026-01-13,2026-01-13
2401,574,2026-06-02 11:42:00,Cancelled,105.13,Credit Card,2026-06-07,
2402,904,2026-05-21 08:34:00,Delayed,18.3,Debit Card,2026-05-27,2026-06-02
2403,249,2026-06-04 08:52:00,Delivered,215.27,Credit Card,2026-06-13,2026-06-12
2404,477,2025-07-07 12:17:00,Delivered,553.55,Credit Card,2025-07-11,2025-07-10
2405,949,2025-03-30 12:24:00,Refunded,50.29,Credit Card,2025-04-05,2025-04-06
2406,166,2026-05-22 17:02:00,Delivered,196.93,Credit Card,2026-05-30,2026-05-28
2407,696,2026-03-12 15:29:00,Delivered,13.29,Credit Card,2026-03-19,2026-03-18
2408,569,2026-03-19 16:57:00,Delivered,243.49,PayPal,2026-03-26,2026-03-27
2409,651,2024-11-25 20:05:00,Delivered,260.42,Credit Card,2024-12-03,2024-12-02
2410,335,2026-06-04 17:28:00,Delivered,168.35,Credit Card,2026-06-10,2026-06-11
2411,296,2025-09-09 10:36:00,Delivered,785.07,Debit Card,2025-09-18,2025-09-17
2412,661,2026-01-05 17:31:00,Delayed,28.78,Debit Card,2026-01-10,2026-01-14
2413,200,2024-05-08 12:31:00,Delivered,151.9,PayPal,2024-05-13,2024-05-11
2414,391,2025-01-20 13:45:00,Delivered,15.36,Debit Card,2025-01-25,2025-01-23
2415,187,2026-02-27 13:02:00,Delivered,204.23,Debit Card,2026-03-06,2026-03-04
2416,8,2025-04-04 19:08:00,Delivered,93.65,Credit Card,2025-04-12,2025-04-10
2417,961,2026-02-20 16:58:00,Delivered,338.89,Credit Card,2026-02-28,2026-02-28
2418,399,2026-05-31 16:19:00,Delivered,7.77,PayPal,2026-06-10,2026-06-10
2419,961,2026-03-24 08:46:00,Delivered,164.61,Credit Card,2026-03-28,2026-03-27
2420,126,2026-05-20 17:52:00,Delivered,157.24,Debit Card,2026-05-26,2026-05-25
2421,541,2026-04-22 10:03:00,Delivered,142.62,Credit Card,2026-04-25,2026-04-23
2422,193,2026-02-19 15:46:00,Delivered,313.96,Credit Card,2026-02-28,2026-03-01
2423,791,2025-08-28 17:03:00,Delivered,461.55,Google Pay,2025-09-04,2025-09-05
2424,781,2026-03-12 16:42:00,Delivered,124.31,Credit Card,2026-03-18,2026-03-17
2425,105,2026-03-09 10:41:00,Delayed,545.08,PayPal,2026-03-12,2026-03-16
2426,906,2026-01-06 16:28:00,Delivered,466.76,PayPal,2026-01-09,2026-01-07
2427,191,2026-05-16 14:15:00,Refunded,245.72,Credit Card,2026-05-23,2026-05-22
2428,568,2026-06-20 19:24:00,Delayed,99.23,Credit Card,2026-06-24,2026-06-28
2429,980,2025-07-14 11:17:00,Delivered,226.45,Debit Card,2025-07-22,2025-07-21
2430,873,2026-03-05 10:23:00,Delivered,73.76,Credit Card,2026-03-12,2026-03-13
2431,949,2025-10-08 19:08:00,Delivered,100.29,Debit Card,2025-10-15,2025-10-15
2432,322,2026-02-28 09:02:00,Delayed,170.86,Credit Card,2026-03-10,2026-03-20
2433,103,2026-02-22 16:29:00,Returned,56.67,PayPal,2026-02-25,2026-02-23
2434,187,2025-05-19 17:54:00,Delivered,187.92,PayPal,2025-05-28,2025-05-26
2435,470,2026-03-01 14:44:00,Delivered,85.78,PayPal,2026-03-07,2026-03-08
2436,794,2026-03-29 17:11:00,Delivered,108.94,Apple Pay,2026-04-06,2026-04-06
2437,140,2025-10-10 17:49:00,Delivered,40.38,Credit Card,2025-10-18,2025-10-19
2438,616,2026-04-02 10:51:00,Delivered,108.27,Credit Card,2026-04-07,2026-04-06
2439,306,2025-06-01 12:05:00,Delivered,539.76,Credit Card,2025-06-08,2025-06-09
2440,317,2024-01-23 18:28:00,Returned,191.84,Debit Card,2024-01-28,2024-01-27
2441,616,2025-09-28 20:50:00,Returned,105.5,Credit Card,2025-10-02,2025-10-01
2442,432,2026-03-19 10:45:00,Delivered,433.44,Debit Card,2026-03-24,2026-03-25
2443,806,2026-06-19 17:55:00,Delivered,57.73,Debit Card,2026-06-29,2026-06-28
2444,147,2026-03-23 13:09:00,Delivered,111.65,Google Pay,2026-03-29,2026-03-28
2445,790,2026-06-01 16:44:00,Delivered,169.05,Debit Card,2026-06-09,2026-06-09
2446,60,2025-07-02 20:29:00,Delayed,144.19,Google Pay,2025-07-11,2025-07-15
2447,189,2026-04-30 15:46:00,Delivered,50.4,Apple Pay,2026-05-10,2026-05-10
2448,614,2025-07-24 10:48:00,Delivered,640.6,PayPal,2025-07-31,2025-07-29
2449,848,2025-12-04 11:12:00,Delayed,100.28,PayPal,2025-12-14,2025-12-23
2450,231,2025-07-15 16:24:00,Returned,155.61,Credit Card,2025-07-24,2025-07-22
2451,306,2026-06-14 20:24:00,Delivered,471.11,Credit Card,2026-06-21,2026-06-20
2452,499,2025-12-23 10:11:00,Delivered,88.73,Debit Card,2025-12-27,2025-12-27
2453,198,2026-02-24 10:19:00,Delivered,318.2,Debit Card,2026-03-06,2026-03-07
2454,805,2025-03-17 19:51:00,Delivered,361.61,Credit Card,2025-03-22,2025-03-23
2455,768,2024-11-09 13:07:00,Delivered,251.68,PayPal,2024-11-17,2024-11-17
2456,131,2025-10-25 17:13:00,Delivered,221.74,Credit Card,2025-11-04,2025-11-05
2457,428,2026-04-23 20:27:00,Refunded,179.24,PayPal,2026-04-27,2026-04-28
2458,769,2026-03-02 09:16:00,Delivered,76.47,Credit Card,2026-03-12,2026-03-12
2459,314,2025-10-27 15:49:00,Delivered,95.69,Credit Card,2025-10-30,2025-10-28
2460,580,2025-12-04 11:01:00,Delivered,112.15,Apple Pay,2025-12-14,2025-12-12
2461,47,2025-08-20 15:40:00,Delivered,58.22,Credit Card,2025-08-27,2025-08-25
2462,564,2026-06-07 18:25:00,Delivered,193.74,PayPal,2026-06-16,2026-06-15
2463,141,2024-04-17 11:22:00,Delivered,346.14,Debit Card,2024-04-21,2024-04-22
2464,826,2026-06-15 13:16:00,Refunded,268.25,Debit Card,2026-06-24,2026-06-22
2465,337,2025-11-05 18:14:00,Delivered,215.52,Credit Card,2025-11-14,2025-11-14
2466,252,2026-03-08 13:41:00,Delivered,77.97,Debit Card,2026-03-16,2026-03-14
2467,838,2026-05-15 11:51:00,Delivered,222.38,Credit Card,2026-05-22,2026-05-21
2468,47,2026-01-05 12:00:00,Delivered,564.95,Debit Card,2026-01-13,2026-01-13
2469,368,2025-10-24 15:49:00,Delivered,646.17,Credit Card,2025-10-28,2025-10-26
2470,352,2026-03-07 18:18:00,Delivered,190.43,Credit Card,2026-03-12,2026-03-12
2471,257,2025-07-27 13:50:00,Delivered,218.53,Apple Pay,2025-07-30,2025-07-31
2472,906,2026-04-04 10:39:00,Delivered,246.67,Credit Card,2026-04-07,2026-04-08
2473,743,2026-05-22 14:10:00,Delivered,35.62,Debit Card,2026-05-26,2026-05-25
2474,60,2026-06-29 17:42:00,Placed,373.11,Google Pay,2026-07-03,
2475,689,2025-11-14 19:32:00,Delivered,51.82,Credit Card,2025-11-24,2025-11-23
2476,492,2026-02-09 19:56:00,Delivered,582.66,Credit Card,2026-02-18,2026-02-17
2477,895,2025-12-11 16:03:00,Delivered,245.96,Debit Card,2025-12-19,2025-12-19
2478,295,2026-06-19 11:44:00,Delivered,182.9,PayPal,2026-06-26,2026-06-25
2479,521,2025-07-28 08:56:00,Delivered,285.26,Debit Card,2025-08-06,2025-08-04
2480,470,2025-12-07 15:03:00,Delivered,374.45,Credit Card,2025-12-12,2025-12-12
2481,456,2026-06-26 08:00:00,Processing,109.36,Apple Pay,2026-06-29,
2482,415,2026-04-23 10:14:00,Delivered,63.93,Apple Pay,2026-05-02,2026-05-02
2483,196,2025-11-26 10:42:00,Returned,130.35,Credit Card,2025-12-05,2025-12-06
2484,749,2026-06-22 08:04:00,Shipped,261.88,Credit Card,2026-06-27,
2485,414,2026-06-27 08:53:00,Shipped,113.29,Apple Pay,2026-07-03,
2486,949,2026-05-16 13:19:00,Delivered,56.64,Credit Card,2026-05-22,2026-05-21
2487,239,2025-06-08 13:13:00,Delivered,255.99,Credit Card,2025-06-15,2025-06-13
2488,660,2024-10-23 19:29:00,Delivered,152.96,Credit Card,2024-10-28,2024-10-26
2489,931,2026-06-09 15:32:00,Delivered,101.37,Apple Pay,2026-06-14,2026-06-13
2490,619,2026-04-19 09:37:00,Delayed,87.92,Debit Card,2026-04-29,2026-05-09
2491,859,2025-11-01 09:06:00,Delayed,66.48,Credit Card,2025-11-10,2025-11-14
2492,825,2025-09-08 16:46:00,Delivered,354.59,Apple Pay,2025-09-18,2025-09-18
2493,342,2025-10-18 10:38:00,Delivered,31.85,PayPal,2025-10-24,2025-10-22
2494,554,2026-05-04 19:39:00,Delivered,109.92,Credit Card,2026-05-12,2026-05-11
2495,149,2025-10-11 14:06:00,Delivered,224.35,Gift Card,2025-10-20,2025-10-21
2496,499,2025-04-02 16:06:00,Delivered,157.01,Debit Card,2025-04-05,2025-04-04
2497,213,2025-12-29 19:47:00,Delivered,129.25,Debit Card,2026-01-04,2026-01-02
2498,736,2025-07-30 19:56:00,Delivered,786.58,PayPal,2025-08-05,2025-08-06
2499,492,2025-04-27 12:37:00,Delivered,115.76,Credit Card,2025-04-30,2025-04-30
2500,381,2026-04-19 10:28:00,Delivered,856.59,Credit Card,2026-04-25,2026-04-26
2501,246,2025-03-12 13:58:00,Delivered,62.82,Gift Card,2025-03-17,2025-03-18
2502,999,2025-11-02 08:01:00,Delivered,401.34,Gift Card,2025-11-12,2025-11-13
2503,71,2025-03-21 12:44:00,Delayed,101.47,Debit Card,2025-03-24,2025-03-29
2504,40,2025-04-20 14:19:00,Delivered,156.74,Google Pay,2025-04-24,2025-04-24
2505,200,2024-12-17 19:37:00,Cancelled,185.88,Debit Card,2024-12-27,
2506,964,2025-10-23 19:36:00,Delivered,146.21,Credit Card,2025-10-29,2025-10-27
2507,976,2026-01-23 18:32:00,Delivered,108.63,Credit Card,2026-02-01,2026-02-01
2508,613,2026-06-29 14:49:00,Placed,236.72,Apple Pay,2026-07-07,
2509,870,2025-05-26 09:17:00,Delivered,1093.67,Google Pay,2025-06-02,2025-06-01
2510,199,2025-12-04 12:40:00,Delivered,549.03,Credit Card,2025-12-11,2025-12-11
2511,966,2025-07-25 14:41:00,Delayed,111.64,Credit Card,2025-07-29,2025-08-05
2512,130,2026-06-01 08:40:00,Refunded,120.28,PayPal,2026-06-10,2026-06-11
2513,102,2026-03-19 16:03:00,Delivered,213.46,Apple Pay,2026-03-23,2026-03-22
2514,105,2026-06-18 18:15:00,Delayed,235.41,Credit Card,2026-06-26,
2515,520,2026-05-31 10:32:00,Delivered,89.12,PayPal,2026-06-09,2026-06-08
2516,775,2026-06-22 12:15:00,Shipped,371.75,Apple Pay,2026-07-02,
2517,350,2025-11-21 20:39:00,Delivered,55.89,Debit Card,2025-12-01,2025-11-29
2518,973,2025-12-30 16:20:00,Delivered,179.61,PayPal,2026-01-06,2026-01-07
2519,402,2026-04-02 20:25:00,Delayed,244.16,Credit Card,2026-04-06,2026-04-10
2520,140,2026-06-26 20:37:00,Shipped,112.15,Google Pay,2026-07-06,
2521,429,2025-11-25 17:48:00,Delivered,194.88,Credit Card,2025-12-02,2025-11-30
2522,650,2025-01-19 17:49:00,Delivered,92.57,Credit Card,2025-01-23,2025-01-23
2523,829,2025-02-15 12:31:00,Delivered,141.08,Debit Card,2025-02-22,2025-02-20
2524,415,2026-06-24 14:41:00,Shipped,277.63,Credit Card,2026-07-02,
2525,545,2026-03-07 08:54:00,Delivered,279.63,Credit Card,2026-03-12,2026-03-13
2526,244,2026-06-05 17:53:00,Delivered,45.51,Credit Card,2026-06-14,2026-06-15
2527,597,2024-10-15 14:17:00,Delivered,285.65,Credit Card,2024-10-19,2024-10-18
2528,981,2025-07-14 08:46:00,Delivered,450.68,Credit Card,2025-07-19,2025-07-18
2529,45,2025-08-26 08:44:00,Delivered,372.42,Apple Pay,2025-08-30,2025-08-30
2530,882,2025-11-08 11:12:00,Delivered,342.97,Credit Card,2025-11-17,2025-11-18
2531,511,2026-02-28 09:34:00,Delivered,148.66,Gift Card,2026-03-09,2026-03-08
2532,231,2026-02-27 08:06:00,Delivered,101.97,Gift Card,2026-03-04,2026-03-02
2533,946,2024-09-17 14:15:00,Delivered,323.46,Credit Card,2024-09-22,2024-09-23
2534,453,2026-06-03 16:14:00,Delivered,56.0,PayPal,2026-06-11,2026-06-12
2535,308,2025-12-04 09:44:00,Delivered,307.58,PayPal,2025-12-13,2025-12-11
2536,183,2026-05-22 17:25:00,Delivered,112.81,Google Pay,2026-05-31,2026-06-01
2537,229,2026-06-14 13:37:00,Delayed,55.56,Apple Pay,2026-06-21,2026-06-28
2538,829,2026-05-15 09:49:00,Delivered,1055.51,PayPal,2026-05-25,2026-05-23
2539,569,2026-03-11 19:06:00,Delivered,210.28,Credit Card,2026-03-18,2026-03-16
2540,907,2026-05-13 18:02:00,Delivered,40.33,Bank Transfer,2026-05-18,2026-05-19
2541,213,2026-05-07 11:55:00,Delivered,53.14,Credit Card,2026-05-15,2026-05-14
2542,112,2024-06-08 09:22:00,Delivered,334.53,Credit Card,2024-06-18,2024-06-19
2543,6,2026-06-25 20:28:00,Out for Delivery,68.48,PayPal,2026-07-03,
2544,478,2026-05-05 15:19:00,Cancelled,14.77,Credit Card,2026-05-15,
2545,996,2025-12-11 11:17:00,Delayed,335.63,Credit Card,2025-12-17,2025-12-22
2546,671,2026-01-20 14:56:00,Delayed,293.67,Credit Card,2026-01-24,2026-01-29
2547,290,2026-03-24 13:52:00,Delivered,24.26,Debit Card,2026-03-31,2026-04-01
2548,867,2026-05-28 18:41:00,Delivered,427.44,Credit Card,2026-06-01,2026-06-01
2549,778,2026-06-26 09:10:00,Shipped,844.78,Credit Card,2026-07-05,
2550,15,2025-05-30 19:17:00,Delivered,89.23,Credit Card,2025-06-07,2025-06-07
2551,810,2025-11-19 16:13:00,Delivered,56.32,PayPal,2025-11-28,2025-11-29
2552,277,2025-08-05 17:43:00,Delivered,39.31,Credit Card,2025-08-08,2025-08-09
2553,136,2025-06-30 10:27:00,Delivered,16.82,Bank Transfer,2025-07-09,2025-07-09
2554,210,2024-01-12 13:24:00,Delivered,600.91,PayPal,2024-01-16,2024-01-17
2555,436,2026-02-26 12:58:00,Delivered,111.3,PayPal,2026-03-07,2026-03-05
2556,396,2026-06-13 15:22:00,Delivered,104.23,PayPal,2026-06-17,2026-06-17
2557,261,2024-11-26 11:25:00,Delivered,52.22,Google Pay,2024-12-02,2024-11-30
2558,165,2025-02-01 09:41:00,Delivered,34.77,Google Pay,2025-02-05,2025-02-04
2559,759,2026-02-20 15:11:00,Cancelled,76.9,Credit Card,2026-02-23,
2560,986,2026-06-19 09:31:00,Delivered,193.47,Debit Card,2026-06-23,2026-06-23
2561,771,2026-02-13 10:41:00,Delivered,66.72,Credit Card,2026-02-17,2026-02-17
2562,269,2026-01-05 12:52:00,Delivered,87.66,Credit Card,2026-01-13,2026-01-12
2563,229,2026-06-23 13:42:00,Delivered,366.23,Credit Card,2026-07-01,2026-06-29
2564,200,2024-10-25 11:58:00,Delivered,113.4,Google Pay,2024-11-01,2024-11-01
2565,119,2025-09-13 17:00:00,Delivered,404.22,Credit Card,2025-09-16,2025-09-17
2566,505,2026-05-04 11:38:00,Delivered,54.56,Credit Card,2026-05-13,2026-05-14
2567,559,2026-06-26 13:14:00,Shipped,149.83,Credit Card,2026-06-29,
2568,675,2025-06-06 17:45:00,Delivered,209.99,Google Pay,2025-06-11,2025-06-12
2569,652,2024-07-12 15:34:00,Delivered,255.76,Debit Card,2024-07-16,2024-07-14
2570,265,2026-06-14 09:09:00,Delayed,178.06,Credit Card,2026-06-18,2026-06-26
2571,308,2025-11-06 14:58:00,Delivered,496.23,Credit Card,2025-11-11,2025-11-12
2572,655,2024-11-04 10:07:00,Delivered,121.53,Debit Card,2024-11-12,2024-11-11
2573,332,2026-05-21 15:38:00,Delivered,303.95,PayPal,2026-05-30,2026-05-29
2574,198,2026-06-14 19:45:00,Delivered,211.85,Credit Card,2026-06-24,2026-06-24
2575,356,2024-10-10 12:00:00,Delivered,496.01,Apple Pay,2024-10-20,2024-10-19
2576,247,2026-04-07 19:44:00,Delivered,146.84,PayPal,2026-04-14,2026-04-13
2577,88,2026-03-24 16:13:00,Delayed,83.34,Debit Card,2026-03-27,2026-03-30
2578,826,2026-04-26 14:36:00,Delayed,236.88,Credit Card,2026-04-29,2026-05-08
2579,848,2026-06-03 11:19:00,Delivered,49.7,Apple Pay,2026-06-11,2026-06-11
2580,204,2026-04-14 19:37:00,Delivered,138.36,PayPal,2026-04-21,2026-04-20
2581,60,2025-10-15 11:45:00,Delivered,274.36,Credit Card,2025-10-24,2025-10-24
2582,727,2026-05-30 10:36:00,Delivered,286.62,Debit Card,2026-06-07,2026-06-06
2583,198,2026-06-08 16:28:00,Delivered,406.91,Credit Card,2026-06-16,2026-06-14
2584,367,2026-01-26 10:16:00,Refunded,418.02,Debit Card,2026-02-03,2026-02-04
2585,60,2026-02-23 20:47:00,Delivered,300.04,Google Pay,2026-02-28,2026-02-26
2586,210,2025-07-13 17:33:00,Delivered,91.85,Debit Card,2025-07-18,2025-07-19
2587,793,2026-04-13 08:49:00,Delivered,210.9,PayPal,2026-04-21,2026-04-20
2588,797,2026-05-03 12:09:00,Delivered,177.35,Debit Card,2026-05-12,2026-05-13
2589,197,2026-04-12 09:08:00,Returned,16.06,Debit Card,2026-04-16,2026-04-17
2590,311,2025-11-10 09:58:00,Delivered,96.3,Debit Card,2025-11-17,2025-11-15
2591,119,2024-08-31 08:04:00,Delivered,157.6,Apple Pay,2024-09-06,2024-09-05
2592,72,2026-05-25 15:50:00,Returned,448.7,PayPal,2026-05-28,2026-05-28
2593,988,2025-07-29 17:04:00,Cancelled,207.48,Credit Card,2025-08-04,
2594,614,2025-09-14 13:32:00,Delivered,60.47,PayPal,2025-09-18,2025-09-19
2595,500,2025-07-15 10:00:00,Delivered,87.36,Debit Card,2025-07-18,2025-07-19
2596,761,2026-01-11 20:13:00,Delivered,398.64,Apple Pay,2026-01-16,2026-01-17
2597,836,2026-06-23 17:51:00,Shipped,320.06,Apple Pay,2026-07-01,
2598,800,2026-01-05 09:07:00,Delivered,105.65,Credit Card,2026-01-11,2026-01-12
2599,16,2026-02-06 16:02:00,Refunded,326.85,Credit Card,2026-02-11,2026-02-09
2600,185,2025-07-09 11:27:00,Delivered,491.37,Debit Card,2025-07-17,2025-07-16
2601,613,2026-06-23 09:26:00,Delivered,107.31,Credit Card,2026-06-28,2026-06-29
2602,356,2023-03-09 13:49:00,Delivered,72.21,Credit Card,2023-03-17,2023-03-16
2603,979,2025-07-05 13:12:00,Cancelled,67.37,Debit Card,2025-07-13,
2604,624,2026-02-10 17:11:00,Delivered,110.69,Credit Card,2026-02-17,2026-02-16
2605,949,2025-07-03 18:17:00,Delivered,279.57,PayPal,2025-07-13,2025-07-12
2606,193,2026-02-09 16:32:00,Returned,99.54,PayPal,2026-02-16,2026-02-14
2607,854,2025-10-12 09:20:00,Delivered,165.79,Debit Card,2025-10-16,2025-10-14
2608,306,2026-03-09 14:21:00,Delivered,182.38,PayPal,2026-03-17,2026-03-18
2609,986,2026-03-19 15:33:00,Delivered,138.9,Credit Card,2026-03-24,2026-03-22
2610,150,2026-04-02 18:32:00,Delivered,34.66,PayPal,2026-04-06,2026-04-05
2611,486,2026-04-23 16:26:00,Delivered,29.36,PayPal,2026-04-27,2026-04-27
2612,793,2024-06-25 19:14:00,Delivered,359.46,PayPal,2024-06-28,2024-06-29
2613,400,2026-01-10 19:51:00,Delivered,377.01,PayPal,2026-01-18,2026-01-18
2614,435,2024-10-08 20:24:00,Delivered,118.18,Credit Card,2024-10-18,2024-10-16
2615,981,2025-09-11 16:58:00,Delivered,107.95,Credit Card,2025-09-20,2025-09-21
2616,396,2026-06-06 15:39:00,Delivered,127.84,Google Pay,2026-06-15,2026-06-15
2617,556,2026-01-19 15:38:00,Delivered,21.65,Credit Card,2026-01-23,2026-01-24
2618,53,2026-04-30 11:42:00,Delivered,137.33,PayPal,2026-05-07,2026-05-06
2619,839,2026-02-12 10:31:00,Delivered,144.43,Credit Card,2026-02-22,2026-02-23
2620,601,2026-04-30 15:27:00,Delivered,306.9,Credit Card,2026-05-03,2026-05-04
2621,373,2026-01-12 10:47:00,Delivered,185.81,PayPal,2026-01-21,2026-01-20
2622,16,2023-06-16 18:45:00,Delivered,405.43,Debit Card,2023-06-21,2023-06-21
2623,544,2026-02-12 18:53:00,Delivered,215.12,PayPal,2026-02-17,2026-02-16
2624,12,2024-11-04 11:03:00,Delivered,273.87,Credit Card,2024-11-12,2024-11-11
2625,2,2026-03-24 08:17:00,Delivered,62.07,Gift Card,2026-03-30,2026-03-29
2626,570,2025-12-15 12:06:00,Delivered,75.73,Debit Card,2025-12-20,2025-12-20
2627,187,2025-09-25 10:55:00,Delayed,96.43,Credit Card,2025-10-02,2025-10-12
2628,188,2025-04-22 08:38:00,Delivered,241.33,PayPal,2025-04-27,2025-04-27
2629,610,2026-01-26 14:55:00,Delivered,90.51,PayPal,2026-02-02,2026-01-31
2630,52,2026-04-03 13:46:00,Delivered,60.14,Credit Card,2026-04-07,2026-04-06
2631,296,2026-03-09 11:19:00,Delivered,14.04,Debit Card,2026-03-14,2026-03-12
2632,136,2024-09-27 17:34:00,Returned,70.71,Credit Card,2024-09-30,2024-09-30
2633,534,2025-08-05 08:34:00,Returned,115.86,Credit Card,2025-08-12,2025-08-10
2634,616,2025-10-12 14:44:00,Delivered,160.77,Credit Card,2025-10-19,2025-10-18
2635,696,2025-04-06 11:02:00,Delivered,321.55,Debit Card,2025-04-15,2025-04-16
2636,233,2026-05-04 17:14:00,Delivered,227.22,Credit Card,2026-05-11,2026-05-09
2637,90,2026-02-24 20:56:00,Delivered,31.82,Apple Pay,2026-03-05,2026-03-05
2638,79,2026-06-02 13:49:00,Delayed,46.46,Credit Card,2026-06-07,2026-06-17
2639,396,2026-05-07 11:38:00,Delivered,168.62,Credit Card,2026-05-11,2026-05-10
2640,937,2026-06-17 08:10:00,Delivered,164.09,PayPal,2026-06-27,2026-06-25
2641,200,2025-04-29 12:09:00,Delivered,193.91,Apple Pay,2025-05-08,2025-05-09
2642,234,2024-10-10 10:08:00,Delivered,139.39,Credit Card,2024-10-15,2024-10-15
2643,102,2026-06-24 10:25:00,Delivered,236.77,Debit Card,2026-07-01,2026-06-30
2644,559,2026-04-21 10:32:00,Delivered,518.89,Credit Card,2026-05-01,2026-04-30
2645,651,2026-06-05 17:28:00,Delivered,375.57,Debit Card,2026-06-15,2026-06-16
2646,596,2026-05-04 10:33:00,Delivered,200.79,Debit Card,2026-05-12,2026-05-12
2647,848,2025-11-03 18:08:00,Delivered,13.16,Credit Card,2025-11-13,2025-11-11
2648,454,2026-01-30 10:23:00,Delivered,164.79,PayPal,2026-02-04,2026-02-02
2649,119,2024-09-17 08:04:00,Delivered,179.71,Credit Card,2024-09-22,2024-09-21
2650,262,2025-12-29 13:04:00,Delivered,104.24,Credit Card,2026-01-03,2026-01-02
2651,616,2025-09-21 18:28:00,Delivered,99.6,Credit Card,2025-10-01,2025-10-02
2652,568,2026-06-20 14:43:00,Delivered,511.74,PayPal,2026-06-24,2026-06-22
2653,497,2025-09-03 09:36:00,Delivered,47.31,Credit Card,2025-09-06,2025-09-07
2654,660,2025-03-03 09:43:00,Delivered,334.05,PayPal,2025-03-08,2025-03-08
2655,589,2026-03-11 14:29:00,Delivered,278.12,Debit Card,2026-03-21,2026-03-21
2656,870,2024-11-25 20:41:00,Returned,78.01,Debit Card,2024-12-02,2024-11-30
2657,540,2026-06-10 16:18:00,Delivered,175.12,PayPal,2026-06-19,2026-06-17
2658,774,2026-06-06 11:30:00,Delivered,444.9,Credit Card,2026-06-16,2026-06-16
2659,229,2026-06-25 11:03:00,Shipped,424.38,Credit Card,2026-07-04,
2660,648,2025-09-29 20:51:00,Refunded,317.61,Google Pay,2025-10-06,2025-10-04
2661,895,2026-03-17 08:12:00,Delivered,261.69,Credit Card,2026-03-20,2026-03-18
2662,364,2025-01-31 20:08:00,Cancelled,141.76,Debit Card,2025-02-04,
2663,774,2026-06-27 17:25:00,Shipped,15.04,Credit Card,2026-07-07,
2664,706,2025-12-26 17:28:00,Delivered,264.96,Credit Card,2026-01-03,2026-01-02
2665,55,2023-07-29 20:02:00,Delivered,84.46,Credit Card,2023-08-08,2023-08-09
2666,536,2024-05-16 10:29:00,Delivered,192.07,Credit Card,2024-05-23,2024-05-23
2667,116,2026-03-07 20:50:00,Delivered,215.94,Debit Card,2026-03-15,2026-03-13
2668,957,2026-05-21 09:33:00,Delivered,13.57,Credit Card,2026-05-30,2026-05-30
2669,805,2026-06-17 14:54:00,Delivered,328.4,PayPal,2026-06-22,2026-06-21
2670,105,2026-03-01 15:13:00,Delivered,98.45,Credit Card,2026-03-06,2026-03-04
2671,113,2026-05-18 16:06:00,Delivered,120.48,Debit Card,2026-05-21,2026-05-21
2672,546,2026-05-21 10:02:00,Delivered,260.44,PayPal,2026-05-26,2026-05-24
2673,325,2026-06-24 09:32:00,Delivered,607.75,Credit Card,2026-06-29,2026-06-27
2674,34,2025-05-24 08:50:00,Cancelled,469.89,Google Pay,2025-06-02,
2675,500,2026-03-04 09:35:00,Delivered,126.08,PayPal,2026-03-07,2026-03-08
2676,366,2026-02-11 19:12:00,Delivered,280.02,Credit Card,2026-02-18,2026-02-19
2677,102,2026-05-24 17:17:00,Delivered,63.27,Credit Card,2026-05-27,2026-05-27
2678,797,2026-05-17 15:48:00,Delivered,249.73,PayPal,2026-05-21,2026-05-21
2679,909,2025-12-12 12:34:00,Delivered,419.07,Credit Card,2025-12-22,2025-12-20
2680,751,2026-02-26 12:19:00,Delayed,72.22,Debit Card,2026-03-01,2026-03-10
2681,817,2026-04-24 18:45:00,Delivered,158.57,Gift Card,2026-05-02,2026-05-01
2682,200,2025-08-12 15:50:00,Delivered,188.62,Credit Card,2025-08-16,2025-08-17
2683,242,2026-01-20 10:08:00,Delivered,117.6,Debit Card,2026-01-29,2026-01-27
2684,197,2026-06-11 12:04:00,Cancelled,64.87,Debit Card,2026-06-18,
2685,761,2025-09-28 15:42:00,Delivered,238.95,PayPal,2025-10-04,2025-10-04
2686,938,2026-01-24 16:37:00,Delivered,26.7,Debit Card,2026-01-31,2026-01-31
2687,693,2026-03-15 11:35:00,Delivered,239.06,Credit Card,2026-03-22,2026-03-21
2688,870,2026-05-01 11:19:00,Delivered,44.95,PayPal,2026-05-10,2026-05-09
2689,594,2026-05-29 09:00:00,Delivered,125.44,Credit Card,2026-06-02,2026-06-01
2690,366,2026-03-06 09:04:00,Delivered,79.54,Credit Card,2026-03-09,2026-03-08
2691,396,2026-05-30 17:18:00,Delivered,102.9,Credit Card,2026-06-04,2026-06-02
2692,74,2026-03-28 10:44:00,Delivered,415.82,Debit Card,2026-04-02,2026-04-02
2693,34,2026-06-22 17:40:00,Delivered,146.69,Google Pay,2026-07-01,2026-06-30
2694,671,2026-01-29 13:55:00,Delivered,143.45,PayPal,2026-02-06,2026-02-05
2695,407,2023-08-17 18:18:00,Delayed,57.06,Debit Card,2023-08-27,2023-09-06
2696,508,2024-04-13 15:01:00,Delivered,27.74,Credit Card,2024-04-17,2024-04-17
2697,509,2024-01-19 11:47:00,Delivered,225.55,Debit Card,2024-01-25,2024-01-26
2698,250,2026-05-20 14:12:00,Refunded,53.2,Apple Pay,2026-05-27,2026-05-26
2699,448,2026-03-06 15:48:00,Delivered,265.48,Credit Card,2026-03-15,2026-03-13
2700,438,2025-07-09 11:35:00,Delivered,276.99,Apple Pay,2025-07-17,2025-07-18
2701,366,2026-01-05 13:30:00,Delivered,120.86,PayPal,2026-01-11,2026-01-10
2702,817,2026-02-13 15:27:00,Delivered,240.35,Credit Card,2026-02-18,2026-02-16
2703,414,2026-06-28 10:20:00,Shipped,7.53,Credit Card,2026-07-02,
2704,555,2026-02-08 15:46:00,Cancelled,538.72,Credit Card,2026-02-11,
2705,892,2026-04-25 13:57:00,Delayed,28.63,Debit Card,2026-04-29,2026-05-02
2706,858,2025-10-03 08:28:00,Delayed,257.61,Apple Pay,2025-10-10,2025-10-17
2707,885,2026-06-04 20:54:00,Delivered,169.35,Debit Card,2026-06-10,2026-06-10
2708,246,2025-09-27 12:20:00,Delivered,259.2,Debit Card,2025-10-05,2025-10-05
2709,34,2025-12-27 15:18:00,Delivered,72.86,Apple Pay,2026-01-06,2026-01-05
2710,239,2024-03-01 20:13:00,Delivered,214.9,PayPal,2024-03-04,2024-03-05
2711,250,2026-01-10 13:49:00,Delivered,514.65,Credit Card,2026-01-13,2026-01-11
2712,903,2025-03-17 19:14:00,Delivered,434.43,Apple Pay,2025-03-24,2025-03-25
2713,604,2026-06-03 11:55:00,Delivered,59.22,Credit Card,2026-06-07,2026-06-05
2714,82,2025-10-22 09:20:00,Delivered,347.71,Apple Pay,2025-11-01,2025-11-02
2715,119,2026-03-06 14:55:00,Delivered,59.06,Debit Card,2026-03-16,2026-03-17
2716,146,2026-05-04 17:56:00,Delivered,156.38,Credit Card,2026-05-13,2026-05-11
2717,575,2026-01-23 16:44:00,Delivered,40.17,Credit Card,2026-02-02,2026-02-02
2718,723,2026-01-30 14:49:00,Returned,172.2,PayPal,2026-02-04,2026-02-02
2719,848,2026-01-16 09:58:00,Delivered,138.69,Debit Card,2026-01-23,2026-01-24
2720,931,2026-06-10 14:22:00,Delivered,21.42,Credit Card,2026-06-17,2026-06-16
2721,193,2026-05-18 10:42:00,Delivered,21.44,Debit Card,2026-05-27,2026-05-25
2722,290,2026-05-29 16:43:00,Delivered,384.12,Debit Card,2026-06-04,2026-06-04
2723,225,2025-02-01 13:41:00,Delivered,300.21,Apple Pay,2025-02-09,2025-02-07
2724,339,2025-12-03 09:10:00,Delivered,212.85,Gift Card,2025-12-09,2025-12-10
2725,909,2025-03-28 12:10:00,Delivered,212.86,Credit Card,2025-04-04,2025-04-02
2726,529,2026-05-08 09:13:00,Delivered,80.69,Debit Card,2026-05-15,2026-05-15
2727,727,2025-06-11 14:43:00,Delivered,211.74,Credit Card,2025-06-19,2025-06-20
2728,457,2023-04-20 13:04:00,Delivered,131.4,Credit Card,2023-04-29,2023-04-30
2729,33,2026-02-03 10:15:00,Delivered,266.56,Credit Card,2026-02-12,2026-02-12
2730,60,2025-03-07 08:25:00,Refunded,63.95,Credit Card,2025-03-13,2025-03-14
2731,499,2024-11-27 17:34:00,Delivered,122.26,Credit Card,2024-12-02,2024-12-03
2732,696,2026-06-26 13:10:00,Shipped,513.35,Credit Card,2026-07-02,
2733,199,2026-04-06 12:52:00,Delivered,356.87,Debit Card,2026-04-11,2026-04-09
2734,698,2026-06-05 12:51:00,Delivered,164.34,PayPal,2026-06-13,2026-06-13
2735,805,2025-12-09 19:34:00,Delivered,28.96,Credit Card,2025-12-19,2025-12-19
2736,382,2026-04-01 19:14:00,Delivered,229.59,Debit Card,2026-04-07,2026-04-08
2737,737,2026-06-29 11:25:00,Processing,633.41,Apple Pay,2026-07-04,
2738,373,2024-05-22 10:24:00,Delivered,132.86,Gift Card,2024-05-25,2024-05-26
2739,648,2026-05-30 11:10:00,Delivered,132.05,Debit Card,2026-06-08,2026-06-07
2740,760,2026-04-22 12:19:00,Delivered,397.1,Credit Card,2026-04-29,2026-04-30
2741,987,2026-05-14 19:01:00,Returned,149.96,Credit Card,2026-05-17,2026-05-16
2742,327,2026-05-10 08:48:00,Delivered,307.81,Credit Card,2026-05-20,2026-05-21
2743,380,2025-12-17 14:46:00,Delivered,756.69,Credit Card,2025-12-27,2025-12-25
2744,160,2024-08-16 09:01:00,Delivered,31.5,PayPal,2024-08-25,2024-08-23
2745,193,2026-05-05 14:18:00,Delivered,129.93,Apple Pay,2026-05-13,2026-05-13
2746,669,2026-03-09 17:15:00,Delivered,21.0,Debit Card,2026-03-17,2026-03-17
2747,912,2026-02-27 19:43:00,Delivered,34.84,PayPal,2026-03-07,2026-03-07
2748,367,2026-01-09 14:18:00,Delivered,118.96,Google Pay,2026-01-13,2026-01-13
2749,183,2025-12-22 19:03:00,Returned,77.68,Gift Card,2025-12-26,2025-12-27
2750,257,2024-05-09 12:25:00,Delivered,184.83,Credit Card,2024-05-16,2024-05-15
2751,415,2026-03-15 20:24:00,Delivered,93.5,PayPal,2026-03-22,2026-03-22
2752,264,2024-11-17 08:34:00,Cancelled,103.36,Debit Card,2024-11-26,
2753,215,2026-04-02 10:31:00,Delivered,40.93,PayPal,2026-04-10,2026-04-10
2754,723,2025-08-15 19:31:00,Delivered,94.95,Debit Card,2025-08-21,2025-08-21
2755,8,2025-03-15 13:42:00,Delivered,528.34,Debit Card,2025-03-21,2025-03-19
2756,499,2025-10-19 19:18:00,Delivered,181.82,PayPal,2025-10-26,2025-10-24
2757,794,2026-06-26 13:37:00,Shipped,356.94,Debit Card,2026-06-30,
2758,243,2026-05-08 15:02:00,Delivered,309.32,PayPal,2026-05-14,2026-05-13
2759,555,2026-03-28 20:51:00,Delivered,348.71,Debit Card,2026-04-07,2026-04-06
2760,632,2025-10-01 17:16:00,Delivered,356.9,Credit Card,2025-10-06,2025-10-04
2761,613,2026-06-19 13:13:00,Delivered,14.38,PayPal,2026-06-29,2026-06-29
2762,409,2025-02-22 10:19:00,Delivered,470.64,Credit Card,2025-03-04,2025-03-02
2763,328,2025-05-16 11:32:00,Delivered,36.64,Credit Card,2025-05-23,2025-05-22
2764,833,2026-06-10 17:43:00,Delivered,78.92,Credit Card,2026-06-18,2026-06-19
2765,754,2026-02-04 12:40:00,Delivered,387.34,Credit Card,2026-02-10,2026-02-11
2766,306,2026-05-24 13:36:00,Delivered,32.68,Bank Transfer,2026-05-28,2026-05-26
2767,102,2026-04-07 11:04:00,Delivered,196.75,Apple Pay,2026-04-16,2026-04-15
2768,71,2024-03-14 08:18:00,Delivered,245.73,Credit Card,2024-03-23,2024-03-22
2769,95,2026-05-27 12:18:00,Delayed,70.92,Credit Card,2026-06-06,2026-06-14
2770,536,2025-05-23 11:04:00,Delivered,106.64,Credit Card,2025-05-29,2025-05-28
2771,51,2025-07-23 17:46:00,Delivered,194.36,PayPal,2025-08-01,2025-08-01
2772,314,2025-11-07 15:09:00,Delivered,575.48,Credit Card,2025-11-10,2025-11-11
2773,745,2026-02-19 09:14:00,Delivered,213.1,Apple Pay,2026-02-25,2026-02-24
2774,268,2025-12-23 08:01:00,Delivered,43.46,Debit Card,2025-12-31,2026-01-01
2775,760,2026-05-30 16:45:00,Delivered,206.86,Credit Card,2026-06-03,2026-06-03
2776,736,2022-08-31 13:14:00,Delivered,62.28,Credit Card,2022-09-08,2022-09-06
2777,229,2026-06-14 16:04:00,Delivered,122.94,Credit Card,2026-06-20,2026-06-19
2778,712,2025-12-11 16:13:00,Delivered,183.72,Google Pay,2025-12-19,2025-12-19
2779,739,2026-04-16 10:48:00,Delivered,88.02,Debit Card,2026-04-22,2026-04-23
2780,368,2026-06-23 20:39:00,Delivered,240.27,Credit Card,2026-06-30,2026-06-28
2781,198,2025-11-23 14:22:00,Delivered,293.46,Credit Card,2025-11-28,2025-11-29
2782,489,2026-05-14 12:05:00,Delivered,257.39,Credit Card,2026-05-24,2026-05-25
2783,916,2026-04-13 17:01:00,Delivered,680.83,Credit Card,2026-04-22,2026-04-20
2784,594,2025-09-18 08:13:00,Delivered,129.71,Apple Pay,2025-09-23,2025-09-24
2785,168,2026-01-28 10:56:00,Delivered,40.07,Credit Card,2026-02-03,2026-02-01
2786,660,2025-08-25 16:46:00,Delivered,27.03,Apple Pay,2025-08-30,2025-08-28
2787,396,2026-03-22 16:16:00,Delivered,99.2,PayPal,2026-03-29,2026-03-29
2788,544,2025-03-15 16:12:00,Delivered,27.02,Credit Card,2025-03-21,2025-03-20
2789,721,2026-03-06 18:15:00,Delivered,207.08,Credit Card,2026-03-11,2026-03-09
2790,486,2025-10-30 16:00:00,Delivered,102.34,PayPal,2025-11-05,2025-11-06
2791,808,2026-03-24 12:36:00,Delivered,219.11,Google Pay,2026-04-01,2026-03-31
2792,701,2026-04-16 08:18:00,Delivered,25.05,Debit Card,2026-04-21,2026-04-19
2793,570,2026-02-25 09:05:00,Delivered,202.79,Credit Card,2026-03-04,2026-03-03
2794,140,2025-10-13 15:34:00,Delivered,266.25,PayPal,2025-10-17,2025-10-15
2795,833,2026-06-05 14:13:00,Delayed,223.22,Debit Card,2026-06-13,2026-06-17
2796,925,2026-02-21 15:02:00,Delivered,152.11,Credit Card,2026-02-24,2026-02-24
2797,119,2025-02-14 16:13:00,Delivered,112.9,Credit Card,2025-02-23,2025-02-21
2798,456,2026-06-10 11:58:00,Delivered,160.62,Credit Card,2026-06-15,2026-06-16
2799,236,2026-02-11 17:00:00,Delivered,265.31,Debit Card,2026-02-14,2026-02-13
2800,749,2026-05-22 12:25:00,Delivered,60.04,Apple Pay,2026-05-28,2026-05-27
2801,698,2025-08-17 18:44:00,Delivered,134.61,PayPal,2025-08-24,2025-08-22
2802,126,2025-09-03 09:09:00,Delivered,161.54,Credit Card,2025-09-06,2025-09-07
2803,867,2025-05-01 16:49:00,Delivered,355.73,PayPal,2025-05-08,2025-05-06
2804,183,2026-02-09 09:43:00,Delivered,123.14,PayPal,2026-02-12,2026-02-12
2805,797,2026-03-22 18:35:00,Delayed,105.54,Gift Card,2026-04-01,2026-04-06
2806,415,2026-04-15 19:10:00,Delivered,385.54,Credit Card,2026-04-24,2026-04-24
2807,307,2026-01-25 14:44:00,Delivered,122.74,Credit Card,2026-01-29,2026-01-27
2808,152,2026-03-16 10:48:00,Delivered,290.35,Credit Card,2026-03-24,2026-03-22
2809,160,2026-06-09 08:11:00,Delivered,23.92,Credit Card,2026-06-19,2026-06-18
2810,616,2026-01-30 11:47:00,Cancelled,878.53,Credit Card,2026-02-09,
2811,505,2026-03-23 16:28:00,Delivered,168.72,Debit Card,2026-03-27,2026-03-26
2812,113,2026-02-27 14:12:00,Delivered,75.16,Credit Card,2026-03-04,2026-03-03
2813,105,2026-05-02 16:40:00,Delivered,502.09,Credit Card,2026-05-07,2026-05-08
2814,71,2024-11-11 09:34:00,Delivered,225.9,Credit Card,2024-11-21,2024-11-19
2815,736,2024-08-13 20:53:00,Delivered,43.31,Debit Card,2024-08-17,2024-08-17
2816,686,2026-06-14 17:51:00,Delivered,783.25,Credit Card,2026-06-21,2026-06-22
2817,54,2024-09-08 20:20:00,Delivered,110.26,PayPal,2024-09-18,2024-09-17
2818,511,2026-04-18 13:37:00,Delivered,83.02,Credit Card,2026-04-28,2026-04-27
2819,85,2025-10-29 08:31:00,Delivered,209.23,Credit Card,2025-11-06,2025-11-04
2820,895,2026-01-20 10:20:00,Delivered,314.53,Credit Card,2026-01-28,2026-01-27
2821,901,2026-03-14 16:32:00,Delivered,646.18,Credit Card,2026-03-18,2026-03-18
2822,672,2026-06-28 14:13:00,Shipped,50.74,Credit Card,2026-07-08,
2823,920,2026-02-22 08:51:00,Delivered,822.59,Apple Pay,2026-03-03,2026-03-03
2824,805,2026-05-29 20:53:00,Delivered,34.09,Credit Card,2026-06-08,2026-06-06
2825,825,2026-05-17 15:07:00,Delivered,93.22,Debit Card,2026-05-27,2026-05-26
2826,519,2025-04-04 13:49:00,Delivered,182.56,PayPal,2025-04-09,2025-04-07
2827,286,2026-02-15 20:47:00,Delivered,259.15,PayPal,2026-02-21,2026-02-19
2828,200,2023-09-04 19:45:00,Delivered,26.11,Debit Card,2023-09-12,2023-09-12
2829,306,2024-09-23 19:03:00,Delivered,449.24,Debit Card,2024-09-30,2024-09-29
2830,575,2025-12-05 10:14:00,Delivered,81.23,Credit Card,2025-12-11,2025-12-11
2831,166,2026-06-26 09:50:00,Shipped,161.91,PayPal,2026-06-29,
2832,236,2026-06-02 11:04:00,Delayed,188.76,Credit Card,2026-06-11,2026-06-20
2833,435,2026-01-07 18:32:00,Delivered,163.26,Credit Card,2026-01-11,2026-01-11
2834,214,2026-05-26 14:47:00,Returned,77.14,Credit Card,2026-06-02,2026-06-03
2835,541,2024-07-24 20:31:00,Delivered,264.66,Debit Card,2024-08-02,2024-08-03
2836,918,2025-05-06 15:06:00,Delivered,179.83,Credit Card,2025-05-11,2025-05-12
2837,739,2026-03-30 12:48:00,Delivered,79.14,PayPal,2026-04-03,2026-04-03
2838,625,2025-02-23 19:41:00,Delivered,21.18,Google Pay,2025-02-26,2025-02-27
2839,536,2025-11-06 12:46:00,Cancelled,144.78,PayPal,2025-11-14,
2840,455,2026-06-06 20:50:00,Delivered,117.38,Debit Card,2026-06-16,2026-06-16
2841,185,2024-04-14 18:35:00,Delivered,13.37,Credit Card,2024-04-17,2024-04-16
2842,892,2026-04-23 08:54:00,Delivered,189.17,Debit Card,2026-04-28,2026-04-29
2843,229,2026-06-21 19:25:00,Delivered,140.96,Credit Card,2026-06-24,2026-06-22
2844,92,2025-12-05 13:00:00,Delivered,33.83,Debit Card,2025-12-13,2025-12-11
2845,741,2026-01-29 11:55:00,Delivered,204.54,Debit Card,2026-02-08,2026-02-07
2846,176,2026-04-12 20:05:00,Delivered,272.78,Credit Card,2026-04-21,2026-04-20
2847,352,2025-12-28 08:34:00,Returned,405.28,Credit Card,2026-01-02,2026-01-02
2848,32,2024-07-01 20:24:00,Delivered,20.32,PayPal,2024-07-06,2024-07-04
2849,120,2025-10-19 13:53:00,Delivered,253.07,Credit Card,2025-10-22,2025-10-21
2850,168,2026-06-29 15:14:00,Processing,236.67,Credit Card,2026-07-08,
2851,53,2026-05-29 08:55:00,Delivered,380.04,Credit Card,2026-06-07,2026-06-05
2852,615,2024-12-08 19:02:00,Delivered,298.66,Debit Card,2024-12-16,2024-12-14
2853,834,2024-08-29 14:49:00,Delivered,133.14,Credit Card,2024-09-05,2024-09-03
2854,355,2025-12-23 20:19:00,Delivered,363.62,PayPal,2025-12-29,2025-12-29
2855,866,2026-01-29 14:19:00,Delivered,137.37,Credit Card,2026-02-06,2026-02-05
2856,199,2024-10-09 10:45:00,Delivered,62.76,Credit Card,2024-10-13,2024-10-13
2857,306,2025-04-07 09:25:00,Delivered,238.59,PayPal,2025-04-10,2025-04-09
2858,140,2025-09-14 18:38:00,Delivered,97.06,Bank Transfer,2025-09-20,2025-09-21
2859,571,2026-02-07 11:29:00,Delivered,55.91,PayPal,2026-02-10,2026-02-09
2860,391,2025-12-17 19:04:00,Delayed,66.17,PayPal,2025-12-24,2026-01-02
2861,568,2026-06-06 09:56:00,Delivered,318.66,Google Pay,2026-06-14,2026-06-12
2862,759,2025-05-23 15:25:00,Delivered,250.26,Google Pay,2025-05-26,2025-05-24
2863,500,2025-02-02 10:22:00,Delivered,663.57,Credit Card,2025-02-11,2025-02-10
2864,575,2025-01-15 19:53:00,Delivered,432.01,Debit Card,2025-01-18,2025-01-16
2865,925,2026-03-19 10:48:00,Delivered,1008.44,Credit Card,2026-03-26,2026-03-24
2866,274,2026-05-06 08:32:00,Delivered,124.78,Gift Card,2026-05-15,2026-05-15
2867,339,2026-03-06 11:00:00,Refunded,213.64,Apple Pay,2026-03-13,2026-03-11
2868,693,2024-10-03 12:24:00,Delivered,298.96,Gift Card,2024-10-11,2024-10-09
2869,567,2025-07-28 11:56:00,Delivered,343.91,Apple Pay,2025-08-06,2025-08-07
2870,180,2025-10-12 09:48:00,Delivered,418.05,Credit Card,2025-10-22,2025-10-23
2871,356,2026-04-30 18:45:00,Delivered,418.95,PayPal,2026-05-03,2026-05-02
2872,433,2026-02-24 14:06:00,Delivered,45.68,PayPal,2026-02-27,2026-02-26
2873,391,2024-09-11 11:19:00,Delivered,194.08,Credit Card,2024-09-19,2024-09-20
2874,179,2026-05-30 20:22:00,Delivered,508.9,Debit Card,2026-06-06,2026-06-06
2875,918,2026-03-15 13:26:00,Delivered,490.96,PayPal,2026-03-19,2026-03-18
2876,759,2025-12-08 11:05:00,Delivered,170.33,Credit Card,2025-12-14,2025-12-13
2877,453,2025-10-23 18:29:00,Delivered,362.31,Credit Card,2025-10-28,2025-10-28
2878,652,2025-12-16 17:28:00,Delivered,139.03,PayPal,2025-12-19,2025-12-19
2879,892,2026-06-23 17:08:00,Delivered,536.99,Credit Card,2026-06-28,2026-06-29
2880,119,2026-06-14 14:04:00,Delivered,380.02,PayPal,2026-06-24,2026-06-24
2881,229,2026-06-27 18:25:00,Shipped,101.45,PayPal,2026-07-02,
2882,500,2026-05-22 18:49:00,Delivered,87.25,PayPal,2026-05-30,2026-05-29
2883,797,2025-11-29 20:08:00,Returned,28.41,Debit Card,2025-12-09,2025-12-09
2884,34,2025-12-20 16:41:00,Delivered,392.68,PayPal,2025-12-28,2025-12-27
2885,980,2026-02-19 08:40:00,Delivered,22.35,Credit Card,2026-02-25,2026-02-23
2886,415,2026-05-08 10:55:00,Delivered,422.65,PayPal,2026-05-15,2026-05-15
2887,339,2025-09-26 20:37:00,Delivered,53.18,Debit Card,2025-10-06,2025-10-07
2888,266,2024-03-04 15:51:00,Delivered,194.76,Credit Card,2024-03-10,2024-03-08
2889,174,2025-12-29 18:15:00,Delivered,30.94,Credit Card,2026-01-01,2026-01-02
2890,792,2026-05-30 14:20:00,Delivered,44.87,Credit Card,2026-06-06,2026-06-07
2891,946,2023-03-16 10:39:00,Delivered,421.2,Credit Card,2023-03-23,2023-03-22
2892,383,2026-05-10 13:18:00,Delivered,225.86,Credit Card,2026-05-15,2026-05-16
2893,943,2025-07-16 18:04:00,Delivered,7.24,Credit Card,2025-07-20,2025-07-20
2894,818,2024-07-02 17:35:00,Delivered,27.6,Apple Pay,2024-07-09,2024-07-07
2895,453,2026-04-02 11:29:00,Delivered,27.52,Credit Card,2026-04-12,2026-04-10
2896,640,2026-06-26 17:24:00,Processing,66.36,Apple Pay,2026-07-02,
2897,402,2026-05-25 14:08:00,Delivered,338.92,Credit Card,2026-06-02,2026-05-31
2898,509,2026-06-04 14:45:00,Delivered,335.88,PayPal,2026-06-09,2026-06-09
2899,54,2026-02-02 18:37:00,Delivered,165.71,Credit Card,2026-02-09,2026-02-07
2900,672,2026-04-27 13:29:00,Delivered,432.29,Credit Card,2026-05-04,2026-05-02
2901,52,2026-01-08 17:06:00,Delivered,400.94,PayPal,2026-01-12,2026-01-12
2902,812,2026-05-11 14:11:00,Delivered,311.3,Debit Card,2026-05-17,2026-05-15
2903,821,2026-06-27 20:50:00,Shipped,311.34,Credit Card,2026-07-06,
2904,221,2026-03-02 13:51:00,Delivered,119.2,Debit Card,2026-03-06,2026-03-05
2905,306,2026-05-30 08:25:00,Delivered,7.18,Credit Card,2026-06-04,2026-06-03
2906,453,2026-05-22 09:18:00,Delivered,72.05,PayPal,2026-05-28,2026-05-27
2907,550,2026-06-28 20:36:00,Processing,425.15,PayPal,2026-07-08,
2908,258,2025-09-30 10:22:00,Delivered,99.43,Debit Card,2025-10-08,2025-10-07
2909,544,2024-12-10 19:10:00,Delivered,224.1,Credit Card,2024-12-13,2024-12-11
2910,273,2025-11-19 15:47:00,Cancelled,109.0,Credit Card,2025-11-28,
2911,53,2026-02-10 09:55:00,Delayed,447.0,Credit Card,2026-02-17,2026-02-27
2912,2,2025-10-17 19:27:00,Delivered,27.24,Debit Card,2025-10-25,2025-10-23
2913,102,2026-06-17 17:00:00,Delivered,270.57,Credit Card,2026-06-26,2026-06-26
2914,792,2025-11-08 12:34:00,Delivered,212.91,Credit Card,2025-11-13,2025-11-14
2915,954,2026-06-11 15:02:00,Delivered,50.28,PayPal,2026-06-18,2026-06-16
2916,396,2026-03-22 12:36:00,Delivered,280.81,Debit Card,2026-04-01,2026-03-31
2917,486,2026-04-09 12:46:00,Delivered,161.34,Apple Pay,2026-04-14,2026-04-13
2918,133,2025-11-07 13:36:00,Delivered,84.37,Credit Card,2025-11-10,2025-11-09
2919,505,2026-06-23 09:26:00,Shipped,167.36,Credit Card,2026-07-01,
2920,131,2025-09-21 18:15:00,Delivered,59.57,Credit Card,2025-10-01,2025-10-01
2921,567,2026-05-15 08:53:00,Delivered,139.31,PayPal,2026-05-21,2026-05-22
2922,923,2025-10-31 19:36:00,Delivered,169.33,Credit Card,2025-11-06,2025-11-04
2923,191,2026-04-11 18:31:00,Delayed,293.36,Credit Card,2026-04-17,2026-04-24
2924,760,2025-12-28 17:43:00,Delivered,94.32,Apple Pay,2026-01-03,2026-01-01
2925,27,2026-04-01 14:02:00,Delivered,219.6,Credit Card,2026-04-09,2026-04-09
2926,356,2022-08-24 14:34:00,Delivered,138.65,Credit Card,2022-08-28,2022-08-28
2927,105,2026-04-26 16:12:00,Delivered,82.32,Credit Card,2026-05-04,2026-05-03
2928,337,2026-02-21 19:58:00,Delivered,95.6,Credit Card,2026-02-25,2026-02-26
2929,168,2026-05-17 20:37:00,Delivered,42.32,Credit Card,2026-05-23,2026-05-23
2930,355,2025-12-15 10:35:00,Delivered,139.34,Credit Card,2025-12-21,2025-12-21
2931,391,2026-03-16 18:24:00,Delivered,228.68,Debit Card,2026-03-21,2026-03-19
2932,277,2025-07-23 17:50:00,Delivered,276.28,PayPal,2025-08-01,2025-08-02
2933,615,2025-04-14 14:55:00,Delivered,189.39,Google Pay,2025-04-19,2025-04-20
2934,913,2026-05-02 18:30:00,Delivered,751.92,Credit Card,2026-05-06,2026-05-07
2935,368,2025-11-15 08:02:00,Delivered,392.37,Credit Card,2025-11-24,2025-11-23
2936,189,2025-11-26 10:40:00,Delivered,42.52,Debit Card,2025-11-30,2025-11-30
2937,246,2026-05-19 17:33:00,Delivered,306.36,PayPal,2026-05-27,2026-05-27
2938,848,2026-04-25 16:14:00,Delivered,406.7,Credit Card,2026-05-01,2026-04-29
2939,519,2025-07-09 15:11:00,Delivered,505.86,Apple Pay,2025-07-15,2025-07-16
2940,415,2026-03-11 20:45:00,Delivered,65.76,Apple Pay,2026-03-14,2026-03-14
2941,136,2026-03-24 14:12:00,Delivered,229.65,PayPal,2026-04-02,2026-03-31
2942,414,2026-05-25 16:44:00,Delivered,86.04,Apple Pay,2026-05-28,2026-05-27
2943,250,2026-04-12 12:45:00,Delayed,408.73,Credit Card,2026-04-18,2026-04-21
2944,933,2026-04-28 11:54:00,Delivered,94.24,Credit Card,2026-05-01,2026-05-02
2945,880,2026-05-14 14:31:00,Delivered,230.83,Credit Card,2026-05-18,2026-05-18
2946,84,2026-05-19 08:39:00,Delivered,199.51,Debit Card,2026-05-24,2026-05-22
2947,486,2025-01-07 15:25:00,Delivered,266.41,Debit Card,2025-01-10,2025-01-10
2948,208,2026-06-05 12:13:00,Delivered,7.81,Credit Card,2026-06-13,2026-06-12
2949,380,2025-08-06 12:35:00,Delivered,386.32,Credit Card,2025-08-16,2025-08-15
2950,867,2026-06-07 09:47:00,Delivered,120.97,Debit Card,2026-06-14,2026-06-14
2951,492,2026-04-28 10:09:00,Refunded,185.59,Debit Card,2026-05-02,2026-05-03
2952,311,2025-08-04 13:55:00,Delivered,46.66,Credit Card,2025-08-10,2025-08-11
2953,197,2025-11-14 20:41:00,Delivered,78.48,Credit Card,2025-11-21,2025-11-21
2954,797,2026-04-18 09:30:00,Delivered,78.63,Credit Card,2026-04-26,2026-04-25
2955,573,2026-05-20 19:18:00,Delivered,95.44,Credit Card,2026-05-27,2026-05-25
2956,435,2025-08-10 19:50:00,Delivered,111.82,Debit Card,2025-08-19,2025-08-18
2957,200,2024-12-09 18:55:00,Delivered,306.17,Credit Card,2024-12-17,2024-12-17
2958,311,2025-05-28 19:20:00,Delivered,197.45,Apple Pay,2025-06-01,2025-05-31
2959,953,2026-05-08 19:26:00,Cancelled,54.26,Credit Card,2026-05-13,
2960,489,2025-08-17 18:48:00,Delivered,123.6,Credit Card,2025-08-27,2025-08-25
2961,368,2026-05-02 12:54:00,Returned,278.18,Bank Transfer,2026-05-09,2026-05-09
2962,489,2024-09-10 19:14:00,Delivered,32.27,Google Pay,2024-09-17,2024-09-17
2963,774,2026-06-14 11:57:00,Delivered,329.37,Debit Card,2026-06-19,2026-06-17
2964,316,2025-11-29 08:55:00,Delivered,527.73,Credit Card,2025-12-08,2025-12-07
2965,181,2026-05-27 13:43:00,Delivered,314.58,Google Pay,2026-06-02,2026-05-31
2966,538,2026-05-21 13:13:00,Cancelled,166.99,Credit Card,2026-05-31,
2967,624,2025-08-09 20:31:00,Delivered,318.46,PayPal,2025-08-12,2025-08-11
2968,687,2025-10-16 08:10:00,Delivered,121.34,Debit Card,2025-10-24,2025-10-22
2969,873,2025-10-25 09:39:00,Delivered,84.76,Debit Card,2025-11-04,2025-11-04
2970,352,2026-01-27 08:23:00,Delivered,371.12,Credit Card,2026-02-06,2026-02-06
2971,74,2026-04-04 09:57:00,Delivered,406.47,Debit Card,2026-04-12,2026-04-10
2972,949,2025-07-26 11:05:00,Returned,126.28,Debit Card,2025-08-02,2025-07-31
2973,402,2026-02-22 13:29:00,Delivered,159.71,PayPal,2026-02-26,2026-02-27
2974,573,2025-04-22 15:03:00,Delivered,314.28,Google Pay,2025-04-27,2025-04-26
2975,625,2025-03-14 10:32:00,Cancelled,40.62,Credit Card,2025-03-24,
2976,501,2025-02-23 18:25:00,Delivered,158.84,PayPal,2025-03-01,2025-03-02
2977,196,2025-12-29 11:36:00,Cancelled,303.0,Credit Card,2026-01-01,
2978,749,2025-04-22 13:16:00,Delivered,34.56,Credit Card,2025-04-25,2025-04-26
2979,797,2026-02-04 17:35:00,Delivered,191.57,Credit Card,2026-02-08,2026-02-07
2980,508,2026-06-01 08:26:00,Delivered,243.27,Credit Card,2026-06-08,2026-06-08
2981,456,2025-12-22 13:36:00,Delivered,519.04,Credit Card,2026-01-01,2025-12-30
2982,105,2026-06-11 20:55:00,Delivered,774.06,PayPal,2026-06-21,2026-06-21
2983,84,2025-04-16 16:04:00,Delivered,534.47,PayPal,2025-04-22,2025-04-20
2984,316,2026-04-13 20:44:00,Refunded,257.74,Credit Card,2026-04-22,2026-04-23
2985,293,2026-05-25 16:29:00,Delivered,225.39,PayPal,2026-05-28,2026-05-29
2986,943,2024-01-04 13:17:00,Delivered,104.17,PayPal,2024-01-10,2024-01-08
2987,781,2025-10-15 14:50:00,Delivered,56.49,Google Pay,2025-10-25,2025-10-25
2988,616,2026-04-02 16:08:00,Delivered,121.75,Credit Card,2026-04-08,2026-04-06
2989,487,2025-07-29 14:31:00,Delivered,430.82,Gift Card,2025-08-03,2025-08-03
2990,160,2024-02-11 16:02:00,Delivered,274.48,Gift Card,2024-02-21,2024-02-19
2991,974,2026-04-15 20:29:00,Delivered,615.91,Credit Card,2026-04-20,2026-04-20
2992,356,2026-06-04 10:25:00,Delivered,175.06,PayPal,2026-06-09,2026-06-10
2993,103,2026-05-25 20:04:00,Delivered,65.55,Google Pay,2026-06-04,2026-06-05
2994,462,2025-08-28 09:31:00,Delivered,55.54,Credit Card,2025-09-06,2025-09-05
2995,865,2026-03-23 11:07:00,Delivered,42.81,Credit Card,2026-04-01,2026-04-01
2996,882,2026-01-27 14:49:00,Delivered,77.04,PayPal,2026-02-06,2026-02-06
2997,11,2026-04-29 14:56:00,Delivered,541.38,Debit Card,2026-05-02,2026-04-30
2998,882,2025-09-05 16:44:00,Delivered,464.6,PayPal,2025-09-14,2025-09-12
2999,247,2025-10-31 10:43:00,Delivered,171.51,Debit Card,2025-11-03,2025-11-04
3000,35,2026-04-20 15:48:00,Delivered,86.03,Credit Card,2026-04-24,2026-04-22
3001,841,2026-06-14 16:33:00,Cancelled,42.73,Credit Card,2026-06-23,
3002,854,2026-01-19 15:30:00,Delivered,161.93,PayPal,2026-01-24,2026-01-22
3003,549,2025-07-03 13:28:00,Delivered,744.18,Debit Card,2025-07-09,2025-07-07
3004,521,2026-05-06 13:32:00,Cancelled,119.79,Credit Card,2026-05-12,
3005,808,2025-09-02 08:19:00,Delivered,55.0,PayPal,2025-09-08,2025-09-09
3006,786,2026-06-19 17:38:00,Delivered,26.68,Google Pay,2026-06-29,2026-06-27
3007,885,2024-02-21 18:58:00,Delivered,71.5,Gift Card,2024-02-29,2024-02-27
3008,508,2024-07-29 13:21:00,Delivered,52.63,Credit Card,2024-08-06,2024-08-07
3009,957,2026-02-27 13:22:00,Delivered,117.24,Debit Card,2026-03-03,2026-03-04
3010,992,2025-09-25 10:20:00,Refunded,7.94,Credit Card,2025-09-30,2025-10-01
3011,108,2025-09-23 16:32:00,Delivered,196.46,PayPal,2025-10-03,2025-10-04
3012,845,2024-09-05 12:11:00,Delivered,100.13,PayPal,2024-09-11,2024-09-10
3013,470,2025-12-19 15:49:00,Delivered,88.44,Credit Card,2025-12-26,2025-12-27
3014,366,2026-01-21 17:30:00,Cancelled,271.95,Credit Card,2026-01-28,
3015,568,2026-06-17 14:25:00,Delivered,161.99,Credit Card,2026-06-27,2026-06-25
3016,53,2026-03-12 13:53:00,Refunded,81.79,Credit Card,2026-03-18,2026-03-19
3017,477,2025-02-22 17:41:00,Delivered,223.44,PayPal,2025-03-04,2025-03-05
3018,859,2024-11-26 18:35:00,Cancelled,284.45,Credit Card,2024-12-03,
3019,199,2025-10-15 17:56:00,Delivered,454.89,Apple Pay,2025-10-21,2025-10-20
3020,396,2026-05-17 10:02:00,Delivered,146.36,Credit Card,2026-05-24,2026-05-23
3021,930,2025-09-25 11:00:00,Delivered,113.02,Google Pay,2025-10-03,2025-10-03
3022,396,2026-04-23 13:48:00,Delivered,32.97,Debit Card,2026-04-26,2026-04-25
3023,338,2025-01-13 08:03:00,Delivered,72.88,Debit Card,2025-01-17,2025-01-18
3024,409,2024-07-16 09:56:00,Delivered,47.22,Credit Card,2024-07-22,2024-07-20
3025,489,2025-06-22 20:18:00,Delivered,441.38,Debit Card,2025-07-01,2025-06-29
3026,578,2026-04-15 15:40:00,Refunded,287.35,Debit Card,2026-04-24,2026-04-24
3027,797,2025-11-24 20:57:00,Delivered,126.37,Credit Card,2025-11-30,2025-12-01
3028,414,2026-05-22 14:36:00,Delivered,420.23,Google Pay,2026-05-31,2026-05-29
3029,814,2026-06-23 20:03:00,Shipped,308.97,Apple Pay,2026-06-30,
3030,499,2025-08-03 15:31:00,Delivered,202.36,PayPal,2025-08-06,2025-08-04
3031,315,2026-06-24 16:28:00,Out for Delivery,113.19,Credit Card,2026-06-27,
3032,615,2025-10-05 08:04:00,Delivered,20.86,Credit Card,2025-10-11,2025-10-09
3033,693,2023-09-15 11:20:00,Delivered,188.25,Credit Card,2023-09-20,2023-09-18
3034,509,2026-01-11 13:14:00,Delivered,117.93,PayPal,2026-01-21,2026-01-22
3035,53,2026-02-22 13:52:00,Delivered,281.72,Credit Card,2026-02-28,2026-02-28
3036,162,2026-06-03 11:56:00,Delivered,74.8,Google Pay,2026-06-10,2026-06-09
3037,257,2025-11-06 20:16:00,Delivered,163.44,Credit Card,2025-11-15,2025-11-14
3038,253,2025-12-31 14:34:00,Delivered,357.58,Credit Card,2026-01-08,2026-01-07
3039,638,2025-11-07 12:45:00,Delivered,364.52,Credit Card,2025-11-17,2025-11-18
3040,21,2023-01-03 09:44:00,Delivered,50.31,Google Pay,2023-01-09,2023-01-09
3041,749,2025-12-20 20:30:00,Cancelled,89.58,Credit Card,2025-12-26,
3042,243,2026-03-01 09:00:00,Delivered,139.98,Apple Pay,2026-03-07,2026-03-07
3043,291,2025-07-20 10:17:00,Delivered,319.24,Debit Card,2025-07-27,2025-07-25
3044,492,2025-09-27 17:18:00,Delayed,139.84,Google Pay,2025-10-04,2025-10-11
3045,200,2025-10-21 20:17:00,Delivered,406.36,Credit Card,2025-10-31,2025-10-29
3046,881,2026-01-19 13:36:00,Delivered,137.84,PayPal,2026-01-26,2026-01-27
3047,86,2025-04-14 20:39:00,Delivered,256.47,PayPal,2025-04-18,2025-04-18
3048,409,2025-04-02 12:30:00,Delivered,7.89,Apple Pay,2025-04-09,2025-04-09
3049,845,2024-12-03 09:29:00,Delivered,244.24,Credit Card,2024-12-09,2024-12-10
3050,570,2025-11-12 20:15:00,Delivered,480.69,Credit Card,2025-11-16,2025-11-14
3051,265,2026-06-26 13:31:00,Processing,416.32,Debit Card,2026-07-04,
3052,391,2025-03-09 17:23:00,Delivered,157.22,Credit Card,2025-03-12,2025-03-11
3053,680,2025-10-17 15:54:00,Delivered,265.08,Apple Pay,2025-10-25,2025-10-26
3054,970,2026-06-24 09:57:00,Delivered,170.65,Google Pay,2026-07-01,2026-06-30
3055,891,2025-06-12 09:45:00,Delivered,7.84,PayPal,2025-06-15,2025-06-15
3056,322,2026-04-23 20:01:00,Delivered,227.12,Google Pay,2026-05-03,2026-05-04
3057,995,2026-05-21 11:47:00,Delivered,52.74,PayPal,2026-05-31,2026-05-30
3058,4,2026-06-28 20:18:00,Shipped,56.4,Debit Card,2026-07-06,
3059,29,2026-05-10 15:22:00,Delivered,54.53,PayPal,2026-05-18,2026-05-18
3060,820,2025-11-23 18:14:00,Delivered,514.52,Gift Card,2025-11-28,2025-11-26
3061,192,2024-03-10 10:42:00,Delivered,262.92,Gift Card,2024-03-13,2024-03-14
3062,56,2026-03-22 17:18:00,Delivered,111.6,Credit Card,2026-03-27,2026-03-26
3063,221,2025-12-21 20:55:00,Delivered,439.36,Credit Card,2025-12-30,2025-12-31
3064,396,2026-06-10 14:17:00,Delivered,185.61,Credit Card,2026-06-17,2026-06-15
3065,716,2025-11-26 13:02:00,Delivered,42.54,PayPal,2025-12-02,2025-12-01
3066,573,2026-02-18 16:13:00,Delivered,116.05,PayPal,2026-02-22,2026-02-21
3067,221,2026-04-18 11:38:00,Delivered,127.18,Credit Card,2026-04-27,2026-04-25
3068,474,2023-05-06 09:14:00,Delivered,49.55,Debit Card,2023-05-14,2023-05-13
3069,920,2025-11-07 11:40:00,Delivered,251.58,PayPal,2025-11-14,2025-11-12
3070,808,2025-07-21 10:15:00,Delivered,307.75,Credit Card,2025-07-26,2025-07-25
3071,306,2026-05-03 17:27:00,Delivered,354.72,Credit Card,2026-05-08,2026-05-07
3072,979,2026-04-02 20:51:00,Delivered,294.99,PayPal,2026-04-08,2026-04-09
3073,682,2026-06-28 08:32:00,Processing,231.51,Credit Card,2026-07-07,
3074,58,2025-11-01 08:22:00,Delivered,382.51,PayPal,2025-11-10,2025-11-09
3075,34,2025-11-19 15:58:00,Delivered,181.68,PayPal,2025-11-26,2025-11-25
3076,161,2025-06-30 18:11:00,Delivered,276.32,Credit Card,2025-07-08,2025-07-09
3077,711,2024-06-02 20:53:00,Delayed,134.99,Credit Card,2024-06-11,2024-06-14
3078,184,2026-02-20 18:00:00,Delivered,432.64,Credit Card,2026-03-01,2026-02-27
3079,483,2025-06-13 12:54:00,Delivered,182.96,Google Pay,2025-06-22,2025-06-23
3080,95,2026-06-10 08:18:00,Delivered,82.16,PayPal,2026-06-20,2026-06-21
3081,916,2025-11-28 16:28:00,Delivered,173.72,Credit Card,2025-12-06,2025-12-05
3082,323,2025-02-26 12:54:00,Delivered,108.65,Bank Transfer,2025-03-02,2025-03-03
3083,902,2025-05-05 13:04:00,Delivered,164.04,Credit Card,2025-05-14,2025-05-15
3084,934,2024-10-03 12:17:00,Delivered,97.5,Credit Card,2024-10-12,2024-10-10
3085,6,2026-06-28 20:47:00,Processing,155.41,Credit Card,2026-07-07,
3086,428,2025-10-01 16:22:00,Delivered,335.39,PayPal,2025-10-04,2025-10-02
3087,27,2026-02-01 11:39:00,Delivered,106.8,Credit Card,2026-02-05,2026-02-03
3088,902,2026-02-20 20:37:00,Delivered,18.63,PayPal,2026-02-27,2026-02-27
3089,489,2025-09-28 12:55:00,Delivered,533.0,Credit Card,2025-10-03,2025-10-03
3090,74,2026-05-01 15:01:00,Delayed,79.43,Credit Card,2026-05-06,2026-05-12
3091,105,2026-06-29 08:21:00,Placed,404.41,Debit Card,2026-07-07,
3092,362,2024-12-26 10:39:00,Delivered,23.16,Credit Card,2024-12-29,2024-12-27
3093,930,2025-11-30 10:13:00,Delivered,152.16,Credit Card,2025-12-03,2025-12-02
3094,669,2025-08-13 18:24:00,Delivered,523.64,PayPal,2025-08-21,2025-08-22
3095,859,2026-02-18 18:29:00,Delivered,7.05,Credit Card,2026-02-27,2026-02-28
3096,348,2026-06-06 13:37:00,Delivered,425.97,Credit Card,2026-06-10,2026-06-08
3097,40,2025-03-21 15:12:00,Delivered,298.8,Credit Card,2025-03-31,2025-03-30
3098,972,2026-06-24 19:08:00,Out for Delivery,44.81,Credit Card,2026-06-30,
3099,20,2025-06-23 14:03:00,Delivered,225.01,Gift Card,2025-06-29,2025-06-27
3100,938,2026-02-20 17:35:00,Cancelled,720.22,Debit Card,2026-02-24,
3101,351,2026-04-15 12:34:00,Delivered,231.82,Credit Card,2026-04-22,2026-04-21
3102,9,2025-04-19 14:49:00,Delivered,363.29,PayPal,2025-04-29,2025-04-29
3103,662,2026-02-08 17:10:00,Delivered,494.37,Credit Card,2026-02-12,2026-02-12
3104,977,2025-09-30 20:03:00,Delivered,323.49,Debit Card,2025-10-07,2025-10-07
3105,956,2025-07-24 20:46:00,Delayed,88.91,PayPal,2025-07-27,2025-08-01
3106,156,2025-09-14 19:09:00,Delivered,39.58,Credit Card,2025-09-17,2025-09-16
3107,183,2025-07-21 15:21:00,Delivered,138.42,Credit Card,2025-07-31,2025-07-30
3108,514,2026-06-06 14:16:00,Delivered,144.99,PayPal,2026-06-13,2026-06-13
3109,589,2026-02-05 20:01:00,Delivered,95.81,Credit Card,2026-02-08,2026-02-09
3110,728,2025-11-11 20:24:00,Delivered,55.04,Credit Card,2025-11-18,2025-11-17
3111,183,2026-05-11 12:39:00,Delivered,699.59,Credit Card,2026-05-20,2026-05-19
3112,950,2026-06-14 08:15:00,Cancelled,38.64,PayPal,2026-06-24,
3113,594,2025-11-28 20:40:00,Delayed,78.41,Debit Card,2025-12-08,2025-12-15
3114,840,2026-04-08 12:46:00,Delivered,8.02,Debit Card,2026-04-12,2026-04-12
3115,500,2026-01-12 15:42:00,Delivered,189.53,PayPal,2026-01-16,2026-01-15
3116,385,2026-06-04 18:36:00,Delivered,598.17,Credit Card,2026-06-11,2026-06-11
3117,972,2026-05-26 20:14:00,Delivered,336.68,Credit Card,2026-06-05,2026-06-04
3118,536,2023-12-26 11:21:00,Delivered,124.81,PayPal,2023-12-29,2023-12-27
3119,859,2026-05-27 11:21:00,Delivered,158.46,Debit Card,2026-06-02,2026-06-01
3120,943,2025-01-24 12:55:00,Returned,249.93,Credit Card,2025-01-31,2025-01-29
3121,642,2026-02-13 17:04:00,Returned,349.62,PayPal,2026-02-16,2026-02-16
3122,504,2026-01-07 20:22:00,Returned,171.22,Credit Card,2026-01-15,2026-01-13
3123,4,2026-06-06 10:37:00,Delivered,108.32,Credit Card,2026-06-09,2026-06-08
3124,35,2026-05-30 08:41:00,Delayed,389.94,Debit Card,2026-06-06,2026-06-11
3125,193,2026-02-26 17:15:00,Delivered,191.05,Credit Card,2026-03-01,2026-03-01
3126,184,2026-05-14 19:07:00,Delayed,195.07,Credit Card,2026-05-18,2026-05-27
3127,233,2026-05-17 14:56:00,Delivered,65.82,Apple Pay,2026-05-26,2026-05-25
3128,281,2026-03-05 18:00:00,Delivered,113.79,Credit Card,2026-03-13,2026-03-12
3129,342,2026-04-07 15:51:00,Returned,189.72,Debit Card,2026-04-13,2026-04-11
3130,391,2026-05-25 15:31:00,Delivered,355.28,Credit Card,2026-05-28,2026-05-28
3131,100,2026-06-09 19:27:00,Delivered,31.2,Debit Card,2026-06-19,2026-06-18
3132,38,2026-06-11 15:08:00,Delivered,221.44,PayPal,2026-06-19,2026-06-18
3133,640,2025-05-04 08:28:00,Delivered,472.3,PayPal,2025-05-14,2025-05-13
3134,499,2026-04-05 16:08:00,Delivered,48.94,Credit Card,2026-04-09,2026-04-08
3135,409,2025-04-15 14:50:00,Delivered,121.65,Debit Card,2025-04-24,2025-04-25
3136,581,2025-01-09 11:45:00,Delivered,145.77,Debit Card,2025-01-16,2025-01-16
3137,825,2025-07-16 13:11:00,Delivered,186.27,Apple Pay,2025-07-25,2025-07-25
3138,396,2026-05-24 15:58:00,Delivered,177.81,Credit Card,2026-06-02,2026-06-03
3139,594,2025-11-29 20:56:00,Delivered,95.67,Apple Pay,2025-12-07,2025-12-08
3140,943,2024-05-06 16:11:00,Delivered,157.86,Credit Card,2024-05-15,2024-05-16
3141,836,2026-06-12 11:01:00,Refunded,127.86,Apple Pay,2026-06-17,2026-06-16
3142,396,2026-03-14 11:29:00,Delivered,105.92,Credit Card,2026-03-18,2026-03-19
3143,596,2026-04-19 16:04:00,Delivered,79.23,Credit Card,2026-04-29,2026-04-27
3144,179,2026-05-23 11:43:00,Delivered,153.67,Credit Card,2026-06-01,2026-05-30
3145,511,2025-10-08 18:37:00,Delivered,133.91,PayPal,2025-10-16,2025-10-14
3146,977,2025-05-27 09:47:00,Delivered,130.96,Credit Card,2025-06-01,2025-05-30
3147,489,2024-07-05 09:57:00,Delivered,107.13,Apple Pay,2024-07-12,2024-07-13
3148,922,2026-01-30 17:06:00,Delivered,859.41,Credit Card,2026-02-04,2026-02-05
3149,377,2026-03-22 19:00:00,Delivered,165.48,Debit Card,2026-03-25,2026-03-23
3150,999,2025-05-31 13:22:00,Cancelled,59.1,Credit Card,2025-06-04,
3151,533,2025-10-18 12:22:00,Delivered,104.39,Google Pay,2025-10-21,2025-10-22
3152,38,2026-05-19 17:53:00,Delivered,138.25,Debit Card,2026-05-26,2026-05-26
3153,541,2024-11-12 09:22:00,Delivered,133.1,Debit Card,2024-11-19,2024-11-18
3154,249,2025-10-23 11:29:00,Returned,228.98,Debit Card,2025-10-31,2025-11-01
3155,34,2025-07-12 20:35:00,Delivered,182.79,Credit Card,2025-07-20,2025-07-20
3156,817,2025-07-02 18:36:00,Delivered,97.38,Credit Card,2025-07-07,2025-07-08
3157,250,2025-03-22 08:05:00,Delivered,293.5,Gift Card,2025-03-25,2025-03-24
3158,797,2026-02-23 20:57:00,Cancelled,189.46,Apple Pay,2026-03-01,
3159,260,2025-11-10 08:19:00,Delivered,177.94,Credit Card,2025-11-19,2025-11-19
3160,189,2026-06-04 16:00:00,Delivered,186.09,Credit Card,2026-06-08,2026-06-07
3161,972,2026-05-30 15:32:00,Delivered,289.56,PayPal,2026-06-05,2026-06-05
3162,342,2026-05-04 13:28:00,Delivered,414.3,Credit Card,2026-05-07,2026-05-08
3163,555,2026-04-02 13:30:00,Delivered,152.8,Debit Card,2026-04-10,2026-04-09
3164,565,2023-07-01 10:25:00,Delivered,510.52,Credit Card,2023-07-08,2023-07-09
3165,511,2025-03-08 11:48:00,Delivered,224.3,PayPal,2025-03-12,2025-03-10
3166,909,2025-03-14 15:25:00,Delivered,103.86,Debit Card,2025-03-23,2025-03-23
3167,641,2026-03-11 10:03:00,Cancelled,748.96,Credit Card,2026-03-21,
3168,373,2021-12-15 10:04:00,Delivered,45.01,Debit Card,2021-12-24,2021-12-23
3169,850,2025-07-30 12:40:00,Delivered,34.95,Credit Card,2025-08-08,2025-08-06
3170,183,2025-08-20 15:07:00,Delivered,485.29,Credit Card,2025-08-29,2025-08-30
3171,500,2025-09-21 09:23:00,Cancelled,54.88,Credit Card,2025-09-28,
3172,943,2023-11-25 16:52:00,Delivered,65.71,Credit Card,2023-11-28,2023-11-29
3173,574,2026-06-12 10:45:00,Delivered,48.44,Credit Card,2026-06-21,2026-06-22
3174,812,2026-03-16 14:35:00,Delivered,311.45,PayPal,2026-03-22,2026-03-23
3175,611,2026-02-24 19:57:00,Delivered,126.31,Credit Card,2026-03-06,2026-03-05
3176,836,2026-06-28 18:54:00,Shipped,243.83,Credit Card,2026-07-03,
3177,934,2025-11-23 09:13:00,Cancelled,583.96,Debit Card,2025-11-26,
3178,249,2024-09-30 10:18:00,Cancelled,60.51,Credit Card,2024-10-06,
3179,162,2024-11-12 20:28:00,Delivered,15.23,PayPal,2024-11-16,2024-11-15
3180,454,2025-04-09 19:40:00,Delivered,141.97,Credit Card,2025-04-17,2025-04-16
3181,674,2025-11-15 17:10:00,Delivered,1033.67,Debit Card,2025-11-22,2025-11-20
3182,211,2025-10-18 11:13:00,Delayed,163.93,PayPal,2025-10-23,2025-10-30
3183,5,2024-05-24 18:40:00,Delivered,128.16,Debit Card,2024-06-01,2024-05-30
3184,322,2025-03-15 11:16:00,Cancelled,56.1,Apple Pay,2025-03-21,
3185,960,2026-03-24 17:44:00,Refunded,298.72,Credit Card,2026-03-28,2026-03-26
3186,671,2026-04-08 09:46:00,Delivered,241.17,Debit Card,2026-04-13,2026-04-13
3187,368,2025-11-28 20:24:00,Delivered,246.57,Google Pay,2025-12-01,2025-11-29
3188,189,2026-03-31 13:31:00,Delivered,305.02,Debit Card,2026-04-03,2026-04-03
3189,337,2024-08-26 13:03:00,Delivered,90.02,Debit Card,2024-08-31,2024-08-30
3190,162,2025-11-09 09:00:00,Returned,191.9,Debit Card,2025-11-14,2025-11-12
3191,103,2026-02-15 15:04:00,Delivered,286.12,Apple Pay,2026-02-21,2026-02-20
3192,901,2026-04-14 16:47:00,Delivered,34.03,Credit Card,2026-04-17,2026-04-16
3193,994,2026-05-26 10:40:00,Delivered,154.22,Debit Card,2026-06-02,2026-06-01
3194,159,2026-02-17 11:31:00,Delivered,198.06,PayPal,2026-02-24,2026-02-25
3195,53,2026-01-19 09:40:00,Delivered,530.18,Apple Pay,2026-01-24,2026-01-23
3196,307,2024-12-29 08:06:00,Delivered,169.46,Credit Card,2025-01-06,2025-01-07
3197,421,2024-08-27 15:55:00,Delivered,17.67,Debit Card,2024-09-05,2024-09-05
3198,193,2026-05-23 09:18:00,Delivered,502.22,Credit Card,2026-05-27,2026-05-26
3199,278,2025-07-05 12:53:00,Delivered,96.8,Google Pay,2025-07-14,2025-07-14
3200,193,2025-08-29 20:31:00,Delivered,104.47,Debit Card,2025-09-06,2025-09-04
3201,768,2025-02-12 11:00:00,Returned,213.83,Debit Card,2025-02-20,2025-02-18
3202,687,2025-11-23 20:22:00,Delivered,422.19,Google Pay,2025-11-30,2025-11-30
3203,584,2026-06-15 14:03:00,Refunded,159.47,Google Pay,2026-06-23,2026-06-24
3204,366,2026-05-05 08:41:00,Delivered,305.15,PayPal,2026-05-09,2026-05-08
3205,902,2025-05-10 19:11:00,Delivered,264.26,Credit Card,2025-05-20,2025-05-20
3206,961,2026-06-29 14:35:00,Placed,87.73,Credit Card,2026-07-02,
3207,168,2026-02-18 16:01:00,Delivered,327.62,Google Pay,2026-02-23,2026-02-23
3208,205,2026-03-02 12:45:00,Delivered,475.86,Credit Card,2026-03-11,2026-03-11
3209,490,2026-02-19 11:35:00,Delivered,187.16,Debit Card,2026-02-22,2026-02-21
3210,92,2025-08-28 10:40:00,Delivered,162.85,PayPal,2025-09-03,2025-09-04
3211,405,2022-02-02 08:28:00,Delivered,219.35,PayPal,2022-02-07,2022-02-06
3212,536,2024-09-05 20:14:00,Cancelled,40.09,Credit Card,2024-09-10,
3213,489,2026-01-22 09:06:00,Delivered,339.72,Debit Card,2026-01-31,2026-01-30
3214,308,2025-09-28 09:23:00,Delivered,84.58,Credit Card,2025-10-08,2025-10-07
3215,500,2025-08-26 14:37:00,Delivered,399.89,Credit Card,2025-09-01,2025-08-31
3216,950,2026-04-03 13:21:00,Cancelled,607.11,Credit Card,2026-04-11,
3217,196,2025-07-19 16:10:00,Delivered,357.76,Credit Card,2025-07-24,2025-07-24
3218,613,2026-06-24 19:51:00,Shipped,167.57,PayPal,2026-06-27,
3219,40,2025-06-06 20:47:00,Delivered,60.7,PayPal,2025-06-16,2025-06-14
3220,64,2026-06-20 14:56:00,Cancelled,7.82,Credit Card,2026-06-25,
3221,508,2024-07-10 16:36:00,Delivered,404.71,PayPal,2024-07-20,2024-07-18
3222,103,2025-12-31 12:47:00,Delivered,310.09,PayPal,2026-01-03,2026-01-03
3223,25,2025-11-08 09:22:00,Delivered,678.42,Credit Card,2025-11-18,2025-11-19
3224,163,2026-05-20 19:08:00,Delivered,51.75,Debit Card,2026-05-25,2026-05-25
3225,512,2025-05-11 19:17:00,Delivered,16.79,PayPal,2025-05-18,2025-05-19
3226,674,2026-04-23 19:12:00,Delayed,292.18,Debit Card,2026-05-03,2026-05-06
3227,193,2026-06-19 19:03:00,Delivered,189.91,Credit Card,2026-06-27,2026-06-27
3228,630,2025-04-16 19:17:00,Delivered,148.68,PayPal,2025-04-25,2025-04-25
3229,183,2025-10-13 12:09:00,Delivered,112.29,Credit Card,2025-10-17,2025-10-17
3230,568,2026-06-29 11:12:00,Placed,341.61,Credit Card,2026-07-03,
3231,382,2025-08-13 08:12:00,Delivered,598.0,Debit Card,2025-08-18,2025-08-18
3232,612,2026-05-04 13:08:00,Delivered,208.2,Credit Card,2026-05-12,2026-05-10
3233,992,2024-04-30 08:11:00,Delivered,28.06,PayPal,2024-05-08,2024-05-08
3234,929,2025-11-08 12:30:00,Delivered,445.8,Credit Card,2025-11-15,2025-11-15
3235,6,2026-05-21 10:00:00,Delivered,222.15,Credit Card,2026-05-30,2026-05-28
3236,882,2025-11-11 17:28:00,Delivered,254.43,Credit Card,2025-11-18,2025-11-18
3237,64,2026-06-23 12:52:00,Shipped,189.11,Apple Pay,2026-07-02,
3238,943,2025-03-13 09:47:00,Delivered,71.35,PayPal,2025-03-21,2025-03-19
3239,253,2024-10-09 13:58:00,Delivered,60.57,Apple Pay,2024-10-12,2024-10-13
3240,361,2025-11-03 14:51:00,Returned,77.62,Credit Card,2025-11-09,2025-11-07
3241,93,2026-05-12 11:24:00,Delivered,26.4,Debit Card,2026-05-18,2026-05-17
3242,105,2026-05-19 15:06:00,Delivered,310.05,Credit Card,2026-05-28,2026-05-27
3243,709,2025-01-06 15:23:00,Delivered,303.81,PayPal,2025-01-11,2025-01-12
3244,934,2026-03-24 20:24:00,Delivered,80.04,Credit Card,2026-04-02,2026-03-31
3245,565,2025-12-28 10:07:00,Delivered,205.74,Google Pay,2026-01-04,2026-01-04
3246,691,2024-05-27 09:06:00,Delivered,364.7,PayPal,2024-06-01,2024-06-02
3247,759,2025-10-29 10:02:00,Delivered,326.9,Credit Card,2025-11-06,2025-11-06
3248,242,2024-09-10 10:37:00,Delivered,400.85,Gift Card,2024-09-18,2024-09-16
3249,40,2025-08-25 18:56:00,Delivered,90.18,Credit Card,2025-09-01,2025-09-02
3250,2,2026-02-16 15:19:00,Delivered,541.53,PayPal,2026-02-20,2026-02-19
3251,334,2025-06-02 14:01:00,Delivered,33.66,Credit Card,2025-06-12,2025-06-12
3252,227,2024-05-20 08:12:00,Delivered,35.79,Debit Card,2024-05-30,2024-05-30
3253,58,2026-06-10 19:49:00,Delivered,288.92,Credit Card,2026-06-13,2026-06-14
3254,183,2025-04-23 17:45:00,Delivered,54.45,Credit Card,2025-04-27,2025-04-27
3255,113,2026-02-03 08:55:00,Delivered,50.2,PayPal,2026-02-08,2026-02-06
3256,909,2024-07-09 14:55:00,Cancelled,81.06,Debit Card,2024-07-15,
3257,126,2025-08-20 12:54:00,Delivered,337.51,PayPal,2025-08-29,2025-08-27
3258,499,2025-04-28 12:01:00,Delivered,373.32,PayPal,2025-05-04,2025-05-02
3259,544,2025-08-19 13:11:00,Delivered,135.52,Credit Card,2025-08-23,2025-08-23
3260,500,2025-05-24 14:26:00,Delivered,7.52,Debit Card,2025-06-01,2025-06-01
3261,100,2023-08-05 08:21:00,Delivered,217.26,Credit Card,2023-08-13,2023-08-14
3262,305,2026-06-25 10:48:00,Out for Delivery,284.05,Debit Card,2026-07-04,
3263,51,2025-03-19 20:21:00,Cancelled,14.59,Credit Card,2025-03-28,
3264,367,2025-06-26 16:06:00,Delivered,106.79,Credit Card,2025-07-03,2025-07-01
3265,187,2024-08-21 17:20:00,Delivered,68.61,Credit Card,2024-08-24,2024-08-23
3266,511,2024-11-13 20:28:00,Delivered,130.02,Credit Card,2024-11-18,2024-11-18
3267,669,2025-11-08 19:03:00,Cancelled,510.33,Debit Card,2025-11-18,
3268,498,2026-02-13 09:30:00,Delivered,306.92,Google Pay,2026-02-18,2026-02-18
3269,402,2025-11-27 14:18:00,Delivered,165.89,Debit Card,2025-11-30,2025-11-30
3270,366,2026-06-20 14:57:00,Delivered,232.02,Google Pay,2026-06-27,2026-06-26
3271,839,2026-02-23 08:26:00,Delivered,59.08,Debit Card,2026-03-03,2026-03-03
3272,204,2026-04-10 20:11:00,Delivered,14.65,PayPal,2026-04-16,2026-04-15
3273,721,2026-05-14 19:24:00,Delivered,170.06,Credit Card,2026-05-21,2026-05-21
3274,754,2026-01-29 16:18:00,Delivered,109.18,Credit Card,2026-02-03,2026-02-01
3275,391,2025-10-15 18:12:00,Cancelled,240.0,Credit Card,2025-10-19,
3276,271,2026-02-25 19:04:00,Delivered,13.67,PayPal,2026-03-01,2026-02-28
3277,438,2025-12-27 16:58:00,Delivered,105.41,Debit Card,2025-12-31,2026-01-01
3278,95,2025-09-01 19:05:00,Delivered,235.22,PayPal,2025-09-04,2025-09-03
3279,41,2025-05-26 08:27:00,Delivered,170.54,Apple Pay,2025-06-04,2025-06-02
3280,105,2026-05-20 08:50:00,Delivered,7.27,Credit Card,2026-05-23,2026-05-21
3281,187,2026-06-03 18:23:00,Delivered,74.65,Debit Card,2026-06-06,2026-06-06
3282,475,2026-06-04 20:17:00,Delivered,221.23,Credit Card,2026-06-14,2026-06-14
3283,845,2024-01-30 18:06:00,Delivered,404.46,Apple Pay,2024-02-09,2024-02-07
3284,221,2026-03-24 16:32:00,Delivered,118.02,Credit Card,2026-03-31,2026-03-29
3285,925,2026-04-12 10:31:00,Delivered,168.96,Google Pay,2026-04-17,2026-04-18
3286,946,2025-06-09 13:29:00,Refunded,88.73,PayPal,2025-06-15,2025-06-14
3287,950,2026-06-22 20:34:00,Delivered,7.26,PayPal,2026-06-27,2026-06-27
3288,835,2026-03-25 19:26:00,Delivered,487.28,Credit Card,2026-04-01,2026-04-02
3289,345,2026-03-28 20:49:00,Delivered,23.69,Debit Card,2026-04-04,2026-04-04
3290,71,2026-05-14 19:54:00,Delivered,467.31,Google Pay,2026-05-21,2026-05-20
3291,519,2025-07-11 12:20:00,Delivered,327.53,Google Pay,2025-07-18,2025-07-19
3292,509,2026-04-30 10:03:00,Delivered,52.49,Credit Card,2026-05-03,2026-05-03
3293,847,2025-08-13 08:04:00,Delivered,149.77,Credit Card,2025-08-22,2025-08-23
3294,992,2024-01-28 11:25:00,Delivered,206.47,Apple Pay,2024-02-01,2024-02-01
3295,478,2025-05-19 14:51:00,Delivered,120.67,Credit Card,2025-05-22,2025-05-20
3296,325,2025-07-12 10:53:00,Delivered,68.7,Credit Card,2025-07-22,2025-07-21
3297,184,2025-10-13 14:11:00,Delivered,43.62,PayPal,2025-10-17,2025-10-15
3298,6,2026-06-04 10:46:00,Delivered,321.28,Credit Card,2026-06-14,2026-06-12
3299,479,2022-11-06 12:29:00,Delivered,645.82,Credit Card,2022-11-14,2022-11-14
3300,509,2026-04-21 11:47:00,Delivered,58.34,Credit Card,2026-04-27,2026-04-26
3301,821,2026-06-26 19:36:00,Shipped,109.17,Credit Card,2026-07-01,
3302,475,2026-03-30 14:07:00,Cancelled,156.57,Credit Card,2026-04-02,
3303,910,2026-06-24 13:54:00,Out for Delivery,104.21,Credit Card,2026-06-27,
3304,575,2026-03-03 18:18:00,Delivered,46.5,Credit Card,2026-03-09,2026-03-08
3305,836,2026-06-28 13:16:00,Processing,431.68,Apple Pay,2026-07-04,
3306,135,2025-06-20 16:43:00,Delivered,889.81,Debit Card,2025-06-26,2025-06-26
3307,848,2026-03-22 13:25:00,Delivered,71.26,Credit Card,2026-04-01,2026-04-01
3308,642,2026-06-12 19:14:00,Delivered,175.49,Debit Card,2026-06-21,2026-06-21
3309,162,2025-06-12 11:55:00,Delivered,161.07,Credit Card,2025-06-18,2025-06-18
3310,187,2025-06-01 14:38:00,Delivered,176.36,Credit Card,2025-06-10,2025-06-08
3311,920,2026-03-27 15:27:00,Delivered,190.26,Credit Card,2026-03-31,2026-03-30
3312,34,2025-07-17 20:57:00,Delivered,158.69,Credit Card,2025-07-24,2025-07-25
3313,425,2022-12-22 13:11:00,Cancelled,172.92,Credit Card,2022-12-29,
3314,296,2025-12-28 14:15:00,Cancelled,508.48,Credit Card,2026-01-04,
3315,624,2026-04-21 09:11:00,Delivered,628.95,Credit Card,2026-04-27,2026-04-28
3316,836,2026-06-15 19:34:00,Delayed,69.93,Google Pay,2026-06-19,2026-06-27
3317,342,2025-09-18 20:43:00,Delivered,405.15,Debit Card,2025-09-25,2025-09-24
3318,396,2026-06-01 16:03:00,Delivered,51.32,Debit Card,2026-06-11,2026-06-10
3319,977,2026-04-28 10:50:00,Delivered,78.08,Debit Card,2026-05-03,2026-05-03
3320,781,2026-06-01 12:21:00,Delivered,228.62,Google Pay,2026-06-08,2026-06-06
3321,892,2026-05-21 09:58:00,Delivered,197.95,Google Pay,2026-05-24,2026-05-22
3322,407,2026-05-17 15:35:00,Delivered,15.08,Debit Card,2026-05-20,2026-05-21
3323,217,2024-02-22 11:56:00,Delivered,41.08,Credit Card,2024-02-26,2024-02-26
3324,382,2025-05-16 19:44:00,Delivered,272.79,Gift Card,2025-05-23,2025-05-21
3325,691,2025-06-01 20:22:00,Delivered,403.77,PayPal,2025-06-07,2025-06-07
3326,105,2026-02-28 11:17:00,Delivered,334.6,Credit Card,2026-03-09,2026-03-07
3327,246,2025-09-18 18:25:00,Delivered,318.4,Debit Card,2025-09-28,2025-09-27
3328,43,2025-11-04 20:02:00,Delivered,25.22,Credit Card,2025-11-12,2025-11-11
3329,400,2026-06-26 12:44:00,Processing,52.5,Credit Card,2026-07-03,
3330,825,2025-10-26 17:40:00,Delivered,1074.08,Credit Card,2025-11-05,2025-11-06
3331,27,2026-05-18 09:21:00,Delivered,260.06,Apple Pay,2026-05-21,2026-05-22
3332,642,2025-04-16 14:51:00,Cancelled,176.46,PayPal,2025-04-21,
3333,922,2026-06-25 08:03:00,Out for Delivery,109.14,Credit Card,2026-07-03,
3334,221,2026-02-08 19:40:00,Delivered,254.37,Credit Card,2026-02-16,2026-02-14
3335,670,2026-05-20 10:39:00,Delivered,257.47,Apple Pay,2026-05-23,2026-05-22
3336,972,2026-05-14 19:53:00,Delivered,13.98,Gift Card,2026-05-23,2026-05-22
3337,954,2026-06-05 09:42:00,Delayed,167.37,Debit Card,2026-06-15,2026-06-18
3338,220,2026-06-02 20:54:00,Delivered,296.49,Credit Card,2026-06-08,2026-06-07
3339,102,2026-06-01 11:50:00,Delivered,131.76,Debit Card,2026-06-06,2026-06-05
3340,135,2025-08-31 20:38:00,Delayed,7.42,Credit Card,2025-09-10,2025-09-15
3341,674,2025-12-09 16:58:00,Delivered,12.66,Credit Card,2025-12-18,2025-12-18
3342,708,2026-02-08 15:15:00,Delivered,165.55,Apple Pay,2026-02-11,2026-02-10
3343,640,2026-05-23 15:41:00,Delivered,71.91,Apple Pay,2026-05-28,2026-05-27
3344,311,2025-10-28 16:12:00,Delivered,246.46,PayPal,2025-11-07,2025-11-07
3345,162,2025-06-28 11:35:00,Delivered,26.83,Apple Pay,2025-07-04,2025-07-05
3346,535,2025-10-17 19:29:00,Delivered,60.66,Apple Pay,2025-10-27,2025-10-25
3347,453,2026-05-28 15:17:00,Delivered,121.74,Gift Card,2026-05-31,2026-05-30
3348,712,2026-04-02 13:58:00,Cancelled,434.89,PayPal,2026-04-05,
3349,409,2024-04-30 08:52:00,Delivered,104.8,Debit Card,2024-05-03,2024-05-03
3350,316,2025-11-15 09:32:00,Delivered,151.47,Debit Card,2025-11-22,2025-11-23
3351,267,2026-06-03 16:54:00,Delivered,529.41,PayPal,2026-06-12,2026-06-11
3352,198,2025-12-08 15:38:00,Delivered,62.97,Credit Card,2025-12-16,2025-12-17
3353,243,2026-06-29 13:19:00,Placed,94.7,Credit Card,2026-07-05,
3354,95,2025-08-01 10:27:00,Delivered,189.89,PayPal,2025-08-06,2025-08-05
3355,328,2025-04-01 10:24:00,Delivered,143.95,Credit Card,2025-04-07,2025-04-06
3356,34,2024-12-17 16:23:00,Refunded,206.07,Debit Card,2024-12-20,2024-12-21
3357,185,2024-09-25 13:25:00,Delivered,109.96,Credit Card,2024-10-04,2024-10-02
3358,737,2026-06-21 09:53:00,Out for Delivery,69.85,Credit Card,2026-06-30,
3359,306,2025-11-02 11:15:00,Delivered,203.12,Debit Card,2025-11-08,2025-11-09
3360,630,2026-02-01 18:27:00,Delivered,217.61,PayPal,2026-02-07,2026-02-06
3361,693,2025-08-17 16:51:00,Delivered,49.65,Credit Card,2025-08-25,2025-08-24
3362,535,2026-04-13 10:28:00,Delivered,154.12,PayPal,2026-04-21,2026-04-20
3363,949,2025-04-30 12:47:00,Delivered,66.58,Debit Card,2025-05-04,2025-05-03
3364,23,2026-05-18 16:07:00,Delivered,182.67,Debit Card,2026-05-28,2026-05-29
3365,727,2026-04-05 08:49:00,Delayed,36.96,Credit Card,2026-04-09,2026-04-17
3366,950,2026-06-07 10:43:00,Delayed,152.24,Credit Card,2026-06-17,2026-06-27
3367,850,2026-05-10 08:52:00,Delayed,1121.88,Debit Card,2026-05-15,2026-05-23
3368,161,2026-04-02 11:56:00,Delivered,103.68,Credit Card,2026-04-09,2026-04-09
3369,306,2024-12-12 16:11:00,Delivered,107.28,Google Pay,2024-12-19,2024-12-17
3370,166,2026-06-01 10:49:00,Delivered,60.88,Credit Card,2026-06-08,2026-06-09
3371,555,2025-08-06 08:03:00,Delivered,412.93,Credit Card,2025-08-13,2025-08-13
3372,686,2026-06-24 09:18:00,Out for Delivery,29.68,Credit Card,2026-06-29,
3373,303,2025-04-09 15:16:00,Delivered,52.61,Debit Card,2025-04-16,2025-04-15
3374,499,2025-05-12 20:01:00,Delivered,143.12,Credit Card,2025-05-19,2025-05-20
3375,666,2025-02-11 19:16:00,Delivered,117.67,Credit Card,2025-02-21,2025-02-22
3376,391,2024-02-22 08:44:00,Delivered,108.54,PayPal,2024-02-28,2024-02-27
3377,848,2026-02-10 18:51:00,Delivered,154.99,Credit Card,2026-02-16,2026-02-16
3378,768,2026-04-09 09:55:00,Delivered,272.48,PayPal,2026-04-19,2026-04-18
3379,60,2025-08-30 11:57:00,Delivered,140.72,Debit Card,2025-09-06,2025-09-05
3380,571,2026-06-21 14:42:00,Shipped,260.03,Credit Card,2026-07-01,
3381,221,2026-04-16 16:52:00,Delivered,425.12,Credit Card,2026-04-21,2026-04-19
3382,509,2026-01-13 12:24:00,Delivered,24.7,Google Pay,2026-01-17,2026-01-15
3383,949,2025-07-30 11:02:00,Delayed,7.65,PayPal,2025-08-03,2025-08-10
3384,870,2025-07-21 15:22:00,Delivered,231.37,Apple Pay,2025-07-28,2025-07-26
3385,374,2025-09-12 14:10:00,Delivered,175.09,Credit Card,2025-09-18,2025-09-17
3386,264,2026-02-10 20:40:00,Delivered,222.33,PayPal,2026-02-15,2026-02-16
3387,220,2026-06-18 10:52:00,Delivered,68.74,Credit Card,2026-06-26,2026-06-25
3388,498,2026-04-29 11:25:00,Delayed,88.51,Credit Card,2026-05-05,2026-05-13
3389,105,2026-03-24 13:02:00,Delayed,38.54,Debit Card,2026-04-02,2026-04-10
3390,504,2025-02-13 09:55:00,Delivered,47.75,Debit Card,2025-02-20,2025-02-19
3391,2,2026-02-03 15:04:00,Delivered,53.14,Credit Card,2026-02-09,2026-02-07
3392,306,2025-12-06 16:52:00,Delivered,860.57,Credit Card,2025-12-14,2025-12-12
3393,204,2026-05-28 17:15:00,Delivered,366.08,Credit Card,2026-05-31,2026-05-29
3394,964,2026-03-13 10:15:00,Delayed,240.71,Credit Card,2026-03-16,2026-03-19
3395,709,2024-01-20 14:35:00,Delivered,185.47,PayPal,2024-01-30,2024-01-29
3396,332,2026-06-28 12:32:00,Shipped,276.61,Credit Card,2026-07-05,
3397,94,2026-01-16 15:07:00,Delivered,109.41,Apple Pay,2026-01-21,2026-01-22
3398,486,2024-01-30 15:29:00,Cancelled,515.11,Debit Card,2024-02-09,
3399,199,2025-06-26 17:33:00,Delivered,515.49,Credit Card,2025-07-05,2025-07-06
3400,499,2025-12-27 20:09:00,Delivered,547.35,Gift Card,2026-01-03,2026-01-04
3401,833,2026-05-06 10:49:00,Delivered,201.25,Credit Card,2026-05-14,2026-05-14
3402,570,2025-08-20 19:07:00,Delivered,573.51,PayPal,2025-08-28,2025-08-27
3403,581,2025-08-30 15:33:00,Cancelled,249.32,Gift Card,2025-09-03,
3404,500,2025-11-23 10:56:00,Delivered,312.34,Credit Card,2025-11-26,2025-11-25
3405,921,2025-11-25 13:46:00,Delivered,14.94,Credit Card,2025-12-02,2025-12-03
3406,922,2026-02-22 08:02:00,Delivered,116.66,Credit Card,2026-02-27,2026-02-25
3407,486,2026-06-09 15:22:00,Delivered,211.72,Credit Card,2026-06-15,2026-06-13
3408,284,2026-04-24 12:43:00,Delivered,58.17,Credit Card,2026-04-29,2026-04-29
3409,416,2025-11-23 09:55:00,Delivered,101.3,Debit Card,2025-11-26,2025-11-27
3410,185,2025-10-05 12:58:00,Delivered,344.79,Debit Card,2025-10-13,2025-10-13
3411,586,2025-12-06 12:33:00,Delivered,134.56,Debit Card,2025-12-15,2025-12-15
3412,470,2026-04-09 09:12:00,Delivered,365.94,Apple Pay,2026-04-16,2026-04-16
3413,102,2026-04-19 15:18:00,Delivered,351.76,Credit Card,2026-04-29,2026-04-28
3414,192,2026-01-24 17:21:00,Delivered,79.59,Credit Card,2026-02-02,2026-01-31
3415,451,2026-04-26 08:16:00,Delivered,95.15,Google Pay,2026-05-01,2026-04-29
3416,883,2026-02-26 12:50:00,Delivered,138.95,Debit Card,2026-03-08,2026-03-08
3417,517,2025-10-12 14:22:00,Delivered,144.19,Credit Card,2025-10-22,2025-10-21
3418,655,2025-03-14 18:43:00,Delivered,59.37,Credit Card,2025-03-20,2025-03-20
3419,316,2025-05-06 10:46:00,Delivered,425.26,Google Pay,2025-05-10,2025-05-10
3420,519,2026-04-10 19:13:00,Delivered,502.53,Debit Card,2026-04-16,2026-04-16
3421,412,2025-12-24 20:21:00,Delivered,98.59,Apple Pay,2025-12-29,2025-12-27
3422,616,2025-10-16 13:54:00,Cancelled,198.27,PayPal,2025-10-25,
3423,48,2025-04-30 15:42:00,Delivered,645.87,Credit Card,2025-05-07,2025-05-05
3424,461,2025-10-06 16:19:00,Delivered,48.74,Credit Card,2025-10-09,2025-10-10
3425,269,2026-03-27 14:02:00,Delayed,358.83,Credit Card,2026-04-02,2026-04-09
3426,306,2025-08-14 15:11:00,Delivered,19.92,Credit Card,2025-08-24,2025-08-22
3427,954,2026-06-23 18:38:00,Shipped,269.22,Debit Card,2026-07-03,
3428,183,2025-11-06 08:41:00,Delivered,76.7,Debit Card,2025-11-12,2025-11-11
3429,293,2026-04-23 08:53:00,Delivered,27.58,Credit Card,2026-04-28,2026-04-28
3430,480,2026-05-23 14:55:00,Delayed,179.01,PayPal,2026-05-28,2026-06-07
3431,850,2026-02-08 18:12:00,Delivered,215.36,PayPal,2026-02-14,2026-02-14
3432,390,2026-05-20 15:36:00,Delivered,393.17,PayPal,2026-05-30,2026-05-30
3433,736,2026-04-02 12:26:00,Delivered,148.59,Credit Card,2026-04-08,2026-04-07
3434,848,2026-04-24 12:21:00,Cancelled,267.01,Apple Pay,2026-04-27,
3435,291,2026-04-19 19:46:00,Delivered,71.79,Apple Pay,2026-04-29,2026-04-28
3436,367,2025-09-15 19:39:00,Delivered,29.96,Debit Card,2025-09-21,2025-09-21
3437,337,2024-08-01 09:01:00,Delivered,127.29,Debit Card,2024-08-05,2024-08-05
3438,829,2025-11-01 16:01:00,Delivered,61.94,PayPal,2025-11-09,2025-11-07
3439,40,2026-06-19 16:28:00,Delivered,115.73,PayPal,2026-06-23,2026-06-21
3440,290,2026-06-06 13:44:00,Delivered,28.09,Gift Card,2026-06-10,2026-06-10
3441,650,2024-05-11 14:38:00,Delivered,63.09,Credit Card,2024-05-20,2024-05-20
3442,514,2026-06-15 13:34:00,Delivered,118.69,Credit Card,2026-06-21,2026-06-19
3443,405,2023-06-24 17:37:00,Delivered,279.0,Debit Card,2023-06-28,2023-06-27
3444,500,2024-11-15 09:29:00,Delivered,49.07,Apple Pay,2024-11-22,2024-11-20
3445,192,2026-05-13 14:52:00,Delivered,175.67,Credit Card,2026-05-23,2026-05-22
3446,398,2026-04-19 13:19:00,Delivered,36.22,Apple Pay,2026-04-29,2026-04-28
3447,471,2026-06-27 18:54:00,Processing,541.02,Debit Card,2026-07-06,
3448,895,2026-06-04 15:14:00,Delivered,147.5,Credit Card,2026-06-11,2026-06-10
3449,239,2022-09-11 14:28:00,Delivered,170.58,Credit Card,2022-09-20,2022-09-19
3450,859,2026-05-27 11:34:00,Delivered,215.73,Credit Card,2026-05-30,2026-05-31
3451,596,2026-03-29 19:50:00,Delivered,168.76,Debit Card,2026-04-08,2026-04-07
3452,21,2026-05-26 20:33:00,Delayed,140.62,Credit Card,2026-05-30,2026-06-06
3453,706,2026-02-14 11:39:00,Delivered,87.25,PayPal,2026-02-20,2026-02-18
3454,34,2026-06-20 13:39:00,Delivered,14.34,Google Pay,2026-06-25,2026-06-24
3455,994,2024-05-14 09:28:00,Refunded,199.32,Google Pay,2024-05-18,2024-05-16
3456,862,2026-06-11 20:08:00,Delivered,258.62,Debit Card,2026-06-20,2026-06-19
3457,272,2026-01-05 18:35:00,Delivered,195.77,Credit Card,2026-01-08,2026-01-09
3458,236,2026-03-30 15:33:00,Delivered,142.32,Credit Card,2026-04-05,2026-04-04
3459,361,2024-12-26 08:42:00,Delivered,247.03,PayPal,2025-01-03,2025-01-04
3460,337,2025-02-22 13:46:00,Delivered,247.74,Debit Card,2025-02-27,2025-02-25
3461,353,2023-04-10 14:12:00,Delivered,469.75,Credit Card,2023-04-14,2023-04-15
3462,304,2026-06-16 08:15:00,Delivered,366.95,Credit Card,2026-06-20,2026-06-19
3463,571,2024-01-30 17:42:00,Refunded,90.52,Credit Card,2024-02-04,2024-02-04
3464,159,2026-02-22 11:09:00,Delivered,156.87,Debit Card,2026-02-28,2026-02-28
3465,840,2026-03-01 17:52:00,Delivered,207.49,Apple Pay,2026-03-04,2026-03-05
3466,806,2025-09-21 12:18:00,Refunded,18.27,Debit Card,2025-09-30,2025-09-30
3467,449,2026-03-18 11:46:00,Delivered,156.02,Credit Card,2026-03-23,2026-03-24
3468,848,2025-12-27 19:13:00,Delivered,72.67,Debit Card,2025-12-31,2026-01-01
3469,229,2026-06-22 10:19:00,Out for Delivery,477.55,Debit Card,2026-06-30,
3470,21,2024-01-17 19:09:00,Delivered,304.68,Gift Card,2024-01-20,2024-01-19
3471,571,2026-06-14 08:07:00,Delivered,31.99,PayPal,2026-06-21,2026-06-20
3472,415,2026-01-21 12:55:00,Delivered,524.92,PayPal,2026-01-26,2026-01-24
3473,518,2025-09-03 20:53:00,Delivered,401.22,Google Pay,2025-09-12,2025-09-11
3474,893,2025-03-19 17:06:00,Delivered,91.2,Debit Card,2025-03-24,2025-03-22
3475,961,2025-12-12 17:30:00,Delivered,166.76,Credit Card,2025-12-17,2025-12-17
3476,581,2024-04-10 20:20:00,Refunded,93.24,Credit Card,2024-04-18,2024-04-19
3477,760,2025-09-26 12:33:00,Delivered,529.5,PayPal,2025-09-29,2025-09-28
3478,84,2025-08-01 08:17:00,Delivered,315.09,Apple Pay,2025-08-07,2025-08-07
3479,156,2025-03-14 20:01:00,Delivered,369.97,Gift Card,2025-03-20,2025-03-19
3480,721,2026-06-29 15:51:00,Placed,595.88,Credit Card,2026-07-09,
3481,399,2026-06-20 13:12:00,Delayed,66.02,Credit Card,2026-06-24,
3482,409,2025-02-20 09:17:00,Delivered,25.72,Debit Card,2025-03-02,2025-02-28
3483,290,2026-04-17 12:51:00,Delivered,35.4,Gift Card,2026-04-27,2026-04-26
3484,561,2025-12-03 09:48:00,Delivered,551.83,Credit Card,2025-12-07,2025-12-07
3485,184,2026-01-22 14:14:00,Delivered,52.44,Debit Card,2026-01-28,2026-01-26
3486,575,2024-07-08 11:29:00,Delivered,15.51,PayPal,2024-07-12,2024-07-13
3487,168,2025-08-14 18:01:00,Delivered,32.39,PayPal,2025-08-23,2025-08-22
3488,59,2025-12-12 09:20:00,Returned,143.58,PayPal,2025-12-20,2025-12-18
3489,308,2026-01-23 13:19:00,Delayed,161.33,PayPal,2026-01-27,2026-01-31
3490,213,2026-05-28 08:49:00,Delivered,580.49,Credit Card,2026-06-04,2026-06-03
3491,885,2025-09-27 12:02:00,Delivered,127.67,Apple Pay,2025-09-30,2025-09-28
3492,53,2026-02-23 10:05:00,Delivered,29.52,Credit Card,2026-03-01,2026-03-01
3493,178,2023-09-14 09:37:00,Delivered,309.76,PayPal,2023-09-23,2023-09-24
3494,504,2024-01-18 10:46:00,Delayed,410.56,Credit Card,2024-01-24,2024-01-27
3495,453,2026-06-24 11:54:00,Delivered,179.6,Credit Card,2026-06-30,2026-06-29
3496,41,2025-11-18 20:42:00,Delivered,40.12,Debit Card,2025-11-28,2025-11-26
3497,7,2026-02-22 17:37:00,Delivered,62.59,PayPal,2026-03-04,2026-03-03
3498,984,2026-01-18 10:00:00,Delivered,7.23,Credit Card,2026-01-22,2026-01-23
3499,616,2026-02-15 19:52:00,Delivered,45.81,Debit Card,2026-02-20,2026-02-19
3500,347,2023-10-27 19:38:00,Delivered,152.32,Credit Card,2023-11-05,2023-11-06
3501,438,2025-06-25 14:20:00,Delivered,136.18,Gift Card,2025-07-02,2025-06-30
3502,243,2026-02-06 09:12:00,Delivered,190.96,Credit Card,2026-02-16,2026-02-14
3503,325,2024-10-26 08:57:00,Delivered,125.18,Debit Card,2024-11-05,2024-11-05
3504,604,2024-11-15 09:07:00,Delivered,197.35,Credit Card,2024-11-23,2024-11-24
3505,875,2026-06-14 19:49:00,Delivered,209.24,Apple Pay,2026-06-17,2026-06-18
3506,184,2025-09-30 11:27:00,Delivered,28.74,Gift Card,2025-10-05,2025-10-05
3507,836,2026-06-28 16:31:00,Shipped,355.13,Credit Card,2026-07-06,
3508,113,2026-04-10 13:43:00,Delivered,714.7,PayPal,2026-04-16,2026-04-14
3509,199,2025-08-07 17:39:00,Delivered,368.84,Credit Card,2025-08-13,2025-08-12
3510,35,2026-04-14 10:42:00,Delivered,32.98,Debit Card,2026-04-22,2026-04-21
3511,126,2025-07-29 17:19:00,Delivered,119.34,Credit Card,2025-08-05,2025-08-04
3512,913,2026-04-16 14:52:00,Delivered,55.74,PayPal,2026-04-21,2026-04-19
3513,416,2025-06-21 14:35:00,Delivered,7.2,Credit Card,2025-06-27,2025-06-25
3514,78,2026-01-02 19:49:00,Delivered,569.44,Debit Card,2026-01-06,2026-01-05
3515,953,2026-06-26 12:00:00,Processing,54.07,Debit Card,2026-07-01,
3516,870,2025-02-08 19:56:00,Delivered,14.28,PayPal,2025-02-18,2025-02-16
3517,749,2025-12-13 10:41:00,Delivered,548.1,PayPal,2025-12-22,2025-12-20
3518,923,2025-06-03 20:57:00,Delivered,562.3,Debit Card,2025-06-11,2025-06-11
3519,204,2025-01-06 16:55:00,Delivered,421.77,Credit Card,2025-01-09,2025-01-09
3520,833,2026-05-01 15:26:00,Delivered,106.58,Credit Card,2026-05-04,2026-05-04
3521,663,2025-07-21 11:33:00,Delivered,7.0,Debit Card,2025-07-29,2025-07-29
3522,859,2026-03-27 19:49:00,Delivered,164.1,Apple Pay,2026-03-30,2026-03-31
3523,797,2026-06-10 16:43:00,Delivered,178.57,Debit Card,2026-06-20,2026-06-18
3524,328,2025-05-30 09:52:00,Delivered,186.2,Gift Card,2025-06-03,2025-06-04
3525,768,2025-12-15 08:35:00,Delivered,50.8,Gift Card,2025-12-24,2025-12-24
3526,242,2021-12-18 19:07:00,Cancelled,109.51,Debit Card,2021-12-22,
3527,307,2026-02-10 20:55:00,Delivered,352.67,Credit Card,2026-02-16,2026-02-15
3528,104,2026-06-18 12:03:00,Delivered,183.55,Debit Card,2026-06-23,2026-06-22
3529,925,2026-05-30 18:32:00,Delivered,472.18,Credit Card,2026-06-08,2026-06-09
3530,264,2025-09-27 11:29:00,Delivered,153.35,Apple Pay,2025-10-06,2025-10-04
3531,489,2025-08-14 11:33:00,Delivered,251.72,PayPal,2025-08-21,2025-08-22
3532,366,2026-06-02 10:41:00,Delivered,40.94,Credit Card,2026-06-12,2026-06-10
3533,953,2026-06-29 11:07:00,Processing,138.42,Credit Card,2026-07-07,
3534,311,2026-03-01 09:37:00,Cancelled,54.63,Debit Card,2026-03-10,
3535,774,2026-06-05 10:54:00,Delivered,531.82,PayPal,2026-06-15,2026-06-14
3536,848,2026-02-26 13:25:00,Cancelled,7.33,Credit Card,2026-03-07,
3537,404,2024-11-03 17:09:00,Delivered,333.19,Google Pay,2024-11-10,2024-11-11
3538,358,2025-11-10 17:09:00,Delivered,22.34,Apple Pay,2025-11-13,2025-11-14
3539,739,2026-04-12 20:42:00,Delivered,139.08,Credit Card,2026-04-22,2026-04-21
3540,907,2026-04-04 14:22:00,Delivered,63.35,PayPal,2026-04-10,2026-04-08
3541,749,2025-02-11 13:04:00,Delivered,7.8,PayPal,2025-02-21,2025-02-21
3542,211,2026-02-13 15:40:00,Delayed,408.38,Credit Card,2026-02-18,2026-02-24
3543,884,2025-12-31 15:11:00,Delivered,279.19,Bank Transfer,2026-01-08,2026-01-06
3544,366,2026-05-02 08:11:00,Delayed,76.07,Gift Card,2026-05-07,2026-05-14
3545,530,2026-06-19 11:54:00,Delivered,542.16,Credit Card,2026-06-22,2026-06-20
3546,828,2025-02-26 09:23:00,Delivered,121.39,Debit Card,2025-03-05,2025-03-05
3547,187,2025-12-06 12:46:00,Delivered,42.87,PayPal,2025-12-10,2025-12-09
3548,783,2024-08-20 10:13:00,Delayed,188.51,Debit Card,2024-08-26,2024-08-29
3549,549,2025-09-28 16:47:00,Delivered,161.06,PayPal,2025-10-01,2025-09-30
3550,891,2025-12-20 20:16:00,Delivered,80.04,Credit Card,2025-12-28,2025-12-29
3551,164,2026-02-13 09:09:00,Delivered,61.81,Debit Card,2026-02-21,2026-02-22
3552,391,2026-05-08 20:53:00,Delivered,479.92,Credit Card,2026-05-11,2026-05-11
3553,829,2025-12-08 15:28:00,Delivered,68.55,PayPal,2025-12-17,2025-12-15
3554,21,2025-03-11 18:29:00,Delivered,56.46,PayPal,2025-03-14,2025-03-14
3555,105,2026-04-27 13:19:00,Delivered,49.31,Credit Card,2026-05-03,2026-05-02
3556,986,2026-05-22 11:09:00,Delivered,261.52,Debit Card,2026-05-31,2026-05-29
3557,250,2025-06-19 12:50:00,Delivered,463.62,Credit Card,2025-06-22,2025-06-21
3558,972,2026-01-13 17:51:00,Delivered,82.08,Gift Card,2026-01-17,2026-01-15
3559,183,2024-12-02 09:01:00,Delivered,50.68,PayPal,2024-12-06,2024-12-07
3560,342,2026-04-25 11:09:00,Cancelled,99.0,PayPal,2026-05-02,
3561,745,2026-06-19 10:26:00,Delivered,114.77,PayPal,2026-06-23,2026-06-24
3562,615,2026-05-17 09:04:00,Delivered,123.53,PayPal,2026-05-23,2026-05-24
3563,535,2026-05-07 18:33:00,Delivered,347.64,PayPal,2026-05-15,2026-05-15
3564,497,2026-02-02 16:52:00,Delivered,135.33,PayPal,2026-02-12,2026-02-10
3565,839,2026-04-05 13:33:00,Delivered,196.5,Credit Card,2026-04-13,2026-04-14
3566,220,2026-04-11 15:02:00,Delivered,130.68,Credit Card,2026-04-20,2026-04-19
3567,409,2026-01-30 18:18:00,Delivered,167.75,PayPal,2026-02-05,2026-02-04
3568,145,2025-09-18 13:53:00,Delivered,105.35,Debit Card,2025-09-27,2025-09-25
3569,548,2026-06-21 20:31:00,Delivered,521.9,PayPal,2026-06-30,2026-06-30
3570,229,2026-05-29 09:11:00,Delivered,278.31,PayPal,2026-06-07,2026-06-07
3571,311,2026-05-27 12:29:00,Delivered,37.29,Debit Card,2026-06-04,2026-06-02
3572,440,2025-04-09 11:42:00,Delivered,132.12,Debit Card,2025-04-12,2025-04-10
3573,29,2025-08-23 14:03:00,Cancelled,528.22,Credit Card,2025-08-31,
3574,94,2025-02-25 11:35:00,Delivered,72.87,Credit Card,2025-03-04,2025-03-05
3575,662,2026-05-20 15:07:00,Delivered,91.01,Apple Pay,2026-05-27,2026-05-28
3576,396,2026-04-04 08:36:00,Delivered,160.62,PayPal,2026-04-07,2026-04-08
3577,856,2026-01-03 14:05:00,Delivered,323.65,Debit Card,2026-01-11,2026-01-09
3578,671,2026-03-15 09:45:00,Delivered,41.48,Debit Card,2026-03-18,2026-03-18
3579,8,2026-05-20 19:16:00,Delivered,310.17,Gift Card,2026-05-29,2026-05-29
3580,570,2025-07-09 15:31:00,Delayed,213.45,Google Pay,2025-07-14,2025-07-21
3581,95,2025-12-29 08:42:00,Delivered,178.55,Apple Pay,2026-01-06,2026-01-04
3582,775,2025-11-13 18:30:00,Delivered,213.95,Credit Card,2025-11-19,2025-11-19
3583,987,2026-04-21 15:32:00,Returned,319.21,Credit Card,2026-05-01,2026-05-01
3584,497,2026-05-08 08:40:00,Delivered,564.51,Debit Card,2026-05-13,2026-05-12
3585,660,2025-06-04 18:17:00,Delivered,61.5,Credit Card,2025-06-14,2025-06-15
3586,221,2026-02-15 11:38:00,Delivered,91.91,Credit Card,2026-02-22,2026-02-21
3587,406,2026-03-24 18:25:00,Delivered,237.07,Debit Card,2026-03-28,2026-03-27
3588,848,2026-05-17 13:28:00,Delivered,221.63,Apple Pay,2026-05-24,2026-05-24
3589,160,2025-05-24 14:24:00,Delivered,30.24,Gift Card,2025-05-31,2025-06-01
3590,243,2026-06-05 15:38:00,Delivered,353.17,Google Pay,2026-06-09,2026-06-08
3591,409,2026-05-25 16:33:00,Delivered,302.8,Debit Card,2026-06-03,2026-06-03
3592,686,2026-06-17 11:28:00,Delivered,105.16,Debit Card,2026-06-23,2026-06-22
3593,356,2026-04-02 10:46:00,Returned,110.86,PayPal,2026-04-07,2026-04-05
3594,922,2023-12-13 11:03:00,Cancelled,354.38,PayPal,2023-12-19,
3595,95,2026-05-15 13:56:00,Delivered,195.88,Credit Card,2026-05-20,2026-05-19
3596,352,2026-06-29 15:17:00,Placed,260.68,PayPal,2026-07-04,
3597,683,2026-02-27 19:47:00,Delivered,375.0,Apple Pay,2026-03-06,2026-03-05
3598,210,2025-07-29 17:00:00,Delivered,791.56,Credit Card,2025-08-04,2025-08-04
3599,615,2026-02-20 12:12:00,Delivered,163.2,Google Pay,2026-02-24,2026-02-23
3600,159,2026-06-22 13:34:00,Out for Delivery,193.81,Debit Card,2026-06-28,
3601,53,2026-04-16 10:48:00,Delivered,21.33,Credit Card,2026-04-25,2026-04-25
3602,112,2023-07-28 14:40:00,Delivered,118.06,Credit Card,2023-08-06,2023-08-07
3603,922,2026-04-30 10:26:00,Delivered,77.46,Debit Card,2026-05-03,2026-05-02
3604,506,2025-07-26 20:28:00,Delivered,83.37,Credit Card,2025-07-31,2025-08-01
3605,797,2026-05-07 15:07:00,Delivered,28.84,Debit Card,2026-05-15,2026-05-14
3606,309,2025-05-10 16:28:00,Delivered,36.67,PayPal,2025-05-14,2025-05-14
3607,544,2024-10-03 20:47:00,Delivered,263.58,Credit Card,2024-10-13,2024-10-14
3608,463,2026-05-01 14:56:00,Cancelled,14.14,Credit Card,2026-05-11,
3609,936,2025-08-23 20:04:00,Delivered,178.95,PayPal,2025-08-30,2025-08-28
3610,737,2026-06-20 10:37:00,Delivered,159.53,Apple Pay,2026-06-24,2026-06-22
3611,716,2026-03-08 20:04:00,Delivered,115.78,PayPal,2026-03-18,2026-03-19
3612,41,2025-06-05 19:29:00,Delivered,274.99,PayPal,2025-06-11,2025-06-11
3613,505,2026-05-26 13:42:00,Delivered,90.45,Debit Card,2026-06-01,2026-06-01
3614,432,2026-01-31 08:14:00,Delivered,269.18,Debit Card,2026-02-08,2026-02-06
3615,922,2024-11-26 11:52:00,Delivered,369.69,Credit Card,2024-11-29,2024-11-29
3616,236,2026-05-28 08:20:00,Delivered,336.38,Apple Pay,2026-06-06,2026-06-04
3617,246,2026-03-11 09:03:00,Delivered,66.38,Gift Card,2026-03-19,2026-03-20
3618,381,2025-09-20 15:34:00,Delivered,171.23,Debit Card,2025-09-23,2025-09-23
3619,228,2026-05-31 20:28:00,Delivered,749.63,Credit Card,2026-06-07,2026-06-07
3620,116,2025-11-27 12:50:00,Delivered,130.41,PayPal,2025-12-01,2025-11-30
3621,848,2026-06-20 20:35:00,Delivered,207.35,PayPal,2026-06-25,2026-06-26
3622,509,2025-08-01 10:25:00,Delivered,196.48,Google Pay,2025-08-06,2025-08-05
3623,849,2026-05-14 20:44:00,Delivered,82.56,Gift Card,2026-05-22,2026-05-22
3624,827,2025-11-24 14:07:00,Delivered,146.47,Google Pay,2025-11-27,2025-11-28
3625,253,2025-04-01 12:06:00,Delayed,114.48,Credit Card,2025-04-11,2025-04-19
3626,503,2025-12-22 15:09:00,Refunded,150.27,Credit Card,2025-12-30,2025-12-28
3627,82,2026-03-19 16:43:00,Delivered,189.42,Debit Card,2026-03-24,2026-03-25
3628,909,2023-10-16 16:30:00,Delivered,55.08,PayPal,2023-10-22,2023-10-21
3629,373,2026-02-19 18:21:00,Delivered,281.5,PayPal,2026-03-01,2026-02-28
3630,367,2024-09-15 15:41:00,Cancelled,144.84,Credit Card,2024-09-24,
3631,279,2026-01-26 20:16:00,Delivered,491.81,PayPal,2026-02-02,2026-02-03
3632,418,2025-08-29 10:01:00,Delivered,66.44,Credit Card,2025-09-04,2025-09-02
3633,231,2025-10-05 14:35:00,Delivered,668.8,PayPal,2025-10-14,2025-10-14
3634,356,2023-09-17 18:27:00,Delivered,181.92,Credit Card,2023-09-21,2023-09-21
3635,797,2026-04-05 20:43:00,Delivered,79.32,Debit Card,2026-04-13,2026-04-14
3636,832,2026-02-09 08:08:00,Delivered,104.3,Credit Card,2026-02-13,2026-02-11
3637,280,2024-02-02 08:25:00,Delivered,104.08,PayPal,2024-02-11,2024-02-09
3638,437,2024-08-19 20:27:00,Delivered,684.2,Credit Card,2024-08-23,2024-08-22
3639,864,2026-06-05 16:54:00,Refunded,145.32,PayPal,2026-06-13,2026-06-12
3640,52,2025-10-26 17:22:00,Delivered,433.73,Credit Card,2025-11-01,2025-10-30
3641,885,2026-05-17 14:42:00,Delivered,607.48,Credit Card,2026-05-20,2026-05-18
3642,203,2025-12-09 13:03:00,Delivered,103.98,Credit Card,2025-12-15,2025-12-16
3643,648,2026-06-05 11:27:00,Delivered,366.79,Credit Card,2026-06-13,2026-06-14
3644,536,2026-05-25 15:35:00,Delivered,7.66,PayPal,2026-06-01,2026-06-02
3645,508,2026-05-30 12:18:00,Delivered,36.03,PayPal,2026-06-04,2026-06-05
3646,848,2026-03-29 10:12:00,Delivered,452.87,Credit Card,2026-04-07,2026-04-05
3647,102,2026-05-11 19:30:00,Refunded,61.22,Google Pay,2026-05-14,2026-05-13
3648,328,2024-10-01 18:32:00,Delivered,168.12,Credit Card,2024-10-09,2024-10-07
3649,499,2025-09-21 13:49:00,Delivered,201.67,Credit Card,2025-09-28,2025-09-27
3650,805,2024-04-15 13:06:00,Delivered,51.48,Credit Card,2024-04-20,2024-04-19
3651,200,2025-07-29 17:46:00,Delivered,252.73,Credit Card,2025-08-08,2025-08-07
3652,797,2026-06-22 16:43:00,Delivered,332.88,Credit Card,2026-06-28,2026-06-27
3653,368,2025-10-17 17:49:00,Delivered,341.37,Credit Card,2025-10-25,2025-10-26
3654,187,2026-01-26 17:01:00,Delayed,281.49,Credit Card,2026-01-31,2026-02-09
3655,754,2025-11-29 11:55:00,Refunded,453.22,Debit Card,2025-12-06,2025-12-06
3656,92,2025-12-05 09:54:00,Delivered,271.09,Credit Card,2025-12-13,2025-12-13
3657,486,2026-05-20 19:13:00,Delayed,404.55,Debit Card,2026-05-30,2026-06-05
3658,59,2026-02-13 12:25:00,Delivered,172.21,Credit Card,2026-02-21,2026-02-20
3659,337,2026-06-20 18:58:00,Cancelled,153.71,Debit Card,2026-06-26,
3660,554,2025-10-31 18:03:00,Delivered,31.82,Debit Card,2025-11-04,2025-11-02
3661,509,2026-06-25 09:10:00,Shipped,57.52,Credit Card,2026-07-05,
3662,374,2026-03-17 18:43:00,Delayed,154.6,Credit Card,2026-03-23,2026-03-26
3663,396,2026-06-09 20:37:00,Delivered,236.49,Credit Card,2026-06-18,2026-06-19
3664,211,2025-09-17 15:23:00,Delivered,68.47,Credit Card,2025-09-22,2025-09-21
3665,415,2025-12-12 08:32:00,Delivered,79.26,Debit Card,2025-12-19,2025-12-17
3666,943,2025-09-12 16:02:00,Delayed,136.88,Credit Card,2025-09-21,2025-09-29
3667,848,2026-04-15 12:10:00,Cancelled,81.52,Credit Card,2026-04-24,
3668,131,2026-04-20 10:37:00,Delivered,33.05,Credit Card,2026-04-26,2026-04-25
3669,34,2026-02-18 12:20:00,Delivered,232.46,Credit Card,2026-02-28,2026-03-01
3670,923,2025-08-15 09:26:00,Delivered,122.04,Credit Card,2025-08-24,2025-08-23
3671,491,2025-10-12 18:04:00,Delivered,402.65,Credit Card,2025-10-21,2025-10-21
3672,499,2026-06-18 20:46:00,Delivered,29.78,Credit Card,2026-06-26,2026-06-25
3673,775,2026-05-26 17:18:00,Delivered,401.55,Credit Card,2026-06-01,2026-06-01
3674,298,2025-10-25 17:22:00,Delivered,263.93,Credit Card,2025-11-01,2025-11-02
3675,453,2025-11-01 08:30:00,Delivered,475.27,Debit Card,2025-11-07,2025-11-07
3676,959,2026-06-11 14:19:00,Delivered,338.97,Credit Card,2026-06-17,2026-06-15
3677,633,2026-06-24 11:20:00,Delivered,204.95,Credit Card,2026-06-30,2026-06-30
3678,141,2025-01-28 09:20:00,Delivered,151.79,Credit Card,2025-02-07,2025-02-06
3679,119,2026-01-23 19:49:00,Delivered,152.27,PayPal,2026-01-29,2026-01-27
3680,193,2025-12-10 14:30:00,Delivered,286.6,Credit Card,2025-12-15,2025-12-14
3681,762,2024-11-15 09:08:00,Delivered,390.48,Credit Card,2024-11-19,2024-11-19
3682,269,2026-06-26 11:03:00,Processing,48.44,Credit Card,2026-07-06,
3683,22,2026-01-13 18:40:00,Delivered,60.74,Debit Card,2026-01-21,2026-01-20
3684,934,2026-05-18 11:03:00,Delivered,14.68,Debit Card,2026-05-21,2026-05-19
3685,162,2026-05-03 09:16:00,Delivered,445.52,Credit Card,2026-05-11,2026-05-09
3686,9,2025-04-30 16:09:00,Delivered,300.05,Credit Card,2025-05-09,2025-05-09
3687,221,2026-04-28 18:44:00,Delivered,55.88,Gift Card,2026-05-07,2026-05-07
3688,220,2026-04-28 20:50:00,Delivered,24.9,Credit Card,2026-05-05,2026-05-04
3689,392,2026-04-23 15:15:00,Delivered,7.52,PayPal,2026-05-02,2026-05-03
3690,915,2026-06-06 09:38:00,Delivered,210.81,Credit Card,2026-06-15,2026-06-15
3691,870,2026-04-28 12:37:00,Delivered,524.68,PayPal,2026-05-01,2026-04-30
3692,415,2026-06-20 14:17:00,Delivered,261.22,Credit Card,2026-06-30,2026-06-30
3693,380,2026-05-08 09:37:00,Delivered,6.9,Debit Card,2026-05-11,2026-05-11
3694,509,2026-06-07 20:13:00,Delivered,30.92,PayPal,2026-06-13,2026-06-14
3695,228,2026-05-07 17:57:00,Delivered,59.37,PayPal,2026-05-10,2026-05-10
3696,52,2026-06-21 09:35:00,Shipped,355.54,Debit Card,2026-06-26,
3697,929,2025-11-30 15:41:00,Delivered,36.02,Debit Card,2025-12-08,2025-12-06
3698,185,2026-03-14 14:31:00,Delivered,322.6,Credit Card,2026-03-19,2026-03-20
3699,192,2026-03-09 13:18:00,Delivered,279.16,Credit Card,2026-03-13,2026-03-13
3700,442,2025-06-16 13:42:00,Delivered,160.69,Debit Card,2025-06-19,2025-06-17
3701,458,2026-05-13 15:54:00,Delivered,96.0,Debit Card,2026-05-16,2026-05-14
3702,21,2026-04-28 14:14:00,Delivered,188.02,PayPal,2026-05-07,2026-05-08
3703,134,2026-03-13 11:03:00,Delivered,203.72,Credit Card,2026-03-16,2026-03-17
3704,358,2025-02-28 19:21:00,Delivered,31.64,Credit Card,2025-03-08,2025-03-06
3705,660,2026-01-16 09:05:00,Delivered,345.48,Credit Card,2026-01-26,2026-01-24
3706,212,2026-03-04 10:11:00,Delayed,244.96,Credit Card,2026-03-09,2026-03-13
3707,393,2025-06-27 10:14:00,Delivered,164.96,Credit Card,2025-07-01,2025-06-30
3708,509,2026-05-03 18:30:00,Delivered,98.94,Credit Card,2026-05-08,2026-05-06
3709,885,2025-09-11 18:11:00,Delivered,226.79,Credit Card,2025-09-21,2025-09-22
3710,306,2026-05-13 10:43:00,Delivered,136.16,Apple Pay,2026-05-17,2026-05-15
3711,119,2024-07-29 12:02:00,Delivered,254.89,Credit Card,2024-08-03,2024-08-04
3712,456,2026-05-30 19:52:00,Delivered,57.44,Credit Card,2026-06-02,2026-05-31
3713,737,2026-06-24 14:48:00,Delivered,27.2,Credit Card,2026-07-04,2026-06-30
3714,105,2026-06-03 12:48:00,Returned,317.33,PayPal,2026-06-06,2026-06-07
3715,396,2026-05-30 09:31:00,Delivered,29.87,Debit Card,2026-06-07,2026-06-08
3716,21,2025-08-05 17:19:00,Delivered,71.48,PayPal,2025-08-10,2025-08-10
3717,34,2024-08-14 12:41:00,Delivered,38.05,Credit Card,2024-08-23,2024-08-22
3718,453,2025-12-07 14:49:00,Delivered,185.4,Apple Pay,2025-12-10,2025-12-10
3719,273,2025-12-03 11:30:00,Delivered,59.64,Gift Card,2025-12-08,2025-12-07
3720,840,2025-12-27 19:04:00,Delivered,243.57,PayPal,2025-12-30,2025-12-28
3721,555,2026-05-26 12:36:00,Returned,187.28,Debit Card,2026-06-04,2026-06-02
3722,415,2026-05-25 11:20:00,Delivered,70.44,Credit Card,2026-06-04,2026-06-05
3723,377,2025-01-29 14:46:00,Returned,629.85,Debit Card,2025-02-03,2025-02-01
3724,466,2026-06-14 18:08:00,Delivered,76.14,Bank Transfer,2026-06-22,2026-06-22
3725,35,2025-01-30 16:30:00,Cancelled,84.07,Apple Pay,2025-02-09,
3726,890,2026-02-01 19:40:00,Delayed,168.77,Debit Card,2026-02-09,2026-02-18
3727,996,2025-04-04 12:18:00,Cancelled,7.1,Debit Card,2025-04-12,
3728,183,2026-05-23 08:15:00,Delivered,72.43,Credit Card,2026-05-28,2026-05-27
3729,110,2025-05-02 13:49:00,Delivered,57.8,PayPal,2025-05-12,2025-05-10
3730,131,2026-02-12 11:12:00,Delivered,392.74,Credit Card,2026-02-16,2026-02-14
3731,616,2024-05-11 19:31:00,Delivered,257.83,Debit Card,2024-05-21,2024-05-22
3732,616,2026-06-26 16:46:00,Shipped,341.04,Debit Card,2026-07-04,
3733,841,2026-01-05 13:18:00,Delivered,127.33,PayPal,2026-01-10,2026-01-10
3734,744,2026-06-03 10:52:00,Delivered,289.26,PayPal,2026-06-07,2026-06-05
3735,414,2026-06-14 15:17:00,Delivered,102.69,PayPal,2026-06-19,2026-06-19
3736,568,2026-06-06 12:36:00,Delivered,99.58,Credit Card,2026-06-09,2026-06-08
3737,662,2025-11-09 18:48:00,Delivered,28.16,Credit Card,2025-11-19,2025-11-20
3738,486,2025-09-03 19:15:00,Delivered,52.42,Credit Card,2025-09-06,2025-09-04
3739,448,2024-10-26 12:50:00,Delivered,149.07,Bank Transfer,2024-11-03,2024-11-02
3740,597,2026-01-07 16:05:00,Delivered,477.17,Google Pay,2026-01-16,2026-01-14
3741,509,2026-04-22 14:03:00,Delivered,388.55,Credit Card,2026-04-29,2026-04-30
3742,596,2025-11-13 17:17:00,Delivered,75.48,Debit Card,2025-11-16,2025-11-17
3743,568,2026-06-28 09:21:00,Processing,99.01,Google Pay,2026-07-01,
3744,696,2024-01-25 14:49:00,Delivered,111.49,Credit Card,2024-01-31,2024-02-01
3745,596,2025-12-29 12:58:00,Delivered,56.72,PayPal,2026-01-04,2026-01-02
3746,489,2025-02-12 12:50:00,Delivered,151.57,Credit Card,2025-02-16,2025-02-14
3747,656,2025-08-01 10:33:00,Delivered,238.94,PayPal,2025-08-07,2025-08-05
3748,412,2025-11-15 18:44:00,Delivered,203.23,Credit Card,2025-11-24,2025-11-22
3749,227,2025-06-09 12:47:00,Delayed,585.46,Credit Card,2025-06-12,2025-06-20
3750,2,2025-12-08 08:03:00,Delivered,141.6,Credit Card,2025-12-16,2025-12-17
3751,511,2024-02-16 16:06:00,Refunded,381.26,PayPal,2024-02-21,2024-02-19
3752,542,2026-03-11 10:41:00,Delivered,39.32,Google Pay,2026-03-15,2026-03-13
3753,966,2026-04-12 10:58:00,Delivered,25.41,Debit Card,2026-04-17,2026-04-15
3754,342,2026-04-17 14:55:00,Delivered,301.89,Credit Card,2026-04-26,2026-04-26
3755,367,2025-02-23 08:38:00,Delivered,750.2,PayPal,2025-02-27,2025-02-26
3756,193,2026-06-28 18:49:00,Shipped,216.71,Debit Card,2026-07-06,
3757,71,2023-09-12 09:38:00,Delivered,143.09,PayPal,2023-09-19,2023-09-19
3758,768,2025-11-23 12:31:00,Delivered,252.62,Debit Card,2025-11-26,2025-11-25
3759,229,2026-06-21 20:17:00,Out for Delivery,70.01,PayPal,2026-06-28,
3760,564,2026-06-07 18:31:00,Delivered,58.99,Credit Card,2026-06-17,2026-06-17
3761,662,2026-02-27 16:15:00,Delayed,208.72,Credit Card,2026-03-05,2026-03-10
3762,440,2025-01-22 08:22:00,Delivered,64.22,Debit Card,2025-01-29,2025-01-29
3763,867,2025-09-24 18:18:00,Delivered,103.28,Debit Card,2025-10-01,2025-09-30
3764,409,2022-12-03 17:33:00,Delivered,28.97,Credit Card,2022-12-12,2022-12-11
3765,257,2024-02-29 09:13:00,Delivered,84.92,Gift Card,2024-03-04,2024-03-04
3766,892,2026-06-12 20:58:00,Delivered,33.66,Debit Card,2026-06-18,2026-06-17
3767,849,2025-12-26 18:18:00,Delivered,54.0,PayPal,2026-01-01,2026-01-02
3768,159,2026-04-29 08:35:00,Delivered,399.97,Credit Card,2026-05-09,2026-05-07
3769,29,2025-01-28 14:51:00,Delivered,33.46,Debit Card,2025-02-06,2025-02-06
3770,92,2024-12-09 10:34:00,Delivered,121.64,Credit Card,2024-12-14,2024-12-12
3771,257,2024-07-29 16:15:00,Delivered,112.96,Debit Card,2024-08-07,2024-08-07
3772,967,2026-01-07 17:12:00,Cancelled,158.55,Credit Card,2026-01-11,
3773,509,2026-06-14 09:52:00,Delivered,323.14,Credit Card,2026-06-21,2026-06-22
3774,355,2026-04-04 12:05:00,Delivered,82.16,Debit Card,2026-04-10,2026-04-09
3775,885,2025-02-09 08:00:00,Delivered,191.03,PayPal,2025-02-16,2025-02-16
3776,415,2026-06-03 09:54:00,Delivered,288.04,Credit Card,2026-06-06,2026-06-05
3777,298,2025-05-19 18:33:00,Refunded,300.93,Apple Pay,2025-05-27,2025-05-27
3778,931,2026-05-01 12:10:00,Delivered,557.37,Credit Card,2026-05-07,2026-05-08
3779,845,2025-07-08 12:09:00,Delivered,119.35,PayPal,2025-07-15,2025-07-14
3780,839,2026-06-27 11:43:00,Shipped,217.51,Apple Pay,2026-07-06,
3781,485,2025-07-13 20:20:00,Delivered,377.18,Credit Card,2025-07-20,2025-07-18
3782,790,2026-02-26 12:50:00,Delivered,408.12,Bank Transfer,2026-03-05,2026-03-06
3783,182,2024-04-09 13:51:00,Delivered,478.19,Credit Card,2024-04-12,2024-04-12
3784,520,2025-12-13 12:50:00,Delivered,27.83,Gift Card,2025-12-19,2025-12-18
3785,980,2026-05-28 14:50:00,Delivered,192.34,Debit Card,2026-06-01,2026-06-02
3786,264,2024-02-21 09:58:00,Delayed,407.06,Debit Card,2024-02-24,2024-03-04
3787,795,2023-07-11 13:33:00,Delivered,120.42,Credit Card,2023-07-18,2023-07-18
3788,458,2026-06-15 10:19:00,Delivered,114.37,PayPal,2026-06-25,2026-06-23
3789,35,2026-04-06 11:17:00,Delivered,153.94,Bank Transfer,2026-04-09,2026-04-09
3790,760,2024-07-23 15:21:00,Delivered,384.26,Debit Card,2024-08-02,2024-07-31
3791,161,2023-11-14 11:14:00,Cancelled,151.66,Google Pay,2023-11-17,
3792,578,2026-02-01 18:04:00,Delivered,54.32,PayPal,2026-02-07,2026-02-05
3793,86,2025-09-28 12:08:00,Cancelled,385.69,PayPal,2025-10-03,
3794,938,2026-04-01 14:32:00,Delivered,314.32,Credit Card,2026-04-11,2026-04-11
3795,264,2025-11-20 16:12:00,Delayed,399.83,Google Pay,2025-11-28,2025-12-05
3796,210,2025-02-25 18:32:00,Delivered,50.34,Credit Card,2025-02-28,2025-02-28
3797,116,2025-07-15 18:54:00,Delivered,151.82,Credit Card,2025-07-25,2025-07-24
3798,937,2026-06-09 15:18:00,Delivered,104.11,PayPal,2026-06-15,2026-06-13
3799,686,2026-06-21 13:54:00,Out for Delivery,591.18,PayPal,2026-06-30,
3800,733,2025-07-02 12:18:00,Delayed,52.3,Credit Card,2025-07-09,2025-07-15
3801,470,2024-09-22 12:30:00,Delivered,161.73,Credit Card,2024-10-01,2024-09-30
3802,444,2025-12-30 18:32:00,Delivered,157.68,Credit Card,2026-01-07,2026-01-07
3803,105,2026-03-12 18:42:00,Delayed,143.51,Debit Card,2026-03-21,2026-03-29
3804,511,2026-01-23 13:54:00,Delivered,243.69,Debit Card,2026-01-29,2026-01-30
3805,229,2026-06-20 16:58:00,Delivered,50.48,Credit Card,2026-06-25,2026-06-24
3806,972,2026-04-17 16:26:00,Delivered,217.1,Debit Card,2026-04-25,2026-04-26
3807,797,2026-02-19 11:40:00,Delivered,59.46,Credit Card,2026-02-24,2026-02-22
3808,382,2024-07-29 10:01:00,Delivered,105.34,Credit Card,2024-08-02,2024-08-03
3809,140,2025-11-14 19:02:00,Delivered,108.0,Debit Card,2025-11-24,2025-11-22
3810,784,2026-06-27 16:48:00,Processing,173.86,Credit Card,2026-07-03,
3811,113,2026-05-17 08:53:00,Refunded,344.23,Apple Pay,2026-05-20,2026-05-20
3812,187,2026-05-18 19:03:00,Delivered,10.35,Debit Card,2026-05-26,2026-05-24
3813,198,2026-02-23 16:57:00,Delivered,331.13,Credit Card,2026-03-03,2026-03-03
3814,509,2025-03-12 11:22:00,Delivered,238.24,Credit Card,2025-03-19,2025-03-19
3815,786,2026-03-31 15:05:00,Delivered,33.2,Credit Card,2026-04-04,2026-04-04
3816,296,2025-06-19 19:58:00,Delivered,479.73,Credit Card,2025-06-26,2025-06-27
3817,85,2025-04-22 12:18:00,Delivered,165.52,Debit Card,2025-05-01,2025-04-29
3818,428,2026-04-13 17:16:00,Delivered,242.13,PayPal,2026-04-20,2026-04-19
3819,739,2026-03-15 13:06:00,Delivered,7.74,Debit Card,2026-03-18,2026-03-18
3820,205,2023-01-29 12:14:00,Delivered,182.48,Debit Card,2023-02-02,2023-02-02
3821,204,2025-12-07 15:28:00,Delivered,101.26,Debit Card,2025-12-15,2025-12-16
3822,938,2026-02-04 20:43:00,Delivered,196.24,Credit Card,2026-02-11,2026-02-10
3823,945,2025-11-02 20:11:00,Delivered,182.76,Credit Card,2025-11-10,2025-11-08
3824,986,2026-06-26 09:18:00,Processing,617.74,Google Pay,2026-07-05,
3825,802,2025-11-29 17:02:00,Delivered,526.82,Google Pay,2025-12-04,2025-12-02
3826,187,2026-04-18 10:44:00,Delivered,7.79,Debit Card,2026-04-24,2026-04-25
3827,198,2026-02-25 19:12:00,Delivered,100.48,PayPal,2026-03-03,2026-03-03
3828,316,2025-04-30 11:03:00,Delivered,220.37,Credit Card,2025-05-08,2025-05-06
3829,304,2026-05-30 13:06:00,Delivered,83.79,Credit Card,2026-06-02,2026-06-01
3830,949,2026-05-26 16:18:00,Delivered,58.23,Credit Card,2026-06-03,2026-06-01
3831,789,2024-02-03 08:03:00,Delivered,104.07,Credit Card,2024-02-08,2024-02-08
3832,706,2026-06-18 13:32:00,Returned,110.38,PayPal,2026-06-22,2026-06-21
3833,184,2026-05-10 15:30:00,Delivered,677.28,Debit Card,2026-05-13,2026-05-12
3834,903,2024-07-04 08:55:00,Delayed,78.54,Gift Card,2024-07-13,2024-07-22
3835,825,2025-03-09 19:07:00,Delivered,58.95,Credit Card,2025-03-16,2025-03-16
3836,158,2025-03-24 10:52:00,Returned,141.79,PayPal,2025-04-03,2025-04-01
3837,859,2025-12-18 13:16:00,Delivered,300.37,Debit Card,2025-12-28,2025-12-29
3838,247,2026-01-11 09:21:00,Delivered,168.84,Credit Card,2026-01-21,2026-01-21
3839,81,2026-06-05 11:46:00,Delivered,15.78,Google Pay,2026-06-09,2026-06-10
3840,615,2026-04-28 15:18:00,Delivered,132.15,Debit Card,2026-05-01,2026-05-02
3841,612,2026-02-09 13:22:00,Delivered,713.9,Credit Card,2026-02-16,2026-02-15
3842,95,2025-12-13 14:06:00,Delivered,129.24,Credit Card,2025-12-19,2025-12-19
3843,305,2026-06-18 16:35:00,Delivered,970.3,Credit Card,2026-06-21,2026-06-19
3844,988,2026-05-13 18:27:00,Delayed,112.62,PayPal,2026-05-23,2026-06-02
3845,648,2025-12-28 17:41:00,Delivered,32.99,Credit Card,2026-01-07,2026-01-05
3846,716,2026-02-21 17:57:00,Delivered,41.34,Debit Card,2026-02-24,2026-02-23
3847,198,2026-06-01 12:23:00,Cancelled,215.29,PayPal,2026-06-09,
3848,79,2026-06-08 20:15:00,Delivered,127.64,PayPal,2026-06-14,2026-06-15
3849,250,2026-06-03 20:11:00,Delivered,198.25,Credit Card,2026-06-13,2026-06-13
3850,229,2026-06-18 16:12:00,Delivered,440.45,Credit Card,2026-06-22,2026-06-20
3851,220,2026-04-23 19:05:00,Delivered,284.39,Debit Card,2026-05-02,2026-05-03
3852,189,2026-06-26 19:32:00,Shipped,120.13,Apple Pay,2026-07-03,
3853,527,2024-05-11 14:23:00,Delivered,26.52,Credit Card,2024-05-14,2024-05-12
3854,307,2026-06-09 09:30:00,Delivered,57.64,Credit Card,2026-06-14,2026-06-14
3855,815,2026-06-18 18:53:00,Delivered,27.22,Debit Card,2026-06-22,2026-06-22
3856,184,2024-10-05 17:24:00,Delivered,197.63,Credit Card,2024-10-11,2024-10-10
3857,428,2026-01-29 19:49:00,Delivered,267.18,Credit Card,2026-02-01,2026-01-31
3858,13,2026-02-23 15:37:00,Delivered,87.44,Debit Card,2026-03-03,2026-03-04
3859,453,2026-02-19 11:26:00,Delivered,405.24,Debit Card,2026-02-26,2026-02-27
3860,53,2026-06-25 16:11:00,Out for Delivery,60.31,Debit Card,2026-07-02,
3861,973,2026-04-20 10:30:00,Cancelled,93.85,PayPal,2026-04-29,
3862,791,2026-05-17 16:06:00,Delivered,236.9,Apple Pay,2026-05-24,2026-05-25
3863,457,2026-01-03 13:46:00,Delivered,211.2,Apple Pay,2026-01-06,2026-01-06
3864,86,2025-03-04 12:55:00,Delivered,97.16,Google Pay,2025-03-08,2025-03-08
3865,544,2026-02-23 16:03:00,Delivered,77.56,Credit Card,2026-03-02,2026-03-02
3866,754,2025-01-31 16:38:00,Delivered,14.04,PayPal,2025-02-07,2025-02-06
3867,188,2024-01-05 11:12:00,Delivered,56.24,Apple Pay,2024-01-11,2024-01-12
3868,519,2025-09-25 17:39:00,Delivered,174.46,PayPal,2025-09-30,2025-10-01
3869,808,2025-05-15 12:41:00,Delivered,18.58,Apple Pay,2025-05-25,2025-05-24
3870,764,2026-06-17 09:09:00,Delivered,114.58,Credit Card,2026-06-24,2026-06-25
3871,797,2026-03-25 11:13:00,Delivered,420.97,Credit Card,2026-04-03,2026-04-04
3872,870,2026-01-12 08:29:00,Delivered,542.95,Credit Card,2026-01-16,2026-01-16
3873,929,2026-04-28 10:44:00,Delivered,625.78,Credit Card,2026-05-07,2026-05-05
3874,376,2026-04-08 12:37:00,Delivered,35.71,PayPal,2026-04-11,2026-04-10
3875,519,2025-05-25 19:28:00,Delivered,64.93,Credit Card,2025-06-04,2025-06-02
3876,791,2026-05-14 12:47:00,Delivered,97.59,Debit Card,2026-05-22,2026-05-20
3877,672,2026-06-24 15:07:00,Shipped,163.1,PayPal,2026-06-29,
3878,992,2026-02-02 08:17:00,Delivered,112.85,Credit Card,2026-02-07,2026-02-08
3879,13,2026-05-11 13:57:00,Delivered,325.92,Debit Card,2026-05-19,2026-05-17
3880,337,2025-03-17 11:11:00,Delayed,120.39,PayPal,2025-03-20,2025-03-29
3881,250,2024-12-25 09:29:00,Delivered,313.39,Debit Card,2025-01-04,2025-01-05
3882,242,2026-02-12 10:46:00,Refunded,21.14,Credit Card,2026-02-17,2026-02-16
3883,205,2024-09-02 16:12:00,Refunded,587.03,Credit Card,2024-09-10,2024-09-11
3884,683,2026-01-19 19:19:00,Delivered,82.9,Credit Card,2026-01-25,2026-01-24
3885,85,2025-08-03 17:22:00,Delivered,38.7,Debit Card,2025-08-07,2025-08-06
3886,733,2025-11-07 11:00:00,Delivered,90.59,Apple Pay,2025-11-11,2025-11-11
3887,669,2026-06-27 13:06:00,Shipped,245.99,PayPal,2026-06-30,
3888,229,2026-06-14 13:57:00,Delivered,95.99,Credit Card,2026-06-18,2026-06-19
3889,231,2026-04-12 14:37:00,Delivered,500.64,Debit Card,2026-04-19,2026-04-20
3890,575,2024-07-06 20:57:00,Delivered,387.03,Credit Card,2024-07-14,2024-07-12
3891,759,2026-05-31 11:12:00,Cancelled,132.14,Apple Pay,2026-06-09,
3892,867,2025-06-19 12:51:00,Cancelled,336.05,Credit Card,2025-06-28,
3893,848,2025-11-17 17:33:00,Delivered,382.36,Debit Card,2025-11-25,2025-11-26
3894,955,2025-08-17 10:28:00,Delivered,105.97,Debit Card,2025-08-21,2025-08-20
3895,536,2024-10-01 13:27:00,Delivered,256.16,Credit Card,2024-10-09,2024-10-10
3896,902,2024-07-06 09:38:00,Delivered,204.74,Credit Card,2024-07-11,2024-07-12
3897,803,2025-10-16 14:18:00,Delayed,403.12,Debit Card,2025-10-24,2025-10-28
3898,892,2026-05-15 17:08:00,Delivered,56.09,Gift Card,2026-05-23,2026-05-21
3899,12,2025-08-31 15:13:00,Delivered,108.48,Credit Card,2025-09-08,2025-09-07
3900,956,2024-04-21 11:01:00,Delivered,131.38,Debit Card,2024-05-01,2024-05-01
3901,442,2025-05-28 19:32:00,Delivered,475.24,Bank Transfer,2025-06-05,2025-06-05
3902,797,2026-04-15 08:37:00,Refunded,111.03,Credit Card,2026-04-21,2026-04-19
3903,114,2025-08-21 17:04:00,Delivered,98.83,PayPal,2025-08-30,2025-08-30
3904,367,2025-09-29 16:46:00,Delivered,295.37,Debit Card,2025-10-05,2025-10-03
3905,247,2026-04-24 20:20:00,Delivered,42.64,Credit Card,2026-05-03,2026-05-04
3906,264,2024-10-16 10:47:00,Delivered,394.01,Credit Card,2024-10-19,2024-10-19
3907,113,2025-11-11 20:18:00,Delivered,43.76,Bank Transfer,2025-11-21,2025-11-21
3908,798,2025-07-06 14:14:00,Delivered,361.16,Google Pay,2025-07-15,2025-07-14
3909,9,2026-02-06 12:43:00,Delivered,244.11,PayPal,2026-02-13,2026-02-14
3910,293,2026-02-18 17:48:00,Delivered,168.9,Google Pay,2026-02-22,2026-02-21
3911,174,2025-08-26 17:00:00,Delivered,275.62,Credit Card,2025-08-31,2025-08-30
3912,541,2025-08-06 10:13:00,Delivered,613.44,PayPal,2025-08-09,2025-08-09
3913,232,2026-04-19 08:42:00,Delivered,105.1,PayPal,2026-04-28,2026-04-29
3914,236,2026-05-15 19:51:00,Delayed,163.22,Google Pay,2026-05-20,2026-05-25
3915,456,2026-06-10 15:15:00,Delivered,123.35,Credit Card,2026-06-18,2026-06-16
3916,610,2026-05-14 11:46:00,Delivered,39.73,Credit Card,2026-05-22,2026-05-23
3917,112,2026-03-27 12:06:00,Delivered,190.03,Apple Pay,2026-04-01,2026-03-31
3918,176,2026-05-09 17:01:00,Delivered,295.36,Debit Card,2026-05-18,2026-05-17
3919,229,2026-06-02 20:18:00,Delivered,132.0,Credit Card,2026-06-09,2026-06-07
3920,971,2026-04-10 19:37:00,Delivered,183.34,PayPal,2026-04-16,2026-04-17
3921,368,2025-11-23 11:24:00,Delivered,55.27,Credit Card,2025-11-27,2025-11-27
3922,552,2026-03-21 15:34:00,Delivered,80.78,Google Pay,2026-03-29,2026-03-30
3923,227,2026-06-03 19:14:00,Delivered,121.12,Debit Card,2026-06-12,2026-06-11
3924,458,2026-04-18 20:18:00,Delivered,290.13,Debit Card,2026-04-28,2026-04-26
3925,72,2026-06-28 14:06:00,Shipped,137.15,Credit Card,2026-07-04,
3926,34,2026-04-02 18:56:00,Delivered,434.64,Credit Card,2026-04-10,2026-04-09
3927,437,2024-05-28 14:17:00,Delivered,64.25,PayPal,2024-05-31,2024-06-01
3928,368,2026-04-07 20:33:00,Delivered,67.07,Credit Card,2026-04-11,2026-04-12
3929,119,2026-03-29 12:19:00,Delivered,219.75,PayPal,2026-04-06,2026-04-05
3930,662,2026-02-15 08:13:00,Delivered,79.19,Credit Card,2026-02-23,2026-02-22
3931,988,2025-11-25 08:33:00,Delivered,148.75,PayPal,2025-12-01,2025-12-02
3932,367,2025-05-11 13:26:00,Delivered,53.41,Credit Card,2025-05-21,2025-05-19
3933,573,2026-02-11 09:05:00,Delivered,135.51,Credit Card,2026-02-18,2026-02-19
3934,955,2025-12-27 09:05:00,Delivered,33.6,Debit Card,2026-01-01,2025-12-30
3935,828,2025-09-17 18:17:00,Delivered,75.77,Credit Card,2025-09-27,2025-09-26
3936,428,2026-02-10 09:23:00,Delayed,460.68,Credit Card,2026-02-18,2026-02-27
3937,726,2025-12-25 08:43:00,Delivered,205.77,Credit Card,2025-12-29,2025-12-28
3938,115,2024-11-20 15:34:00,Delivered,174.23,Credit Card,2024-11-26,2024-11-24
3939,485,2025-02-18 15:53:00,Delivered,98.6,PayPal,2025-02-28,2025-03-01
3940,250,2026-03-10 13:04:00,Delivered,462.54,Debit Card,2026-03-20,2026-03-21
3941,156,2025-08-19 19:33:00,Delivered,41.88,PayPal,2025-08-24,2025-08-25
3942,396,2026-02-27 17:45:00,Delivered,132.12,Credit Card,2026-03-04,2026-03-05
3943,116,2026-05-15 09:48:00,Delivered,55.59,Credit Card,2026-05-23,2026-05-24
3944,672,2026-05-16 08:26:00,Delivered,482.36,Credit Card,2026-05-20,2026-05-20
3945,415,2026-05-05 08:15:00,Delivered,122.03,PayPal,2026-05-09,2026-05-09
3946,497,2025-09-22 12:32:00,Delivered,92.73,PayPal,2025-10-02,2025-10-01
3947,132,2025-09-26 08:09:00,Delayed,349.42,Debit Card,2025-10-04,2025-10-14
3948,125,2026-04-05 16:13:00,Delivered,111.96,PayPal,2026-04-09,2026-04-10
3949,537,2025-09-14 20:34:00,Refunded,103.16,Credit Card,2025-09-22,2025-09-20
3950,980,2025-07-10 14:51:00,Delivered,314.82,PayPal,2025-07-17,2025-07-18
3951,96,2025-04-29 11:06:00,Delivered,188.37,Debit Card,2025-05-04,2025-05-05
3952,257,2026-02-27 12:15:00,Delivered,431.35,Apple Pay,2026-03-02,2026-03-01
3953,859,2026-05-27 16:23:00,Returned,185.15,Credit Card,2026-05-30,2026-05-29
3954,71,2025-04-10 08:05:00,Cancelled,203.01,Credit Card,2025-04-17,
3955,867,2026-03-24 17:10:00,Delivered,7.65,PayPal,2026-04-03,2026-04-02
3956,490,2025-06-20 13:11:00,Delivered,41.16,PayPal,2025-06-27,2025-06-26
3957,377,2025-04-21 18:58:00,Delivered,221.57,PayPal,2025-04-29,2025-04-27
3958,290,2026-04-18 12:09:00,Delivered,288.78,PayPal,2026-04-24,2026-04-25
3959,270,2026-04-15 16:50:00,Delivered,204.58,Debit Card,2026-04-20,2026-04-20
3960,284,2025-08-11 18:16:00,Delivered,285.49,Debit Card,2025-08-17,2025-08-16
3961,881,2026-01-31 08:50:00,Delayed,25.81,PayPal,2026-02-06,2026-02-12
3962,704,2025-12-26 19:44:00,Delivered,24.82,Credit Card,2026-01-03,2026-01-02
3963,633,2026-04-01 12:28:00,Delivered,84.14,Debit Card,2026-04-09,2026-04-08
3964,797,2026-01-15 08:50:00,Delivered,43.0,Credit Card,2026-01-25,2026-01-26
3965,236,2026-06-27 18:42:00,Shipped,573.67,Apple Pay,2026-07-06,
3966,570,2026-01-17 15:24:00,Delivered,482.91,Credit Card,2026-01-25,2026-01-26
3967,417,2026-06-24 12:30:00,Delivered,14.96,Debit Card,2026-07-01,2026-06-30
3968,779,2025-12-06 18:10:00,Delivered,91.14,Credit Card,2025-12-10,2025-12-10
3969,290,2026-01-04 12:01:00,Delivered,81.48,Credit Card,2026-01-08,2026-01-09
3970,596,2026-04-23 18:15:00,Delivered,483.77,Credit Card,2026-04-28,2026-04-28
3971,873,2026-04-15 19:57:00,Delivered,245.63,PayPal,2026-04-21,2026-04-19
3972,370,2025-04-24 14:18:00,Delivered,36.56,Debit Card,2025-05-04,2025-05-02
3973,64,2026-06-20 12:00:00,Delivered,293.84,Credit Card,2026-06-27,2026-06-27
3974,486,2026-01-25 09:54:00,Cancelled,399.2,Credit Card,2026-02-03,
3975,328,2026-04-22 14:07:00,Delivered,114.9,PayPal,2026-04-30,2026-04-28
3976,633,2026-06-18 20:38:00,Delivered,211.6,Apple Pay,2026-06-22,2026-06-22
3977,943,2023-07-17 17:52:00,Delivered,107.47,Debit Card,2023-07-20,2023-07-21
3978,454,2026-05-18 10:09:00,Delivered,160.28,PayPal,2026-05-21,2026-05-19
3979,430,2025-07-08 11:13:00,Delivered,301.06,Credit Card,2025-07-14,2025-07-12
3980,613,2026-06-29 19:44:00,Placed,226.1,Apple Pay,2026-07-06,
3981,102,2026-06-12 10:28:00,Delivered,38.85,PayPal,2026-06-15,2026-06-13
3982,231,2025-08-30 08:12:00,Delivered,34.36,Debit Card,2025-09-07,2025-09-08
3983,914,2026-01-29 12:10:00,Delivered,282.5,Credit Card,2026-02-04,2026-02-03
3984,633,2026-06-07 14:29:00,Delivered,294.19,PayPal,2026-06-11,2026-06-12
3985,13,2026-06-03 13:52:00,Delivered,101.2,Credit Card,2026-06-07,2026-06-06
3986,193,2025-11-06 19:37:00,Delivered,261.6,Debit Card,2025-11-15,2025-11-16
3987,660,2025-02-27 19:37:00,Cancelled,114.98,Credit Card,2025-03-08,
3988,760,2024-10-10 10:31:00,Cancelled,124.56,Credit Card,2024-10-20,
3989,836,2026-06-05 10:41:00,Refunded,44.23,Credit Card,2026-06-09,2026-06-08
3990,265,2026-06-28 14:31:00,Shipped,336.38,Credit Card,2026-07-08,
3991,922,2025-01-09 18:08:00,Delivered,415.35,Credit Card,2025-01-12,2025-01-12
3992,508,2025-10-12 17:47:00,Delivered,452.72,Credit Card,2025-10-22,2025-10-21
3993,672,2026-05-20 18:39:00,Delivered,279.54,Credit Card,2026-05-24,2026-05-23
3994,551,2026-01-04 08:32:00,Delivered,310.19,Credit Card,2026-01-12,2026-01-13
3995,113,2026-03-22 09:12:00,Returned,135.98,Credit Card,2026-03-27,2026-03-28
3996,955,2026-04-08 14:50:00,Delivered,261.12,Credit Card,2026-04-13,2026-04-12
3997,113,2026-03-06 18:12:00,Delivered,541.64,Credit Card,2026-03-10,2026-03-09
3998,233,2024-10-04 14:42:00,Delivered,143.31,PayPal,2024-10-10,2024-10-09
3999,808,2025-11-22 09:47:00,Delivered,321.2,Credit Card,2025-12-01,2025-11-29
4000,570,2025-07-16 17:22:00,Delivered,216.55,Credit Card,2025-07-20,2025-07-20
