order_item_id,order_id,product_id,quantity,unit_price,line_total
1,1,110,1,38.67,38.67
2,1,48,1,100.22,100.22
3,2,110,1,41.39,41.39
4,2,70,1,44.46,44.46
5,3,30,3,29.98,89.94
6,3,136,1,43.55,43.55
7,3,49,1,68.38,68.38
8,3,70,2,45.61,91.22
9,4,81,1,7.1,7.1
10,5,91,1,7.97,7.97
11,5,79,2,25.54,51.08
12,6,134,1,43.67,43.67
13,6,26,1,57.15,57.15
14,6,91,1,7.94,7.94
15,6,86,2,14.97,29.94
16,6,38,1,70.05,70.05
17,7,91,2,6.94,13.88
18,7,48,2,107.6,215.2
19,8,38,1,62.65,62.65
20,8,48,1,106.64,106.64
21,8,79,1,28.01,28.01
22,9,110,3,37.64,112.92
23,9,24,1,77.94,77.94
24,10,77,2,47.51,95.02
25,11,112,1,25.29,25.29
26,11,136,1,42.97,42.97
27,11,26,1,52.32,52.32
28,12,51,1,59.96,59.96
29,12,57,2,80.09,160.18
30,12,18,2,65.68,131.36
31,13,136,2,44.91,89.82
32,14,48,1,100.0,100.0
33,14,124,1,18.24,18.24
34,14,26,1,54.79,54.79
35,15,48,2,102.09,204.18
36,15,93,1,58.38,58.38
37,16,66,1,57.48,57.48
38,17,24,3,81.62,244.86
39,17,84,5,19.27,96.35
40,18,121,1,7.08,7.08
41,18,65,1,32.72,32.72
42,18,63,1,86.96,86.96
43,18,140,2,85.5,171.0
44,19,30,1,28.89,28.89
45,19,38,2,70.23,140.46
46,20,127,1,25.24,25.24
47,21,48,1,97.42,97.42
48,21,100,1,38.84,38.84
49,21,1,1,87.09,87.09
50,21,17,2,13.87,27.74
51,22,70,2,42.62,85.24
52,23,121,1,7.08,7.08
53,23,64,2,155.63,311.26
54,24,18,2,63.31,126.62
55,24,134,1,45.96,45.96
56,24,55,1,92.54,92.54
57,24,91,1,7.67,7.67
58,25,102,1,36.26,36.26
59,26,91,1,7.33,7.33
60,27,34,1,19.32,19.32
61,27,127,2,24.84,49.68
62,27,107,2,30.72,61.44
63,28,32,4,10.27,41.08
64,29,141,1,69.39,69.39
65,30,121,1,7.43,7.43
66,30,61,1,40.45,40.45
67,30,62,1,163.15,163.15
68,31,48,2,106.03,212.06
69,32,110,1,43.56,43.56
70,32,48,3,102.95,308.85
71,32,17,1,13.69,13.69
72,32,119,2,19.54,39.08
73,33,119,1,17.47,17.47
74,34,79,1,24.88,24.88
75,35,136,1,42.15,42.15
76,36,107,2,33.17,66.34
77,37,90,1,33.13,33.13
78,37,65,1,33.46,33.46
79,37,91,1,7.5,7.5
80,38,112,1,25.98,25.98
81,38,76,1,24.76,24.76
82,39,132,2,59.71,119.42
83,40,79,1,27.39,27.39
84,41,129,1,36.57,36.57
85,41,17,1,13.4,13.4
86,42,82,1,27.52,27.52
87,43,124,1,18.81,18.81
88,43,62,2,155.5,311.0
89,43,149,1,90.11,90.11
90,43,107,1,30.71,30.71
91,43,54,3,50.88,152.64
92,44,112,2,26.8,53.6
93,44,62,2,169.42,338.84
94,44,16,1,117.72,117.72
95,44,2,2,25.2,50.4
96,44,59,1,74.35,74.35
97,45,137,1,67.59,67.59
98,45,79,1,25.14,25.14
99,46,134,1,45.59,45.59
100,46,38,1,72.64,72.64
101,47,66,1,60.33,60.33
102,48,121,1,7.76,7.76
103,48,32,5,9.72,48.6
104,48,144,1,18.97,18.97
105,48,138,1,60.33,60.33
106,49,8,2,56.18,112.36
107,49,79,1,24.88,24.88
108,50,140,1,86.49,86.49
109,50,91,1,7.77,7.77
110,50,96,3,50.71,152.13
111,51,121,2,7.44,14.88
112,51,23,1,123.54,123.54
113,51,79,3,26.3,78.9
114,51,135,1,35.03,35.03
115,51,138,1,52.45,52.45
116,51,61,1,36.98,36.98
117,52,48,4,96.73,386.92
118,52,24,1,84.86,84.86
119,52,136,1,40.78,40.78
120,53,139,2,59.65,119.3
121,53,141,2,66.67,133.34
122,54,91,1,7.15,7.15
123,54,104,4,37.77,151.08
124,55,66,1,52.55,52.55
125,56,91,1,7.64,7.64
126,57,13,3,39.62,118.86
127,58,9,1,25.05,25.05
128,58,48,1,106.21,106.21
129,58,121,1,7.45,7.45
130,59,93,2,53.99,107.98
131,60,53,1,152.57,152.57
132,60,86,1,15.38,15.38
133,61,38,1,72.34,72.34
134,61,25,1,88.23,88.23
135,61,129,1,35.98,35.98
136,61,83,1,43.19,43.19
137,62,123,2,44.02,88.04
138,63,62,1,177.5,177.5
139,63,89,2,53.95,107.9
140,63,150,2,66.6,133.2
141,64,91,1,7.9,7.9
142,64,134,3,40.51,121.53
143,65,48,1,103.26,103.26
144,65,15,1,106.93,106.93
145,65,140,1,81.74,81.74
146,65,62,4,176.61,706.44
147,66,32,3,9.21,27.63
148,66,66,1,59.5,59.5
149,67,16,3,109.66,328.98
150,67,26,1,57.64,57.64
151,68,3,1,59.42,59.42
152,68,89,1,57.63,57.63
153,68,48,1,96.24,96.24
154,68,82,4,24.74,98.96
155,69,16,1,112.31,112.31
156,69,93,1,58.35,58.35
157,69,17,1,13.01,13.01
158,70,11,1,56.16,56.16
159,70,18,1,64.18,64.18
160,70,43,3,68.97,206.91
161,71,121,1,7.74,7.74
162,71,17,1,13.72,13.72
163,71,6,1,120.19,120.19
164,71,13,1,40.94,40.94
165,72,48,1,105.92,105.92
166,72,134,1,45.82,45.82
167,73,66,1,59.66,59.66
168,73,48,1,100.2,100.2
169,73,91,1,7.64,7.64
170,73,140,1,91.24,91.24
171,73,141,3,70.07,210.21
172,74,14,1,55.31,55.31
173,75,91,1,7.73,7.73
174,76,96,1,52.54,52.54
175,76,32,1,10.59,10.59
176,77,79,1,28.28,28.28
177,78,48,1,105.58,105.58
178,78,108,1,8.04,8.04
179,78,134,4,45.89,183.56
180,78,93,1,56.49,56.49
181,78,129,1,32.48,32.48
182,78,13,4,36.11,144.44
183,79,52,1,132.82,132.82
184,79,89,2,59.74,119.48
185,79,13,1,36.06,36.06
186,80,121,1,7.14,7.14
187,80,48,1,103.84,103.84
188,80,47,3,72.4,217.2
189,81,89,3,58.52,175.56
190,81,138,2,54.83,109.66
191,81,119,1,19.99,19.99
192,82,17,1,13.89,13.89
193,82,131,1,36.91,36.91
194,82,53,1,153.15,153.15
195,83,1,1,87.56,87.56
196,83,51,2,58.55,117.1
197,83,13,1,36.72,36.72
198,83,126,1,21.58,21.58
199,83,134,1,41.08,41.08
200,84,91,5,7.92,39.6
201,85,115,1,12.6,12.6
202,85,66,1,53.28,53.28
203,85,48,2,97.54,195.08
204,86,140,1,85.64,85.64
205,87,17,1,13.9,13.9
206,88,133,2,73.46,146.92
207,89,109,2,45.73,91.46
208,90,44,1,59.43,59.43
209,90,48,2,106.84,213.68
210,91,1,1,83.89,83.89
211,92,38,1,71.73,71.73
212,93,18,1,65.18,65.18
213,93,111,2,40.3,80.6
214,93,109,2,44.95,89.9
215,94,35,5,118.14,590.7
216,94,93,1,56.43,56.43
217,95,111,1,41.85,41.85
218,95,47,1,80.29,80.29
219,95,140,1,90.6,90.6
220,95,91,2,7.67,15.34
221,96,144,1,19.08,19.08
222,97,148,2,43.85,87.7
223,98,66,1,52.95,52.95
224,99,140,2,83.21,166.42
225,100,107,5,30.83,154.15
226,100,136,2,45.32,90.64
227,100,137,1,69.96,69.96
228,100,108,1,7.41,7.41
229,100,48,1,108.29,108.29
230,101,134,1,44.05,44.05
231,102,79,1,25.44,25.44
232,102,55,1,88.85,88.85
233,102,25,2,91.85,183.7
234,102,89,3,57.45,172.35
235,103,80,3,16.02,48.06
236,103,86,1,15.17,15.17
237,103,57,1,72.91,72.91
238,103,62,1,165.72,165.72
239,104,121,2,7.94,15.88
240,104,62,2,158.85,317.7
241,105,91,2,7.56,15.12
242,105,134,5,42.84,214.2
243,106,121,1,7.5,7.5
244,106,136,3,45.26,135.78
245,106,149,1,77.99,77.99
246,106,79,1,26.17,26.17
247,107,119,1,19.22,19.22
248,108,129,2,33.69,67.38
249,109,38,2,64.2,128.4
250,109,148,1,41.56,41.56
251,109,119,1,19.61,19.61
252,110,52,5,143.36,716.8
253,110,14,1,51.77,51.77
254,111,48,2,109.61,219.22
255,111,138,3,58.32,174.96
256,112,131,1,36.78,36.78
257,112,93,5,58.15,290.75
258,112,38,1,65.35,65.35
259,113,141,5,70.79,353.95
260,113,104,3,39.49,118.47
261,113,13,3,37.04,111.12
262,113,4,1,105.68,105.68
263,113,76,1,26.92,26.92
264,114,32,2,9.16,18.32
265,114,38,1,69.53,69.53
266,114,48,1,96.43,96.43
267,115,48,4,94.62,378.48
268,115,91,3,7.39,22.17
269,116,127,1,28.03,28.03
270,116,89,1,57.9,57.9
271,116,17,1,13.22,13.22
272,117,104,1,40.65,40.65
273,117,91,1,8.01,8.01
274,117,57,1,81.19,81.19
275,117,47,2,80.44,160.88
276,118,79,2,25.61,51.22
277,118,119,1,19.27,19.27
278,119,66,1,57.99,57.99
279,119,53,1,133.58,133.58
280,119,134,1,42.06,42.06
281,119,93,1,57.88,57.88
282,119,62,2,159.41,318.82
283,120,66,1,57.78,57.78
284,121,91,1,7.92,7.92
285,121,48,3,104.24,312.72
286,121,37,1,28.59,28.59
287,121,47,1,71.89,71.89
288,121,57,1,74.61,74.61
289,122,32,3,9.65,28.95
290,122,18,1,68.33,68.33
291,123,91,1,7.58,7.58
292,124,121,4,7.81,31.24
293,124,47,4,81.56,326.24
294,124,70,1,43.98,43.98
295,125,96,1,48.83,48.83
296,125,90,1,34.03,34.03
297,125,91,3,7.58,22.74
298,126,7,1,24.09,24.09
299,127,38,2,72.6,145.2
300,127,48,1,101.88,101.88
301,128,138,2,53.85,107.7
302,128,53,2,138.37,276.74
303,128,48,1,104.61,104.61
304,128,31,2,69.27,138.54
305,128,70,1,43.86,43.86
306,128,62,1,154.31,154.31
307,129,17,2,13.45,26.9
308,129,50,1,30.34,30.34
309,130,48,1,104.85,104.85
310,130,91,3,7.42,22.26
311,130,144,1,18.41,18.41
312,131,55,1,85.89,85.89
313,132,107,4,31.12,124.48
314,133,102,1,37.71,37.71
315,134,135,1,33.36,33.36
316,134,26,3,57.75,173.25
317,134,32,3,9.44,28.32
318,135,62,1,173.78,173.78
319,135,138,2,58.9,117.8
320,135,43,1,78.28,78.28
321,136,91,1,7.05,7.05
322,136,89,1,59.48,59.48
323,136,111,1,39.63,39.63
324,137,48,1,99.97,99.97
325,137,32,1,9.82,9.82
326,137,134,1,45.99,45.99
327,138,55,3,85.87,257.61
328,138,79,2,27.4,54.8
329,138,9,2,22.67,45.34
330,139,16,1,104.05,104.05
331,139,119,2,18.31,36.62
332,140,70,1,48.8,48.8
333,141,89,1,56.04,56.04
334,141,139,1,61.81,61.81
335,142,45,1,135.24,135.24
336,142,49,2,72.9,145.8
337,142,136,2,45.91,91.82
338,142,83,2,41.07,82.14
339,143,134,1,45.2,45.2
340,144,66,2,52.4,104.8
341,144,54,4,52.37,209.48
342,144,38,2,63.22,126.44
343,144,13,1,37.21,37.21
344,145,91,4,6.91,27.64
345,146,98,3,35.2,105.6
346,147,1,1,77.73,77.73
347,148,66,1,55.77,55.77
348,148,76,1,24.96,24.96
349,149,20,1,72.74,72.74
350,149,121,1,7.52,7.52
351,150,13,1,37.68,37.68
352,150,14,2,49.06,98.12
353,150,48,4,97.29,389.16
354,151,135,1,35.93,35.93
355,152,21,1,71.87,71.87
356,153,18,1,65.9,65.9
357,153,14,3,52.24,156.72
358,154,38,2,71.97,143.94
359,154,13,1,36.89,36.89
360,154,86,1,14.81,14.81
361,155,124,1,19.35,19.35
362,156,112,1,24.87,24.87
363,156,48,1,102.96,102.96
364,157,104,3,35.88,107.64
365,157,91,2,7.44,14.88
366,157,13,2,37.89,75.78
367,158,55,2,85.46,170.92
368,158,107,2,30.67,61.34
369,158,48,1,107.33,107.33
370,159,96,1,47.99,47.99
371,159,137,1,70.89,70.89
372,159,32,1,9.53,9.53
373,159,48,1,97.59,97.59
374,160,13,1,40.14,40.14
375,160,140,1,82.07,82.07
376,161,96,4,47.06,188.24
377,162,62,1,172.87,172.87
378,163,13,1,39.08,39.08
379,163,136,2,40.1,80.2
380,164,17,4,14.25,57.0
381,165,91,1,6.89,6.89
382,166,100,3,40.0,120.0
383,166,38,1,71.51,71.51
384,167,134,1,44.56,44.56
385,168,48,1,110.18,110.18
386,168,55,2,86.57,173.14
387,168,79,1,26.01,26.01
388,168,89,3,55.78,167.34
389,169,13,5,37.27,186.35
390,170,79,1,25.2,25.2
391,171,14,1,51.67,51.67
392,171,79,1,24.59,24.59
393,171,62,1,158.42,158.42
394,172,62,1,162.89,162.89
395,172,91,1,7.56,7.56
396,173,38,1,65.16,65.16
397,173,13,4,35.9,143.6
398,173,48,1,98.41,98.41
399,173,66,1,58.25,58.25
400,173,129,1,35.49,35.49
401,174,48,1,99.54,99.54
402,174,79,3,25.21,75.63
403,174,134,1,43.75,43.75
404,175,75,2,114.63,229.26
405,176,48,2,98.23,196.46
406,176,119,1,19.63,19.63
407,177,63,1,88.94,88.94
408,177,55,2,89.57,179.14
409,178,32,1,9.12,9.12
410,178,34,1,20.21,20.21
411,179,149,1,87.56,87.56
412,180,48,1,94.61,94.61
413,181,26,1,54.58,54.58
414,182,48,2,109.22,218.44
415,182,121,1,7.07,7.07
416,182,26,4,52.43,209.72
417,183,76,1,27.97,27.97
418,184,68,1,172.24,172.24
419,185,149,1,84.49,84.49
420,185,134,1,42.64,42.64
421,186,100,1,40.53,40.53
422,187,137,1,72.4,72.4
423,188,147,1,84.92,84.92
424,188,107,1,29.34,29.34
425,188,104,2,37.18,74.36
426,189,48,1,99.87,99.87
427,189,38,1,68.23,68.23
428,190,138,4,54.43,217.72
429,191,17,3,13.81,41.43
430,192,134,2,45.75,91.5
431,192,136,3,42.17,126.51
432,192,121,4,7.79,31.16
433,193,66,1,58.9,58.9
434,193,93,1,61.7,61.7
435,194,30,3,27.67,83.01
436,195,48,3,97.15,291.45
437,195,138,4,58.92,235.68
438,195,45,1,131.11,131.11
439,195,13,1,37.1,37.1
440,196,91,1,7.27,7.27
441,196,147,1,80.56,80.56
442,197,63,1,94.25,94.25
443,197,139,2,60.58,121.16
444,197,91,1,7.37,7.37
445,198,62,2,152.7,305.4
446,198,48,1,96.78,96.78
447,199,48,2,109.82,219.64
448,200,52,1,125.58,125.58
449,200,121,1,7.49,7.49
450,201,137,1,73.29,73.29
451,201,82,1,24.88,24.88
452,201,79,1,26.34,26.34
453,201,43,1,73.14,73.14
454,202,89,3,54.68,164.04
455,202,93,1,60.0,60.0
456,202,129,1,36.09,36.09
457,203,119,1,19.5,19.5
458,204,61,1,37.69,37.69
459,205,18,3,71.9,215.7
460,205,64,5,167.81,839.05
461,205,93,4,56.32,225.28
462,205,17,1,13.41,13.41
463,205,26,1,57.1,57.1
464,205,91,1,7.73,7.73
465,206,1,1,89.17,89.17
466,206,48,2,103.11,206.22
467,207,62,1,171.73,171.73
468,208,90,2,31.55,63.1
469,209,111,2,40.48,80.96
470,209,38,1,65.58,65.58
471,209,91,3,7.3,21.9
472,210,16,1,103.53,103.53
473,211,53,3,142.44,427.32
474,211,124,3,18.2,54.6
475,212,32,2,9.36,18.72
476,212,13,1,40.6,40.6
477,212,48,2,102.0,204.0
478,213,127,1,27.29,27.29
479,214,62,2,166.45,332.9
480,214,136,1,46.26,46.26
481,214,13,1,39.83,39.83
482,215,121,2,8.09,16.18
483,216,43,1,72.22,72.22
484,216,73,2,94.32,188.64
485,216,136,1,40.1,40.1
486,216,91,1,7.95,7.95
487,216,70,1,48.65,48.65
488,217,134,4,45.18,180.72
489,217,115,1,14.29,14.29
490,218,32,2,10.04,20.08
491,218,13,1,35.18,35.18
492,218,56,1,118.81,118.81
493,219,150,1,71.27,71.27
494,219,134,1,40.78,40.78
495,220,66,1,59.76,59.76
496,220,79,2,27.88,55.76
497,220,91,2,7.7,15.4
498,220,38,1,69.01,69.01
499,220,47,1,72.2,72.2
500,220,55,1,91.41,91.41
501,221,53,1,147.78,147.78
502,222,107,1,32.67,32.67
503,222,124,3,18.3,54.9
504,222,76,4,26.08,104.32
505,222,17,1,13.67,13.67
506,222,104,3,38.98,116.94
507,222,48,2,103.18,206.36
508,223,48,1,101.49,101.49
509,223,38,2,71.24,142.48
510,224,86,1,14.6,14.6
511,225,48,1,105.62,105.62
512,225,136,1,40.03,40.03
513,225,138,4,57.8,231.2
514,226,93,3,53.78,161.34
515,226,124,2,19.34,38.68
516,227,76,1,25.97,25.97
517,227,18,3,71.66,214.98
518,228,115,1,12.89,12.89
519,228,111,1,39.25,39.25
520,229,15,2,96.73,193.46
521,230,148,2,39.6,79.2
522,230,119,1,18.79,18.79
523,231,66,1,53.64,53.64
524,231,82,1,26.14,26.14
525,231,149,1,87.78,87.78
526,232,66,2,60.27,120.54
527,232,91,1,7.29,7.29
528,233,134,1,45.59,45.59
529,234,86,1,13.56,13.56
530,234,20,1,67.37,67.37
531,234,55,1,83.83,83.83
532,234,11,1,61.47,61.47
533,234,124,4,19.47,77.88
534,234,2,1,24.76,24.76
535,235,89,1,59.3,59.3
536,235,63,1,89.5,89.5
537,236,132,1,66.13,66.13
538,236,33,1,92.69,92.69
539,237,66,1,59.13,59.13
540,237,91,1,7.19,7.19
541,237,150,3,67.62,202.86
542,237,86,2,14.32,28.64
543,238,47,1,74.34,74.34
544,238,66,1,60.01,60.01
545,238,48,1,101.83,101.83
546,239,150,2,68.24,136.48
547,239,91,1,7.11,7.11
548,240,52,1,133.37,133.37
549,240,107,1,29.58,29.58
550,240,43,1,74.42,74.42
551,241,66,1,52.55,52.55
552,241,79,1,25.08,25.08
553,241,84,1,18.71,18.71
554,242,47,1,75.66,75.66
555,242,41,1,122.86,122.86
556,243,62,1,175.45,175.45
557,243,93,1,54.2,54.2
558,243,91,2,7.3,14.6
559,244,44,1,55.64,55.64
560,244,37,1,26.66,26.66
561,244,90,1,30.4,30.4
562,244,48,1,110.11,110.11
563,244,52,2,139.68,279.36
564,244,136,1,39.82,39.82
565,245,103,1,38.93,38.93
566,245,62,1,160.63,160.63
567,245,57,2,69.61,139.22
568,246,134,1,40.44,40.44
569,246,13,2,38.75,77.5
570,246,90,1,33.77,33.77
571,247,93,2,55.1,110.2
572,248,52,1,128.49,128.49
573,248,101,1,43.2,43.2
574,248,109,1,46.77,46.77
575,248,79,1,25.72,25.72
576,248,24,1,87.2,87.2
577,249,48,5,98.67,493.35
578,250,79,4,27.84,111.36
579,250,22,2,100.24,200.48
580,250,91,1,7.3,7.3
581,251,137,1,68.09,68.09
582,251,42,1,56.67,56.67
583,252,79,2,26.56,53.12
584,253,93,1,60.77,60.77
585,253,48,1,97.33,97.33
586,254,111,2,44.22,88.44
587,255,13,1,37.06,37.06
588,255,96,1,48.02,48.02
589,256,89,3,53.44,160.32
590,256,18,3,63.73,191.19
591,256,91,1,7.02,7.02
592,256,134,1,45.26,45.26
593,257,93,1,59.31,59.31
594,257,137,3,73.85,221.55
595,257,62,1,173.27,173.27
596,258,26,3,56.77,170.31
597,258,91,1,7.82,7.82
598,258,34,1,19.53,19.53
599,258,67,1,91.49,91.49
600,259,86,2,13.53,27.06
601,259,140,1,82.57,82.57
602,259,104,3,41.41,124.23
603,259,91,1,7.96,7.96
604,260,75,1,113.47,113.47
605,260,122,1,32.85,32.85
606,261,14,1,54.85,54.85
607,261,107,5,30.44,152.2
608,261,91,1,7.86,7.86
609,262,38,1,68.36,68.36
610,263,65,1,31.32,31.32
611,264,112,2,27.08,54.16
612,264,70,3,45.51,136.53
613,264,66,1,52.88,52.88
614,265,66,1,55.21,55.21
615,265,102,1,34.79,34.79
616,265,1,1,86.14,86.14
617,265,62,2,159.12,318.24
618,266,72,1,166.55,166.55
619,266,54,3,56.84,170.52
620,267,103,1,39.33,39.33
621,267,79,1,27.11,27.11
622,268,95,2,43.58,87.16
623,268,75,1,121.24,121.24
624,269,121,1,7.25,7.25
625,269,68,2,181.9,363.8
626,269,70,3,45.76,137.28
627,270,122,3,36.36,109.08
628,270,109,3,45.28,135.84
629,271,17,1,13.84,13.84
630,271,108,1,7.29,7.29
631,271,91,1,7.45,7.45
632,272,24,1,77.25,77.25
633,273,91,1,8.01,8.01
634,274,131,1,36.06,36.06
635,275,23,2,123.38,246.76
636,275,76,4,27.14,108.56
637,276,79,1,27.01,27.01
638,276,133,1,76.9,76.9
639,276,107,3,32.42,97.26
640,277,131,2,36.56,73.12
641,277,24,2,79.36,158.72
642,277,1,1,79.92,79.92
643,277,62,1,159.74,159.74
644,277,48,2,100.01,200.02
645,278,139,2,53.56,107.12
646,278,91,1,7.34,7.34
647,278,48,1,104.06,104.06
648,279,64,1,160.49,160.49
649,279,48,1,100.08,100.08
650,280,91,1,7.71,7.71
651,280,48,1,105.02,105.02
652,280,138,1,56.72,56.72
653,281,66,2,58.39,116.78
654,282,53,1,134.01,134.01
655,283,48,2,102.59,205.18
656,284,109,1,48.21,48.21
657,284,90,3,30.09,90.27
658,284,79,2,24.71,49.42
659,284,138,2,58.65,117.3
660,285,91,1,7.93,7.93
661,285,112,1,28.47,28.47
662,286,66,1,59.26,59.26
663,286,1,1,82.21,82.21
664,287,48,1,108.88,108.88
665,287,79,1,27.63,27.63
666,288,42,1,58.89,58.89
667,288,131,1,35.57,35.57
668,288,17,2,14.55,29.1
669,289,54,1,50.89,50.89
670,289,91,1,7.46,7.46
671,289,134,2,44.29,88.58
672,290,104,1,36.98,36.98
673,290,91,1,7.29,7.29
674,291,112,1,25.69,25.69
675,291,48,1,94.75,94.75
676,291,13,1,37.15,37.15
677,291,111,2,44.42,88.84
678,292,48,1,101.89,101.89
679,293,53,2,137.48,274.96
680,293,17,1,13.69,13.69
681,293,104,1,38.01,38.01
682,294,45,1,132.77,132.77
683,294,121,1,7.2,7.2
684,294,93,1,58.34,58.34
685,295,73,2,92.16,184.32
686,295,13,1,37.5,37.5
687,295,137,5,64.92,324.6
688,296,66,1,59.86,59.86
689,296,134,3,40.26,120.78
690,296,101,1,46.06,46.06
691,297,66,1,56.58,56.58
692,297,11,3,59.75,179.25
693,297,91,1,7.56,7.56
694,297,38,1,70.71,70.71
695,297,86,1,14.98,14.98
696,298,55,1,91.54,91.54
697,298,149,1,78.69,78.69
698,298,26,1,54.98,54.98
699,298,91,1,7.45,7.45
700,298,10,1,94.59,94.59
701,299,91,1,7.48,7.48
702,300,41,1,119.54,119.54
703,300,93,2,58.4,116.8
704,300,32,4,10.53,42.12
705,301,17,2,14.61,29.22
706,301,91,1,7.27,7.27
707,301,65,3,31.04,93.12
708,301,82,3,27.47,82.41
709,301,48,1,105.21,105.21
710,301,13,2,38.92,77.84
711,302,96,1,51.07,51.07
712,303,48,1,102.2,102.2
713,303,119,1,18.51,18.51
714,304,48,1,95.27,95.27
715,305,80,1,17.68,17.68
716,305,89,1,58.29,58.29
717,306,13,1,39.77,39.77
718,306,79,1,25.53,25.53
719,306,90,2,33.44,66.88
720,306,38,1,67.69,67.69
721,307,52,1,130.06,130.06
722,307,91,3,7.85,23.55
723,307,48,1,103.43,103.43
724,308,91,1,7.6,7.6
725,309,13,1,38.41,38.41
726,309,91,2,7.02,14.04
727,309,86,1,15.55,15.55
728,309,41,2,131.69,263.38
729,310,17,4,12.8,51.2
730,311,24,1,77.5,77.5
731,311,33,1,89.53,89.53
732,311,48,1,97.44,97.44
733,311,79,1,26.91,26.91
734,311,119,1,19.5,19.5
735,311,144,1,18.89,18.89
736,312,48,1,106.16,106.16
737,313,138,2,53.68,107.36
738,314,96,2,48.34,96.68
739,314,109,2,49.8,99.6
740,314,136,1,42.07,42.07
741,315,79,2,24.69,49.38
742,315,91,2,7.44,14.88
743,315,66,2,56.35,112.7
744,315,112,1,26.76,26.76
745,315,52,4,139.22,556.88
746,316,138,2,54.95,109.9
747,317,66,1,55.72,55.72
748,317,17,2,14.54,29.08
749,317,120,1,45.34,45.34
750,318,112,1,24.81,24.81
751,318,136,2,40.72,81.44
752,318,1,3,78.8,236.4
753,319,48,1,99.25,99.25
754,319,86,1,13.34,13.34
755,319,91,1,7.49,7.49
756,320,119,2,18.74,37.48
757,320,13,1,37.46,37.46
758,320,48,1,95.34,95.34
759,321,48,2,99.69,199.38
760,321,138,1,55.91,55.91
761,321,134,1,45.91,45.91
762,322,103,1,39.23,39.23
763,323,91,1,7.01,7.01
764,323,141,1,66.7,66.7
765,324,16,1,114.29,114.29
766,325,124,2,18.31,36.62
767,325,55,1,87.9,87.9
768,326,138,2,54.5,109.0
769,327,48,1,94.82,94.82
770,327,67,3,85.78,257.34
771,327,109,1,50.27,50.27
772,327,75,1,108.67,108.67
773,327,80,4,17.81,71.24
774,328,134,3,44.14,132.42
775,329,44,1,58.11,58.11
776,329,22,2,95.14,190.28
777,330,84,1,16.81,16.81
778,331,107,1,33.82,33.82
779,331,37,1,27.44,27.44
780,331,48,2,100.4,200.8
781,332,91,2,7.19,14.38
782,333,93,2,53.83,107.66
783,334,138,2,53.79,107.58
784,334,34,2,21.66,43.32
785,334,80,2,16.11,32.22
786,335,66,1,59.24,59.24
787,335,48,1,106.63,106.63
788,335,32,1,9.13,9.13
789,335,136,5,40.21,201.05
790,336,134,1,43.98,43.98
791,336,121,1,7.09,7.09
792,337,48,1,98.86,98.86
793,338,54,1,53.96,53.96
794,339,116,3,37.02,111.06
795,340,103,3,34.79,104.37
796,341,37,2,29.26,58.52
797,342,89,2,55.72,111.44
798,342,96,1,47.47,47.47
799,342,47,2,79.67,159.34
800,343,13,1,36.84,36.84
801,343,11,1,55.98,55.98
802,344,100,1,38.53,38.53
803,344,52,3,137.28,411.84
804,344,86,1,15.21,15.21
805,345,68,1,176.26,176.26
806,345,96,3,46.18,138.54
807,345,34,1,21.87,21.87
808,346,121,1,7.0,7.0
809,347,111,1,39.04,39.04
810,347,17,1,13.64,13.64
811,348,42,1,63.24,63.24
812,349,76,1,25.52,25.52
813,350,138,2,59.57,119.14
814,350,48,1,110.03,110.03
815,350,91,4,7.48,29.92
816,350,93,1,59.56,59.56
817,351,91,1,7.87,7.87
818,351,79,4,24.36,97.44
819,352,62,1,174.06,174.06
820,352,89,2,56.52,113.04
821,352,79,2,28.16,56.32
822,352,86,1,14.19,14.19
823,353,107,2,33.21,66.42
824,353,138,1,52.25,52.25
825,353,12,1,98.31,98.31
826,353,129,1,35.55,35.55
827,354,48,1,94.63,94.63
828,354,91,1,7.76,7.76
829,355,85,3,39.99,119.97
830,355,131,1,36.44,36.44
831,355,24,1,85.33,85.33
832,355,142,1,50.02,50.02
833,356,37,1,25.33,25.33
834,357,48,1,99.46,99.46
835,357,96,1,52.66,52.66
836,357,91,1,7.47,7.47
837,358,119,1,19.56,19.56
838,358,137,1,67.94,67.94
839,358,79,1,27.05,27.05
840,359,38,1,69.52,69.52
841,359,148,3,41.39,124.17
842,359,34,1,20.62,20.62
843,360,93,1,61.95,61.95
844,361,48,1,102.07,102.07
845,362,48,2,101.62,203.24
846,362,26,1,54.74,54.74
847,363,98,1,37.27,37.27
848,363,91,1,7.57,7.57
849,364,12,1,106.17,106.17
850,364,105,1,35.69,35.69
851,365,6,1,106.4,106.4
852,365,14,1,51.7,51.7
853,366,66,1,57.26,57.26
854,367,136,1,43.86,43.86
855,368,86,1,15.38,15.38
856,369,91,1,7.68,7.68
857,369,111,1,40.18,40.18
858,369,2,1,23.08,23.08
859,369,103,2,37.6,75.2
860,370,55,1,84.57,84.57
861,370,103,1,38.87,38.87
862,370,122,1,33.06,33.06
863,370,48,1,100.01,100.01
864,370,109,2,45.42,90.84
865,371,63,1,95.72,95.72
866,372,134,1,44.27,44.27
867,372,44,2,59.53,119.06
868,373,57,1,70.04,70.04
869,373,127,1,25.79,25.79
870,374,148,2,39.44,78.88
871,374,53,1,137.38,137.38
872,375,47,2,75.6,151.2
873,375,102,1,33.78,33.78
874,376,123,1,47.33,47.33
875,376,91,1,7.31,7.31
876,377,48,1,95.36,95.36
877,377,150,1,70.61,70.61
878,378,148,2,39.21,78.42
879,378,91,1,7.59,7.59
880,379,90,1,33.41,33.41
881,379,67,1,86.4,86.4
882,379,89,1,55.01,55.01
883,379,75,1,116.42,116.42
884,380,108,1,8.14,8.14
885,381,79,1,24.69,24.69
886,381,38,1,66.49,66.49
887,381,107,1,34.02,34.02
888,381,66,1,57.62,57.62
889,382,17,2,13.86,27.72
890,382,107,1,30.98,30.98
891,382,48,2,103.21,206.42
892,383,32,1,9.27,9.27
893,383,115,1,13.77,13.77
894,383,48,1,108.42,108.42
895,384,132,1,60.87,60.87
896,384,62,1,169.69,169.69
897,384,10,2,89.05,178.1
898,385,79,1,27.13,27.13
899,385,86,2,14.19,28.38
900,385,48,2,98.61,197.22
901,386,91,1,7.33,7.33
902,386,112,1,25.66,25.66
903,386,76,2,24.35,48.7
904,386,47,3,72.7,218.1
905,387,149,1,84.92,84.92
906,387,62,1,156.5,156.5
907,387,132,4,67.16,268.64
908,387,16,2,110.08,220.16
909,387,138,3,52.77,158.31
910,387,12,4,97.45,389.8
911,388,93,1,61.04,61.04
912,388,141,2,63.5,127.0
913,388,129,1,32.43,32.43
914,388,134,3,40.35,121.05
915,389,62,1,165.82,165.82
916,389,33,2,92.75,185.5
917,389,138,1,53.16,53.16
918,389,13,1,37.62,37.62
919,389,75,1,110.7,110.7
920,389,111,1,43.83,43.83
921,390,43,2,68.86,137.72
922,391,48,1,107.8,107.8
923,391,55,4,90.35,361.4
924,391,64,1,154.86,154.86
925,392,89,1,54.39,54.39
926,392,13,2,40.6,81.2
927,392,38,2,67.58,135.16
928,393,62,1,158.13,158.13
929,393,91,1,7.34,7.34
930,394,3,1,61.27,61.27
931,395,4,1,106.15,106.15
932,395,47,1,70.81,70.81
933,396,47,5,82.06,410.3
934,396,86,2,14.9,29.8
935,396,28,1,72.72,72.72
936,397,48,1,103.56,103.56
937,397,18,1,70.09,70.09
938,398,134,1,43.62,43.62
939,398,86,3,13.47,40.41
940,399,96,2,48.97,97.94
941,400,48,1,104.76,104.76
942,400,136,2,39.87,79.74
943,401,49,2,65.78,131.56
944,402,48,1,98.0,98.0
945,403,24,1,85.75,85.75
946,403,100,1,41.43,41.43
947,404,43,3,77.57,232.71
948,405,18,3,65.07,195.21
949,406,141,2,66.03,132.06
950,406,45,1,136.56,136.56
951,406,123,1,47.64,47.64
952,406,66,1,52.48,52.48
953,407,129,1,36.16,36.16
954,408,75,3,106.33,318.99
955,409,136,1,44.47,44.47
956,410,81,1,7.76,7.76
957,410,124,2,17.65,35.3
958,410,91,1,7.33,7.33
959,410,93,2,62.47,124.94
960,411,140,1,85.14,85.14
961,412,48,2,99.18,198.36
962,412,86,1,14.73,14.73
963,413,140,1,82.17,82.17
964,413,32,4,9.46,37.84
965,413,134,2,45.14,90.28
966,414,94,1,58.06,58.06
967,414,89,3,57.19,171.57
968,415,66,3,57.03,171.09
969,415,76,3,26.72,80.16
970,415,93,1,61.92,61.92
971,415,38,1,67.82,67.82
972,415,134,1,46.22,46.22
973,415,119,1,17.93,17.93
974,416,68,1,179.53,179.53
975,417,103,1,35.91,35.91
976,418,57,1,73.76,73.76
977,418,18,1,64.84,64.84
978,418,141,2,63.6,127.2
979,418,34,1,21.69,21.69
980,419,32,1,9.75,9.75
981,419,89,1,61.32,61.32
982,420,111,1,39.63,39.63
983,420,25,1,89.86,89.86
984,421,136,1,40.01,40.01
985,421,89,1,53.7,53.7
986,421,34,4,19.45,77.8
987,421,86,1,15.49,15.49
988,421,119,1,19.54,19.54
989,421,11,1,60.19,60.19
990,422,65,1,31.77,31.77
991,423,116,1,36.64,36.64
992,423,79,3,25.72,77.16
993,424,53,3,136.97,410.91
994,424,134,2,40.6,81.2
995,425,122,1,33.62,33.62
996,426,121,1,6.99,6.99
997,426,38,1,72.43,72.43
998,426,18,1,69.49,69.49
999,427,91,1,7.47,7.47
1000,427,10,1,99.33,99.33
1001,427,135,1,32.89,32.89
1002,427,48,2,96.1,192.2
1003,427,55,2,91.11,182.22
1004,428,13,1,37.05,37.05
1005,428,91,1,7.38,7.38
1006,428,79,1,25.96,25.96
1007,429,48,1,108.44,108.44
1008,429,79,2,24.47,48.94
1009,429,91,1,7.37,7.37
1010,430,140,2,91.81,183.62
1011,430,68,1,161.26,161.26
1012,431,13,1,40.97,40.97
1013,432,96,1,48.29,48.29
1014,432,109,1,45.21,45.21
1015,432,26,1,55.27,55.27
1016,432,91,1,7.28,7.28
1017,432,30,1,30.53,30.53
1018,433,102,1,37.23,37.23
1019,434,119,2,18.64,37.28
1020,434,62,2,172.1,344.2
1021,434,3,1,65.85,65.85
1022,435,96,1,50.12,50.12
1023,435,93,2,58.7,117.4
1024,436,91,1,7.04,7.04
1025,436,11,1,63.31,63.31
1026,437,144,1,16.63,16.63
1027,437,12,2,94.55,189.1
1028,437,103,1,36.55,36.55
1029,438,91,1,7.89,7.89
1030,438,48,3,109.8,329.4
1031,438,32,2,10.44,20.88
1032,438,18,2,73.29,146.58
1033,439,70,1,47.09,47.09
1034,439,48,2,95.92,191.84
1035,439,89,1,60.73,60.73
1036,439,91,1,7.27,7.27
1037,440,48,1,109.24,109.24
1038,440,65,3,32.73,98.19
1039,440,132,3,64.52,193.56
1040,440,109,1,47.75,47.75
1041,441,13,2,35.88,71.76
1042,442,48,1,107.62,107.62
1043,442,68,4,184.88,739.52
1044,443,147,1,90.05,90.05
1045,443,62,1,167.89,167.89
1046,443,80,2,16.98,33.96
1047,444,91,2,7.11,14.22
1048,445,134,1,42.7,42.7
1049,445,148,2,43.49,86.98
1050,445,65,3,33.69,101.07
1051,446,93,3,59.76,179.28
1052,446,1,1,78.15,78.15
1053,446,55,1,90.45,90.45
1054,447,17,1,12.96,12.96
1055,447,30,1,29.19,29.19
1056,447,91,3,7.5,22.5
1057,447,48,2,97.39,194.78
1058,448,91,1,7.58,7.58
1059,448,44,2,57.02,114.04
1060,448,93,3,62.06,186.18
1061,449,134,1,42.45,42.45
1062,449,2,3,23.74,71.22
1063,449,55,1,87.8,87.8
1064,449,12,1,104.56,104.56
1065,450,138,1,59.74,59.74
1066,451,84,5,18.3,91.5
1067,452,93,1,55.84,55.84
1068,452,48,1,109.1,109.1
1069,453,48,2,99.7,199.4
1070,453,122,1,36.71,36.71
1071,453,42,5,61.97,309.85
1072,453,38,1,66.49,66.49
1073,454,96,3,50.6,151.8
1074,454,134,1,44.43,44.43
1075,454,136,2,41.17,82.34
1076,455,41,1,134.07,134.07
1077,455,134,1,45.0,45.0
1078,456,111,1,41.33,41.33
1079,457,81,2,7.56,15.12
1080,458,79,3,26.88,80.64
1081,459,48,1,97.27,97.27
1082,460,91,2,7.32,14.64
1083,460,38,1,69.91,69.91
1084,460,86,1,15.18,15.18
1085,461,143,1,85.01,85.01
1086,461,66,3,56.13,168.39
1087,461,91,1,7.69,7.69
1088,461,129,1,31.93,31.93
1089,461,47,1,78.27,78.27
1090,462,104,1,38.86,38.86
1091,462,79,2,27.62,55.24
1092,462,134,1,40.76,40.76
1093,463,2,1,24.81,24.81
1094,463,48,1,95.17,95.17
1095,464,89,2,60.52,121.04
1096,465,134,1,41.52,41.52
1097,465,75,1,120.43,120.43
1098,465,107,1,33.19,33.19
1099,465,48,3,110.21,330.63
1100,465,13,3,39.36,118.08
1101,466,91,3,7.99,23.97
1102,466,121,2,7.59,15.18
1103,467,140,2,80.53,161.06
1104,467,76,1,25.93,25.93
1105,467,91,2,7.03,14.06
1106,467,121,1,8.01,8.01
1107,467,66,1,54.59,54.59
1108,468,66,2,56.3,112.6
1109,468,122,3,34.57,103.71
1110,468,62,1,177.02,177.02
1111,469,112,1,25.86,25.86
1112,469,48,1,110.11,110.11
1113,469,82,1,25.01,25.01
1114,470,119,1,18.46,18.46
1115,471,48,1,100.01,100.01
1116,471,62,1,152.41,152.41
1117,471,14,1,50.49,50.49
1118,471,21,1,68.82,68.82
1119,472,148,1,42.68,42.68
1120,473,93,1,56.05,56.05
1121,473,98,1,38.88,38.88
1122,473,91,1,7.94,7.94
1123,473,138,1,55.63,55.63
1124,474,91,1,7.62,7.62
1125,474,111,1,41.73,41.73
1126,475,134,1,45.53,45.53
1127,475,75,1,113.89,113.89
1128,476,53,1,140.2,140.2
1129,477,91,1,7.37,7.37
1130,477,57,1,78.27,78.27
1131,477,12,2,102.15,204.3
1132,477,107,3,32.21,96.63
1133,477,104,1,39.46,39.46
1134,478,13,2,40.4,80.8
1135,478,66,2,52.77,105.54
1136,478,91,1,7.58,7.58
1137,479,38,1,64.45,64.45
1138,480,26,1,50.37,50.37
1139,480,48,1,99.35,99.35
1140,480,44,1,57.53,57.53
1141,480,100,1,36.26,36.26
1142,481,134,1,46.55,46.55
1143,482,68,1,177.08,177.08
1144,482,107,1,32.25,32.25
1145,482,79,2,25.51,51.02
1146,482,86,4,13.65,54.6
1147,483,93,1,57.74,57.74
1148,483,133,3,73.15,219.45
1149,483,122,1,35.96,35.96
1150,483,52,1,131.49,131.49
1151,483,98,1,37.65,37.65
1152,484,79,4,27.11,108.44
1153,484,150,1,68.74,68.74
1154,485,66,1,55.51,55.51
1155,485,140,2,90.44,180.88
1156,485,77,1,46.67,46.67
1157,485,129,3,34.68,104.04
1158,486,72,2,173.68,347.36
1159,487,66,1,53.71,53.71
1160,487,89,1,53.27,53.27
1161,487,42,1,60.63,60.63
1162,487,79,1,24.79,24.79
1163,488,66,1,55.17,55.17
1164,488,63,2,97.48,194.96
1165,488,48,3,96.41,289.23
1166,488,79,2,24.28,48.56
1167,488,91,1,7.43,7.43
1168,489,90,2,29.96,59.92
1169,489,107,2,33.29,66.58
1170,490,48,2,102.32,204.64
1171,491,79,1,25.81,25.81
1172,491,147,1,79.69,79.69
1173,491,138,1,58.49,58.49
1174,492,134,1,43.23,43.23
1175,492,2,2,23.45,46.9
1176,492,116,5,39.2,196.0
1177,492,79,1,25.45,25.45
1178,493,91,1,7.49,7.49
1179,494,124,1,18.85,18.85
1180,494,48,1,109.12,109.12
1181,495,13,2,37.66,75.32
1182,495,131,5,34.58,172.9
1183,495,138,1,53.28,53.28
1184,496,137,2,67.26,134.52
1185,496,119,3,18.42,55.26
1186,497,91,1,7.07,7.07
1187,498,91,3,6.94,20.82
1188,498,138,1,54.38,54.38
1189,498,89,2,55.39,110.78
1190,498,13,1,39.45,39.45
1191,498,9,1,24.08,24.08
1192,499,98,3,37.59,112.77
1193,499,53,2,151.08,302.16
1194,499,107,2,30.95,61.9
1195,500,7,1,26.6,26.6
1196,500,148,1,40.71,40.71
1197,500,48,1,98.83,98.83
1198,500,66,1,53.1,53.1
1199,500,134,1,44.66,44.66
1200,500,38,3,68.74,206.22
1201,501,93,3,58.1,174.3
1202,502,150,2,71.84,143.68
1203,502,91,1,7.22,7.22
1204,503,68,3,183.36,550.08
1205,503,63,1,93.99,93.99
1206,503,3,1,61.19,61.19
1207,504,91,1,7.23,7.23
1208,504,75,1,121.6,121.6
1209,505,48,1,99.57,99.57
1210,506,70,1,43.09,43.09
1211,506,48,1,107.87,107.87
1212,507,93,2,56.07,112.14
1213,508,93,1,55.77,55.77
1214,508,100,1,36.41,36.41
1215,508,134,1,45.79,45.79
1216,509,66,1,53.81,53.81
1217,509,48,2,110.07,220.14
1218,510,15,3,111.12,333.36
1219,510,108,1,7.72,7.72
1220,511,1,2,84.02,168.04
1221,511,91,2,7.63,15.26
1222,511,100,1,41.43,41.43
1223,512,104,1,39.82,39.82
1224,512,52,4,142.54,570.16
1225,512,136,1,40.82,40.82
1226,513,148,1,43.94,43.94
1227,513,17,1,14.5,14.5
1228,513,68,3,182.63,547.89
1229,513,84,1,17.97,17.97
1230,513,38,1,72.48,72.48
1231,514,15,1,111.48,111.48
1232,514,48,1,105.51,105.51
1233,515,134,1,46.04,46.04
1234,516,93,1,56.03,56.03
1235,516,75,1,113.22,113.22
1236,517,48,1,97.45,97.45
1237,517,77,1,48.11,48.11
1238,517,70,1,46.24,46.24
1239,518,134,3,44.31,132.93
1240,519,91,1,7.34,7.34
1241,520,32,1,10.09,10.09
1242,521,62,1,160.58,160.58
1243,521,22,1,102.58,102.58
1244,521,1,1,88.49,88.49
1245,521,64,2,157.27,314.54
1246,522,37,1,27.16,27.16
1247,522,86,1,14.01,14.01
1248,522,14,1,55.34,55.34
1249,523,79,1,27.51,27.51
1250,523,112,2,28.87,57.74
1251,524,57,1,70.07,70.07
1252,524,97,1,37.61,37.61
1253,525,91,1,7.64,7.64
1254,526,18,1,64.93,64.93
1255,526,48,1,109.59,109.59
1256,527,122,1,37.85,37.85
1257,527,148,2,43.91,87.82
1258,527,84,2,18.76,37.52
1259,528,110,2,39.72,79.44
1260,528,86,1,14.74,14.74
1261,528,75,1,109.83,109.83
1262,528,121,1,7.99,7.99
1263,529,84,1,16.96,16.96
1264,529,122,4,36.63,146.52
1265,530,121,2,7.94,15.88
1266,531,67,2,86.28,172.56
1267,532,25,1,89.27,89.27
1268,533,111,1,40.2,40.2
1269,534,68,1,174.72,174.72
1270,534,96,5,47.74,238.7
1271,534,1,2,79.02,158.04
1272,535,14,3,51.59,154.77
1273,536,104,1,37.21,37.21
1274,537,141,1,72.09,72.09
1275,538,2,3,23.98,71.94
1276,539,79,1,26.75,26.75
1277,539,48,1,108.9,108.9
1278,540,38,3,66.59,199.77
1279,540,48,1,109.48,109.48
1280,541,93,3,54.75,164.25
1281,541,48,1,95.59,95.59
1282,541,66,1,53.05,53.05
1283,542,137,4,64.96,259.84
1284,542,93,1,56.75,56.75
1285,542,17,5,13.18,65.9
1286,542,52,1,138.13,138.13
1287,543,91,1,7.33,7.33
1288,543,17,1,14.37,14.37
1289,544,109,1,49.88,49.88
1290,544,111,2,40.21,80.42
1291,544,81,2,7.77,15.54
1292,544,17,1,14.0,14.0
1293,544,93,1,62.27,62.27
1294,544,26,1,57.59,57.59
1295,545,102,1,33.85,33.85
1296,545,121,1,7.94,7.94
1297,545,70,3,47.99,143.97
1298,545,136,1,42.55,42.55
1299,545,107,1,32.49,32.49
1300,546,96,1,50.71,50.71
1301,546,90,1,30.56,30.56
1302,547,48,3,94.7,284.1
1303,547,107,4,29.39,117.56
1304,547,34,1,21.62,21.62
1305,547,91,2,7.02,14.04
1306,548,93,2,60.19,120.38
1307,548,18,1,72.66,72.66
1308,548,129,3,32.84,98.52
1309,548,76,3,25.5,76.5
1310,548,48,1,109.87,109.87
1311,549,48,1,108.53,108.53
1312,549,91,2,7.79,15.58
1313,549,83,1,42.25,42.25
1314,550,53,1,132.3,132.3
1315,550,2,1,23.52,23.52
1316,550,148,1,42.33,42.33
1317,550,129,2,34.57,69.14
1318,551,121,3,7.16,21.48
1319,551,103,4,35.76,143.04
1320,551,140,5,88.31,441.55
1321,552,48,3,101.36,304.08
1322,552,25,1,97.06,97.06
1323,552,24,1,87.07,87.07
1324,553,42,2,57.52,115.04
1325,553,127,1,28.28,28.28
1326,554,66,2,59.17,118.34
1327,555,48,1,103.92,103.92
1328,555,79,2,27.69,55.38
1329,555,107,1,30.85,30.85
1330,556,96,1,45.77,45.77
1331,556,104,2,41.2,82.4
1332,557,91,1,7.98,7.98
1333,557,147,1,83.43,83.43
1334,557,66,1,54.89,54.89
1335,557,81,1,7.08,7.08
1336,558,30,1,30.44,30.44
1337,558,84,2,19.25,38.5
1338,558,38,1,67.36,67.36
1339,558,114,5,15.06,75.3
1340,558,86,2,14.71,29.42
1341,559,119,2,17.47,34.94
1342,559,17,1,13.26,13.26
1343,559,96,3,51.61,154.83
1344,560,119,1,19.39,19.39
1345,560,68,1,160.87,160.87
1346,560,133,1,75.7,75.7
1347,561,79,5,28.04,140.2
1348,561,34,1,19.21,19.21
1349,561,150,2,74.0,148.0
1350,561,48,1,98.31,98.31
1351,562,84,1,16.79,16.79
1352,562,38,1,65.9,65.9
1353,562,139,1,61.4,61.4
1354,562,138,5,54.83,274.15
1355,563,13,1,38.61,38.61
1356,563,57,2,74.86,149.72
1357,563,18,1,66.05,66.05
1358,564,55,1,88.81,88.81
1359,564,13,1,39.89,39.89
1360,564,32,3,9.48,28.44
1361,565,79,1,26.95,26.95
1362,565,148,1,41.03,41.03
1363,566,32,1,9.21,9.21
1364,567,95,2,47.35,94.7
1365,568,24,2,80.74,161.48
1366,569,133,1,78.53,78.53
1367,569,31,2,75.96,151.92
1368,569,134,2,40.45,80.9
1369,569,91,1,7.97,7.97
1370,569,122,1,35.36,35.36
1371,570,17,1,13.55,13.55
1372,570,37,3,27.38,82.14
1373,571,66,1,55.89,55.89
1374,571,132,2,64.65,129.3
1375,571,93,3,55.63,166.89
1376,572,48,3,104.11,312.33
1377,572,13,1,40.99,40.99
1378,572,79,1,28.0,28.0
1379,572,18,3,66.25,198.75
1380,572,93,1,57.52,57.52
1381,572,134,3,45.48,136.44
1382,573,32,1,10.08,10.08
1383,573,18,3,72.36,217.08
1384,573,140,1,85.49,85.49
1385,574,53,2,153.99,307.98
1386,574,91,4,7.31,29.24
1387,574,3,1,58.67,58.67
1388,575,70,2,42.25,84.5
1389,576,86,1,14.53,14.53
1390,576,43,1,75.51,75.51
1391,577,48,1,97.46,97.46
1392,577,45,2,122.12,244.24
1393,578,24,1,81.53,81.53
1394,579,18,3,72.8,218.4
1395,580,48,1,104.81,104.81
1396,580,93,1,57.29,57.29
1397,580,53,1,149.14,149.14
1398,581,96,4,50.91,203.64
1399,581,57,1,78.85,78.85
1400,581,112,1,28.41,28.41
1401,582,111,1,38.56,38.56
1402,582,93,1,59.99,59.99
1403,582,17,1,12.59,12.59
1404,583,13,2,39.89,79.78
1405,583,112,1,24.92,24.92
1406,584,23,1,124.24,124.24
1407,584,93,1,55.54,55.54
1408,584,119,1,17.9,17.9
1409,584,67,2,87.96,175.92
1410,584,84,1,16.8,16.8
1411,585,25,1,95.68,95.68
1412,586,24,1,84.36,84.36
1413,587,136,1,41.63,41.63
1414,587,66,2,57.69,115.38
1415,587,18,1,72.03,72.03
1416,588,134,1,42.77,42.77
1417,588,48,3,98.76,296.28
1418,588,25,1,95.05,95.05
1419,588,17,1,13.14,13.14
1420,589,104,2,39.9,79.8
1421,589,140,1,89.73,89.73
1422,589,126,3,21.01,63.03
1423,590,80,4,15.57,62.28
1424,591,121,3,7.12,21.36
1425,591,116,1,37.37,37.37
1426,591,86,1,14.15,14.15
1427,592,103,1,38.65,38.65
1428,593,25,1,86.86,86.86
1429,594,45,1,127.27,127.27
1430,595,13,1,37.21,37.21
1431,595,134,1,45.05,45.05
1432,596,62,1,154.37,154.37
1433,596,96,1,53.11,53.11
1434,597,66,2,52.92,105.84
1435,597,26,1,53.84,53.84
1436,598,148,1,39.13,39.13
1437,598,24,2,82.28,164.56
1438,599,51,1,58.9,58.9
1439,599,86,1,15.12,15.12
1440,599,75,1,121.36,121.36
1441,600,18,1,65.13,65.13
1442,601,41,1,128.01,128.01
1443,601,131,2,34.61,69.22
1444,602,76,1,27.58,27.58
1445,602,25,3,96.52,289.56
1446,602,121,1,7.84,7.84
1447,602,70,1,47.97,47.97
1448,603,72,2,187.19,374.38
1449,603,134,1,40.92,40.92
1450,604,79,2,24.74,49.48
1451,604,134,4,41.12,164.48
1452,604,104,1,38.94,38.94
1453,604,133,2,78.31,156.62
1454,604,91,1,7.76,7.76
1455,605,91,1,7.03,7.03
1456,605,62,1,164.9,164.9
1457,605,129,1,34.52,34.52
1458,605,136,2,42.15,84.3
1459,606,62,1,173.45,173.45
1460,607,91,1,7.51,7.51
1461,607,48,1,104.4,104.4
1462,608,76,2,26.2,52.4
1463,609,48,1,103.01,103.01
1464,609,13,2,40.08,80.16
1465,609,55,2,89.18,178.36
1466,610,66,1,57.16,57.16
1467,611,79,3,27.54,82.62
1468,611,13,1,35.5,35.5
1469,611,138,4,57.49,229.96
1470,611,48,1,102.95,102.95
1471,612,47,1,71.46,71.46
1472,612,17,1,12.91,12.91
1473,612,48,1,109.32,109.32
1474,613,66,1,59.49,59.49
1475,613,86,1,14.33,14.33
1476,614,104,1,41.47,41.47
1477,614,51,1,60.11,60.11
1478,614,138,1,53.02,53.02
1479,614,127,1,26.51,26.51
1480,614,140,1,80.14,80.14
1481,615,105,1,34.08,34.08
1482,615,79,1,25.55,25.55
1483,615,107,1,32.18,32.18
1484,615,91,1,7.75,7.75
1485,615,34,1,21.1,21.1
1486,616,132,2,65.95,131.9
1487,616,107,1,32.38,32.38
1488,616,38,1,66.21,66.21
1489,616,104,1,38.36,38.36
1490,616,91,1,7.77,7.77
1491,617,144,2,17.97,35.94
1492,617,107,1,32.83,32.83
1493,617,148,2,42.08,84.16
1494,618,133,1,73.37,73.37
1495,618,47,5,79.89,399.45
1496,618,86,1,14.13,14.13
1497,619,1,3,86.95,260.85
1498,619,72,1,184.82,184.82
1499,619,52,3,135.05,405.15
1500,620,111,1,41.56,41.56
1501,621,79,1,27.03,27.03
1502,622,91,2,6.91,13.82
1503,623,25,1,88.74,88.74
1504,623,96,1,46.21,46.21
1505,623,68,3,176.06,528.18
1506,624,126,1,22.55,22.55
1507,624,132,1,59.2,59.2
1508,624,91,1,8.03,8.03
1509,624,15,5,107.59,537.95
1510,624,136,3,40.02,120.06
1511,624,20,1,68.58,68.58
1512,625,60,1,33.09,33.09
1513,626,48,3,97.9,293.7
1514,627,48,2,103.8,207.6
1515,628,1,1,81.12,81.12
1516,628,75,1,120.85,120.85
1517,629,111,1,40.29,40.29
1518,630,136,1,43.56,43.56
1519,631,75,1,106.21,106.21
1520,632,112,2,27.65,55.3
1521,632,48,1,107.85,107.85
1522,632,91,1,7.09,7.09
1523,632,55,2,85.32,170.64
1524,633,49,2,64.89,129.78
1525,634,48,2,100.93,201.86
1526,634,54,2,55.23,110.46
1527,635,66,1,59.26,59.26
1528,635,98,3,38.2,114.6
1529,636,91,1,7.25,7.25
1530,636,12,1,96.45,96.45
1531,636,79,1,27.35,27.35
1532,636,47,1,80.43,80.43
1533,636,49,3,70.93,212.79
1534,636,77,1,50.81,50.81
1535,637,91,1,7.65,7.65
1536,638,86,1,14.35,14.35
1537,638,91,1,7.37,7.37
1538,638,43,1,71.69,71.69
1539,639,86,1,15.21,15.21
1540,639,9,1,23.92,23.92
1541,639,13,3,35.19,105.57
1542,640,136,1,43.74,43.74
1543,641,29,1,35.2,35.2
1544,641,13,1,39.21,39.21
1545,642,55,1,89.1,89.1
1546,642,93,1,57.69,57.69
1547,643,107,1,33.59,33.59
1548,643,91,5,7.55,37.75
1549,644,112,1,26.95,26.95
1550,644,26,5,58.45,292.25
1551,645,75,2,119.04,238.08
1552,645,84,1,17.72,17.72
1553,645,48,1,96.51,96.51
1554,645,122,1,33.26,33.26
1555,646,108,1,8.09,8.09
1556,646,91,1,7.01,7.01
1557,646,38,1,70.04,70.04
1558,646,49,3,70.95,212.85
1559,646,26,1,51.04,51.04
1560,647,18,1,66.67,66.67
1561,647,53,2,135.81,271.62
1562,647,48,2,108.07,216.14
1563,648,18,2,66.25,132.5
1564,648,89,2,58.85,117.7
1565,649,121,3,8.1,24.3
1566,649,38,1,64.7,64.7
1567,649,67,1,83.72,83.72
1568,649,17,1,14.34,14.34
1569,649,13,2,40.41,80.82
1570,649,100,1,39.42,39.42
1571,650,48,2,106.77,213.54
1572,650,121,1,7.81,7.81
1573,650,2,1,23.97,23.97
1574,651,101,1,47.47,47.47
1575,651,148,1,43.39,43.39
1576,651,37,1,28.55,28.55
1577,652,124,1,17.44,17.44
1578,652,132,1,66.83,66.83
1579,652,45,1,139.43,139.43
1580,652,66,3,52.51,157.53
1581,653,48,1,95.52,95.52
1582,654,13,3,40.81,122.43
1583,654,32,3,9.26,27.78
1584,654,61,1,38.72,38.72
1585,654,86,1,14.56,14.56
1586,655,52,4,138.62,554.48
1587,655,17,1,14.51,14.51
1588,656,121,4,7.85,31.4
1589,656,91,1,7.61,7.61
1590,656,59,1,75.44,75.44
1591,656,66,1,57.82,57.82
1592,656,68,1,163.26,163.26
1593,657,49,5,71.48,357.4
1594,657,104,1,40.19,40.19
1595,657,32,1,10.09,10.09
1596,658,49,4,64.31,257.24
1597,659,13,1,36.98,36.98
1598,659,93,1,55.43,55.43
1599,660,136,4,43.73,174.92
1600,660,132,1,65.46,65.46
1601,660,18,1,72.49,72.49
1602,660,47,4,82.03,328.12
1603,660,91,1,7.53,7.53
1604,661,38,1,66.03,66.03
1605,661,84,1,16.78,16.78
1606,662,119,2,19.15,38.3
1607,662,110,3,39.02,117.06
1608,662,3,1,65.05,65.05
1609,662,91,3,7.42,22.26
1610,662,37,1,27.3,27.3
1611,663,121,1,7.78,7.78
1612,663,101,1,42.02,42.02
1613,664,14,1,53.85,53.85
1614,664,121,1,8.1,8.1
1615,665,124,1,17.2,17.2
1616,665,62,1,168.92,168.92
1617,665,26,1,56.64,56.64
1618,665,90,1,31.33,31.33
1619,665,66,1,60.18,60.18
1620,666,81,1,6.83,6.83
1621,667,91,1,7.56,7.56
1622,667,81,1,7.1,7.1
1623,668,129,1,33.48,33.48
1624,669,91,2,7.76,15.52
1625,669,116,1,40.95,40.95
1626,670,1,1,78.43,78.43
1627,670,93,4,58.61,234.44
1628,671,62,4,170.22,680.88
1629,671,42,1,62.59,62.59
1630,672,91,4,7.74,30.96
1631,672,18,1,64.62,64.62
1632,672,96,1,50.84,50.84
1633,672,86,1,14.77,14.77
1634,673,32,1,10.06,10.06
1635,673,98,4,38.51,154.04
1636,673,13,1,35.58,35.58
1637,673,1,1,76.86,76.86
1638,674,48,1,103.07,103.07
1639,674,52,1,143.35,143.35
1640,674,111,1,38.79,38.79
1641,674,49,1,64.97,64.97
1642,675,38,1,70.68,70.68
1643,675,134,4,46.17,184.68
1644,676,148,1,43.47,43.47
1645,676,91,1,7.07,7.07
1646,677,91,1,7.74,7.74
1647,677,134,1,40.38,40.38
1648,677,121,1,7.14,7.14
1649,677,48,1,95.9,95.9
1650,678,84,1,17.3,17.3
1651,679,96,2,48.49,96.98
1652,679,48,1,104.12,104.12
1653,679,134,2,43.48,86.96
1654,679,90,2,31.83,63.66
1655,679,66,2,56.82,113.64
1656,680,134,2,46.33,92.66
1657,681,93,1,61.74,61.74
1658,681,129,1,31.94,31.94
1659,682,89,1,52.89,52.89
1660,683,68,1,161.87,161.87
1661,683,124,1,17.96,17.96
1662,683,48,1,101.76,101.76
1663,684,18,1,68.04,68.04
1664,684,81,1,7.69,7.69
1665,684,38,3,68.72,206.16
1666,684,42,1,64.35,64.35
1667,685,119,1,19.52,19.52
1668,685,2,2,23.72,47.44
1669,685,109,2,50.51,101.02
1670,685,127,3,28.57,85.71
1671,686,9,3,23.3,69.9
1672,686,2,1,23.58,23.58
1673,687,90,2,31.01,62.02
1674,688,93,3,57.19,171.57
1675,688,81,1,7.43,7.43
1676,688,48,3,102.55,307.65
1677,689,70,1,42.28,42.28
1678,689,45,1,124.73,124.73
1679,689,23,3,125.3,375.9
1680,690,68,1,176.0,176.0
1681,690,53,1,139.58,139.58
1682,691,86,2,14.01,28.02
1683,691,102,2,36.17,72.34
1684,691,138,2,59.46,118.92
1685,692,48,1,95.36,95.36
1686,693,108,1,7.21,7.21
1687,693,52,2,134.52,269.04
1688,693,73,1,93.59,93.59
1689,694,17,2,13.13,26.26
1690,694,113,1,32.8,32.8
1691,694,91,1,7.56,7.56
1692,695,89,1,53.47,53.47
1693,695,13,1,40.45,40.45
1694,696,113,3,30.84,92.52
1695,696,48,1,105.54,105.54
1696,697,51,1,61.01,61.01
1697,697,13,3,36.15,108.45
1698,698,10,1,99.51,99.51
1699,698,48,1,106.86,106.86
1700,699,110,1,39.55,39.55
1701,700,48,1,96.08,96.08
1702,700,45,1,122.26,122.26
1703,700,13,1,40.63,40.63
1704,701,48,1,108.94,108.94
1705,701,102,2,37.92,75.84
1706,701,93,1,59.54,59.54
1707,701,34,1,21.25,21.25
1708,702,9,1,25.36,25.36
1709,702,91,4,7.79,31.16
1710,702,13,1,37.36,37.36
1711,703,91,2,7.91,15.82
1712,704,17,1,13.48,13.48
1713,704,24,1,84.92,84.92
1714,704,136,1,42.4,42.4
1715,704,124,1,17.51,17.51
1716,705,48,1,109.13,109.13
1717,705,86,2,13.7,27.4
1718,705,68,4,165.56,662.24
1719,705,15,1,98.33,98.33
1720,705,66,2,56.69,113.38
1721,705,38,1,62.86,62.86
1722,706,91,1,7.67,7.67
1723,706,121,2,7.68,15.36
1724,707,25,2,86.67,173.34
1725,707,91,1,7.35,7.35
1726,708,48,1,101.15,101.15
1727,709,86,1,13.38,13.38
1728,709,17,1,13.63,13.63
1729,710,112,1,27.66,27.66
1730,710,11,1,62.13,62.13
1731,710,83,1,46.12,46.12
1732,711,136,4,44.43,177.72
1733,711,90,1,33.05,33.05
1734,711,134,1,43.05,43.05
1735,711,30,1,26.82,26.82
1736,711,13,1,39.4,39.4
1737,711,82,1,24.13,24.13
1738,712,109,3,44.63,133.89
1739,712,140,1,81.8,81.8
1740,713,91,3,7.79,23.37
1741,713,30,1,29.19,29.19
1742,714,89,1,58.91,58.91
1743,714,129,1,34.07,34.07
1744,715,1,1,84.78,84.78
1745,715,18,5,65.87,329.35
1746,715,17,1,13.45,13.45
1747,716,5,1,80.29,80.29
1748,717,17,2,13.62,27.24
1749,717,26,1,52.55,52.55
1750,717,79,3,26.32,78.96
1751,717,57,2,74.27,148.54
1752,718,32,1,9.38,9.38
1753,718,107,1,32.35,32.35
1754,718,115,1,13.81,13.81
1755,719,79,1,26.27,26.27
1756,719,89,2,60.01,120.02
1757,719,1,2,83.04,166.08
1758,720,67,1,89.08,89.08
1759,721,26,1,50.28,50.28
1760,722,91,1,6.9,6.9
1761,722,116,2,37.27,74.54
1762,723,38,3,68.94,206.82
1763,723,89,2,54.88,109.76
1764,723,18,3,69.77,209.31
1765,723,63,1,84.38,84.38
1766,724,13,3,37.26,111.78
1767,725,66,1,53.83,53.83
1768,726,18,1,67.38,67.38
1769,727,70,1,46.26,46.26
1770,727,79,1,26.39,26.39
1771,727,137,2,67.89,135.78
1772,727,53,1,144.58,144.58
1773,727,101,3,46.18,138.54
1774,728,141,1,71.96,71.96
1775,729,150,1,72.56,72.56
1776,730,93,1,56.79,56.79
1777,730,112,1,27.46,27.46
1778,730,75,1,109.93,109.93
1779,731,104,1,41.29,41.29
1780,731,127,3,24.8,74.4
1781,732,90,1,32.23,32.23
1782,732,86,1,13.54,13.54
1783,733,107,1,33.28,33.28
1784,734,66,1,53.4,53.4
1785,734,131,5,36.93,184.65
1786,735,32,3,10.01,30.03
1787,736,134,1,46.5,46.5
1788,737,81,1,7.21,7.21
1789,738,48,1,99.01,99.01
1790,739,12,4,103.65,414.6
1791,739,79,2,26.41,52.82
1792,739,91,2,7.44,14.88
1793,739,109,1,46.95,46.95
1794,739,115,1,13.13,13.13
1795,740,48,3,100.94,302.82
1796,740,79,1,25.66,25.66
1797,741,138,4,54.6,218.4
1798,741,134,1,41.79,41.79
1799,741,48,4,101.1,404.4
1800,741,62,3,155.03,465.09
1801,742,17,1,13.98,13.98
1802,742,38,4,63.14,252.56
1803,742,91,1,7.63,7.63
1804,743,119,1,19.0,19.0
1805,743,73,2,89.54,179.08
1806,743,107,1,31.3,31.3
1807,743,41,1,135.63,135.63
1808,744,1,1,86.17,86.17
1809,744,119,3,18.18,54.54
1810,745,91,2,7.7,15.4
1811,745,52,2,140.31,280.62
1812,746,107,2,33.35,66.7
1813,747,79,3,26.41,79.23
1814,747,17,1,12.84,12.84
1815,748,13,1,38.64,38.64
1816,748,137,1,72.02,72.02
1817,748,129,2,36.88,73.76
1818,749,23,2,112.8,225.6
1819,749,89,1,59.96,59.96
1820,750,38,1,66.26,66.26
1821,750,132,3,64.29,192.87
1822,750,25,1,86.22,86.22
1823,751,91,1,7.73,7.73
1824,751,149,1,89.79,89.79
1825,751,111,1,39.72,39.72
1826,752,15,1,103.36,103.36
1827,752,52,1,141.78,141.78
1828,753,138,1,57.47,57.47
1829,753,26,1,53.07,53.07
1830,754,83,1,41.95,41.95
1831,754,49,1,72.51,72.51
1832,754,112,1,26.92,26.92
1833,754,13,1,37.41,37.41
1834,754,86,1,14.33,14.33
1835,755,136,3,46.21,138.63
1836,755,48,1,101.73,101.73
1837,755,5,1,75.58,75.58
1838,756,150,1,68.95,68.95
1839,757,52,1,142.42,142.42
1840,757,75,1,107.59,107.59
1841,757,146,4,35.52,142.08
1842,758,67,2,93.59,187.18
1843,758,64,1,170.87,170.87
1844,758,91,1,7.72,7.72
1845,759,70,1,44.49,44.49
1846,760,47,1,75.19,75.19
1847,760,93,3,62.43,187.29
1848,760,79,1,24.48,24.48
1849,761,116,2,37.24,74.48
1850,762,121,2,7.31,14.62
1851,762,66,2,55.79,111.58
1852,763,91,1,7.2,7.2
1853,763,68,5,183.93,919.65
1854,764,10,3,102.39,307.17
1855,764,32,1,10.21,10.21
1856,765,48,1,97.52,97.52
1857,765,66,1,59.55,59.55
1858,765,93,1,58.27,58.27
1859,766,149,1,89.04,89.04
1860,766,34,1,21.42,21.42
1861,766,25,1,90.93,90.93
1862,767,66,1,56.51,56.51
1863,768,138,1,56.86,56.86
1864,768,48,1,98.84,98.84
1865,768,107,1,30.49,30.49
1866,768,134,1,41.22,41.22
1867,769,100,1,36.43,36.43
1868,770,150,1,66.69,66.69
1869,770,48,1,103.6,103.6
1870,771,91,2,7.46,14.92
1871,771,65,1,30.65,30.65
1872,771,62,1,172.28,172.28
1873,771,5,1,79.24,79.24
1874,771,1,1,77.24,77.24
1875,772,37,3,27.89,83.67
1876,772,48,1,104.69,104.69
1877,772,121,2,7.43,14.86
1878,772,38,1,72.9,72.9
1879,772,62,4,165.32,661.28
1880,773,96,1,50.76,50.76
1881,774,102,4,34.42,137.68
1882,774,57,1,78.67,78.67
1883,775,73,1,92.7,92.7
1884,775,138,1,57.59,57.59
1885,776,70,1,49.06,49.06
1886,776,121,2,7.81,15.62
1887,777,66,1,52.17,52.17
1888,777,13,4,37.06,148.24
1889,778,90,3,34.29,102.87
1890,778,89,1,60.5,60.5
1891,778,48,1,96.13,96.13
1892,779,124,1,16.96,16.96
1893,779,48,5,106.63,533.15
1894,780,148,1,38.23,38.23
1895,780,17,1,13.04,13.04
1896,781,138,1,54.61,54.61
1897,782,93,2,57.01,114.02
1898,782,148,1,40.58,40.58
1899,782,84,1,17.78,17.78
1900,783,64,1,167.31,167.31
1901,783,140,1,83.75,83.75
1902,783,148,5,38.12,190.6
1903,784,29,1,35.98,35.98
1904,784,104,1,41.24,41.24
1905,785,112,1,27.51,27.51
1906,785,91,1,7.64,7.64
1907,785,26,2,52.88,105.76
1908,785,138,4,58.53,234.12
1909,785,48,1,109.02,109.02
1910,785,76,3,26.77,80.31
1911,786,79,3,26.72,80.16
1912,787,140,1,90.83,90.83
1913,787,2,1,23.08,23.08
1914,788,96,1,51.72,51.72
1915,788,91,1,6.98,6.98
1916,788,48,1,100.98,100.98
1917,788,81,3,7.18,21.54
1918,788,93,1,55.35,55.35
1919,789,34,2,21.39,42.78
1920,789,13,3,40.11,120.33
1921,790,105,1,32.66,32.66
1922,790,89,1,53.62,53.62
1923,791,141,2,66.35,132.7
1924,792,14,1,53.96,53.96
1925,793,13,1,36.77,36.77
1926,793,66,1,59.01,59.01
1927,793,147,2,83.7,167.4
1928,793,22,1,105.1,105.1
1929,794,26,3,57.0,171.0
1930,795,91,1,7.22,7.22
1931,795,48,1,94.81,94.81
1932,795,138,1,53.43,53.43
1933,796,9,1,22.44,22.44
1934,797,25,1,89.84,89.84
1935,798,48,4,102.66,410.64
1936,798,26,2,55.97,111.94
1937,799,86,1,14.11,14.11
1938,800,119,1,17.69,17.69
1939,800,55,1,87.84,87.84
1940,800,2,1,25.28,25.28
1941,801,79,2,25.83,51.66
1942,801,1,1,87.38,87.38
1943,801,17,1,13.39,13.39
1944,802,2,3,22.99,68.97
1945,802,103,5,38.32,191.6
1946,802,139,1,60.63,60.63
1947,802,13,1,36.68,36.68
1948,802,131,1,35.74,35.74
1949,802,66,1,59.0,59.0
1950,803,63,1,93.82,93.82
1951,803,119,1,17.68,17.68
1952,804,16,1,110.86,110.86
1953,804,31,4,74.39,297.56
1954,804,91,1,7.33,7.33
1955,805,1,1,84.02,84.02
1956,805,86,2,14.18,28.36
1957,805,13,1,38.08,38.08
1958,806,2,1,22.16,22.16
1959,806,67,1,93.49,93.49
1960,806,48,2,106.87,213.74
1961,807,134,1,43.89,43.89
1962,807,26,3,52.74,158.22
1963,808,147,1,80.32,80.32
1964,809,79,1,26.47,26.47
1965,809,122,1,35.89,35.89
1966,810,17,1,14.0,14.0
1967,810,138,3,53.35,160.05
1968,811,66,1,58.32,58.32
1969,812,148,3,38.26,114.78
1970,812,129,1,32.54,32.54
1971,813,1,1,83.69,83.69
1972,813,121,1,7.2,7.2
1973,813,84,1,17.96,17.96
1974,814,48,1,103.37,103.37
1975,814,120,1,43.9,43.9
1976,814,121,2,8.12,16.24
1977,815,136,1,42.91,42.91
1978,815,91,1,6.99,6.99
1979,816,86,2,13.76,27.52
1980,816,79,1,25.93,25.93
1981,817,136,2,40.33,80.66
1982,818,84,1,19.1,19.1
1983,818,81,3,6.83,20.49
1984,818,149,1,83.0,83.0
1985,819,121,2,7.8,15.6
1986,819,115,1,12.78,12.78
1987,819,67,1,90.15,90.15
1988,820,43,2,79.17,158.34
1989,820,48,4,102.73,410.92
1990,821,8,1,64.03,64.03
1991,821,129,1,32.91,32.91
1992,821,76,1,24.81,24.81
1993,821,112,1,26.15,26.15
1994,822,121,1,7.09,7.09
1995,822,148,1,38.77,38.77
1996,823,79,4,26.21,104.84
1997,823,91,4,6.93,27.72
1998,823,28,1,72.69,72.69
1999,823,108,2,7.34,14.68
2000,824,79,2,24.59,49.18
2001,824,98,2,36.83,73.66
2002,825,79,1,26.16,26.16
2003,825,68,1,160.99,160.99
2004,826,6,1,113.1,113.1
2005,826,86,5,13.35,66.75
2006,827,93,1,55.9,55.9
2007,827,32,1,10.46,10.46
2008,828,59,1,69.59,69.59
2009,829,48,1,106.25,106.25
2010,830,91,5,7.42,37.1
2011,830,121,3,7.54,22.62
2012,831,89,1,60.44,60.44
2013,831,134,5,41.53,207.65
2014,831,67,1,82.11,82.11
2015,831,96,1,52.74,52.74
2016,832,62,1,159.72,159.72
2017,832,93,1,58.87,58.87
2018,833,26,1,57.37,57.37
2019,834,122,1,33.0,33.0
2020,835,66,1,58.53,58.53
2021,835,123,1,43.3,43.3
2022,835,136,1,44.22,44.22
2023,836,73,2,94.53,189.06
2024,837,32,2,9.47,18.94
2025,837,90,2,33.29,66.58
2026,837,136,3,43.09,129.27
2027,837,13,2,35.43,70.86
2028,838,66,1,60.12,60.12
2029,838,83,1,42.55,42.55
2030,839,67,1,89.56,89.56
2031,839,89,2,60.55,121.1
2032,839,15,1,101.53,101.53
2033,839,48,1,95.86,95.86
2034,839,12,2,99.47,198.94
2035,840,19,4,83.76,335.04
2036,840,25,1,87.35,87.35
2037,840,53,1,141.98,141.98
2038,840,41,2,132.64,265.28
2039,840,96,1,50.16,50.16
2040,841,62,1,161.48,161.48
2041,841,1,1,86.48,86.48
2042,841,43,1,70.79,70.79
2043,841,11,2,61.43,122.86
2044,842,148,1,42.73,42.73
2045,843,104,3,39.46,118.38
2046,843,93,4,55.59,222.36
2047,843,135,2,35.6,71.2
2048,843,48,1,109.7,109.7
2049,843,91,1,7.99,7.99
2050,844,13,1,37.88,37.88
2051,844,80,4,16.33,65.32
2052,844,81,2,6.72,13.44
2053,844,12,2,106.07,212.14
2054,844,1,1,80.84,80.84
2055,845,48,2,109.08,218.16
2056,845,63,1,84.3,84.3
2057,845,65,1,33.9,33.9
2058,846,18,1,66.75,66.75
2059,846,136,1,42.16,42.16
2060,846,143,3,90.7,272.1
2061,846,48,1,103.17,103.17
2062,846,96,1,49.21,49.21
2063,847,84,1,18.53,18.53
2064,847,37,1,27.81,27.81
2065,847,48,2,103.14,206.28
2066,848,48,1,105.18,105.18
2067,848,136,2,41.03,82.06
2068,848,82,4,26.23,104.92
2069,848,68,3,177.49,532.47
2070,848,57,1,73.62,73.62
2071,848,144,2,16.65,33.3
2072,849,9,1,25.41,25.41
2073,849,48,1,105.08,105.08
2074,850,105,1,33.77,33.77
2075,850,23,1,114.69,114.69
2076,850,91,4,7.3,29.2
2077,850,147,1,90.89,90.89
2078,851,52,1,134.73,134.73
2079,851,48,1,110.23,110.23
2080,851,137,2,69.52,139.04
2081,852,136,2,42.36,84.72
2082,852,141,1,70.16,70.16
2083,852,115,2,14.3,28.6
2084,853,95,1,49.11,49.11
2085,854,121,1,7.76,7.76
2086,855,66,1,58.23,58.23
2087,855,107,1,33.36,33.36
2088,855,141,1,66.46,66.46
2089,856,79,1,26.86,26.86
2090,856,48,1,108.46,108.46
2091,856,150,1,65.49,65.49
2092,857,86,2,13.49,26.98
2093,857,48,2,105.86,211.72
2094,858,48,2,106.73,213.46
2095,859,48,1,105.02,105.02
2096,859,144,1,19.06,19.06
2097,859,101,2,41.96,83.92
2098,859,13,3,37.53,112.59
2099,860,114,1,13.84,13.84
2100,860,91,1,7.56,7.56
2101,861,91,1,7.08,7.08
2102,861,76,1,24.19,24.19
2103,861,81,1,6.99,6.99
2104,862,57,1,70.96,70.96
2105,863,1,1,87.01,87.01
2106,864,91,1,6.91,6.91
2107,865,70,1,42.34,42.34
2108,865,38,2,65.74,131.48
2109,866,119,1,18.17,18.17
2110,867,48,1,109.27,109.27
2111,868,66,2,55.98,111.96
2112,868,67,1,82.59,82.59
2113,868,81,3,6.77,20.31
2114,868,76,3,26.77,80.31
2115,869,38,1,69.45,69.45
2116,869,48,2,101.59,203.18
2117,870,111,3,41.72,125.16
2118,870,137,1,64.29,64.29
2119,871,105,1,34.91,34.91
2120,871,79,1,27.99,27.99
2121,872,13,3,39.67,119.01
2122,872,122,2,37.54,75.08
2123,873,93,1,59.03,59.03
2124,873,48,2,100.8,201.6
2125,874,140,5,90.44,452.2
2126,874,79,1,24.29,24.29
2127,875,66,2,55.18,110.36
2128,876,93,1,55.14,55.14
2129,876,53,1,150.35,150.35
2130,876,114,1,14.53,14.53
2131,876,48,2,104.84,209.68
2132,877,124,2,19.15,38.3
2133,877,66,1,55.68,55.68
2134,878,122,1,34.2,34.2
2135,878,4,1,94.93,94.93
2136,878,47,1,80.21,80.21
2137,878,66,1,56.79,56.79
2138,879,121,1,8.0,8.0
2139,879,62,2,168.17,336.34
2140,880,2,1,22.59,22.59
2141,881,48,1,106.43,106.43
2142,882,17,1,12.84,12.84
2143,882,147,1,87.88,87.88
2144,882,109,1,45.16,45.16
2145,883,100,1,37.19,37.19
2146,883,48,1,100.2,100.2
2147,884,73,1,87.14,87.14
2148,884,17,1,13.11,13.11
2149,885,53,1,151.66,151.66
2150,886,48,2,107.57,215.14
2151,886,75,4,110.85,443.4
2152,886,140,1,80.43,80.43
2153,886,81,1,7.31,7.31
2154,887,48,2,99.91,199.82
2155,888,100,3,36.6,109.8
2156,888,66,2,58.99,117.98
2157,888,38,1,69.16,69.16
2158,889,124,1,16.93,16.93
2159,889,48,3,109.49,328.47
2160,890,66,2,56.99,113.98
2161,890,34,1,21.6,21.6
2162,890,79,1,27.73,27.73
2163,891,1,3,83.02,249.06
2164,891,104,1,40.58,40.58
2165,892,147,1,84.36,84.36
2166,892,52,1,131.02,131.02
2167,892,90,1,30.07,30.07
2168,892,121,1,7.41,7.41
2169,893,47,1,80.78,80.78
2170,893,48,2,103.58,207.16
2171,893,144,3,16.83,50.49
2172,893,86,1,15.13,15.13
2173,894,137,1,68.02,68.02
2174,894,30,2,27.47,54.94
2175,895,147,3,82.25,246.75
2176,896,77,1,51.61,51.61
2177,896,132,3,63.04,189.12
2178,897,79,3,26.61,79.83
2179,898,134,1,43.01,43.01
2180,898,57,1,79.44,79.44
2181,898,67,4,82.92,331.68
2182,898,93,2,59.28,118.56
2183,899,96,1,52.68,52.68
2184,899,44,1,59.43,59.43
2185,899,48,1,103.25,103.25
2186,900,119,2,19.65,39.3
2187,900,47,1,73.67,73.67
2188,900,48,1,103.08,103.08
2189,900,17,1,14.64,14.64
2190,901,18,1,71.48,71.48
2191,901,48,1,102.3,102.3
2192,901,52,1,129.23,129.23
2193,902,112,1,27.29,27.29
2194,902,131,1,38.04,38.04
2195,903,134,2,45.55,91.1
2196,903,14,1,53.83,53.83
2197,903,62,1,174.0,174.0
2198,904,47,1,81.16,81.16
2199,904,91,1,7.43,7.43
2200,904,79,1,27.58,27.58
2201,905,91,1,7.84,7.84
2202,906,103,1,34.88,34.88
2203,907,48,3,102.12,306.36
2204,908,13,3,40.93,122.79
2205,908,1,1,78.84,78.84
2206,908,138,1,58.87,58.87
2207,908,103,1,38.01,38.01
2208,908,114,3,14.78,44.34
2209,909,67,1,87.47,87.47
2210,910,1,2,89.23,178.46
2211,911,48,5,96.94,484.7
2212,911,121,2,7.82,15.64
2213,911,93,1,57.1,57.1
2214,911,119,1,19.99,19.99
2215,911,124,3,18.66,55.98
2216,912,47,1,76.09,76.09
2217,912,117,3,32.94,98.82
2218,913,13,1,37.1,37.1
2219,913,48,1,102.4,102.4
2220,913,93,1,57.65,57.65
2221,914,24,2,83.16,166.32
2222,914,37,1,27.03,27.03
2223,915,48,1,100.2,100.2
2224,916,26,1,53.33,53.33
2225,916,32,3,9.15,27.45
2226,917,140,1,81.17,81.17
2227,917,84,3,17.81,53.43
2228,917,102,3,34.8,104.4
2229,917,138,2,57.4,114.8
2230,917,48,1,108.7,108.7
2231,917,17,1,13.0,13.0
2232,918,66,1,54.48,54.48
2233,918,41,2,131.02,262.04
2234,918,55,1,87.14,87.14
2235,918,91,3,7.88,23.64
2236,918,79,2,24.55,49.1
2237,918,100,1,36.11,36.11
2238,919,104,2,40.66,81.32
2239,919,79,1,27.12,27.12
2240,919,1,1,85.97,85.97
2241,920,49,1,64.96,64.96
2242,920,93,1,62.45,62.45
2243,920,91,1,6.96,6.96
2244,921,34,1,21.15,21.15
2245,921,63,1,84.76,84.76
2246,921,48,1,100.69,100.69
2247,921,141,5,70.2,351.0
2248,922,48,2,108.3,216.6
2249,922,79,1,27.47,27.47
2250,922,91,1,7.51,7.51
2251,922,112,1,28.43,28.43
2252,923,32,3,10.33,30.99
2253,923,66,1,57.93,57.93
2254,924,53,1,141.73,141.73
2255,925,112,2,26.98,53.96
2256,926,48,1,97.22,97.22
2257,927,76,1,26.07,26.07
2258,927,18,1,64.37,64.37
2259,927,48,4,95.88,383.52
2260,927,139,2,53.97,107.94
2261,928,134,1,43.58,43.58
2262,928,111,1,44.29,44.29
2263,929,57,1,73.44,73.44
2264,929,48,3,96.91,290.73
2265,929,121,1,7.37,7.37
2266,930,89,1,53.37,53.37
2267,931,38,1,63.9,63.9
2268,932,52,2,128.15,256.3
2269,933,13,1,36.34,36.34
2270,933,91,1,7.82,7.82
2271,933,119,1,18.09,18.09
2272,934,91,1,7.11,7.11
2273,934,120,1,47.41,47.41
2274,934,5,1,78.1,78.1
2275,934,52,1,133.34,133.34
2276,934,70,1,46.7,46.7
2277,935,121,1,7.62,7.62
2278,936,32,2,9.41,18.82
2279,936,81,1,6.75,6.75
2280,936,61,1,38.29,38.29
2281,936,144,1,18.33,18.33
2282,936,119,2,17.74,35.48
2283,937,10,1,102.32,102.32
2284,937,17,1,13.87,13.87
2285,937,122,5,34.83,174.15
2286,937,79,1,24.51,24.51
2287,937,138,3,56.05,168.15
2288,938,119,1,19.83,19.83
2289,938,121,1,7.75,7.75
2290,939,25,3,88.4,265.2
2291,940,93,1,60.44,60.44
2292,940,90,1,33.98,33.98
2293,941,66,1,52.11,52.11
2294,941,57,1,80.39,80.39
2295,942,79,3,26.36,79.08
2296,942,37,2,27.34,54.68
2297,942,26,1,55.27,55.27
2298,942,48,1,101.56,101.56
2299,943,77,1,46.38,46.38
2300,943,66,4,52.06,208.24
2301,943,81,1,6.95,6.95
2302,943,61,1,39.98,39.98
2303,944,108,2,7.19,14.38
2304,944,48,1,108.12,108.12
2305,944,79,4,24.6,98.4
2306,944,13,1,39.51,39.51
2307,944,82,1,27.84,27.84
2308,944,17,1,12.59,12.59
2309,945,86,2,15.09,30.18
2310,946,47,1,77.13,77.13
2311,946,107,1,30.62,30.62
2312,946,121,2,7.79,15.58
2313,946,122,1,35.2,35.2
2314,946,65,1,32.91,32.91
2315,947,76,1,24.96,24.96
2316,947,91,1,7.69,7.69
2317,947,48,5,99.41,497.05
2318,948,91,1,7.28,7.28
2319,948,47,3,72.49,217.47
2320,948,1,2,78.98,157.96
2321,948,103,1,37.46,37.46
2322,948,96,1,47.86,47.86
2323,949,105,1,33.72,33.72
2324,950,122,1,34.34,34.34
2325,950,32,1,10.32,10.32
2326,950,91,3,7.72,23.16
2327,950,48,1,109.64,109.64
2328,951,76,1,24.63,24.63
2329,951,129,2,36.24,72.48
2330,952,111,1,42.69,42.69
2331,953,144,3,17.69,53.07
2332,954,134,1,40.36,40.36
2333,954,70,1,45.56,45.56
2334,954,138,1,53.02,53.02
2335,954,147,4,87.95,351.8
2336,955,144,1,17.15,17.15
2337,955,61,1,36.65,36.65
2338,955,93,1,62.08,62.08
2339,955,38,1,67.84,67.84
2340,956,79,1,25.8,25.8
2341,956,136,1,41.41,41.41
2342,956,32,1,10.32,10.32
2343,957,67,4,89.28,357.12
2344,958,55,2,94.14,188.28
2345,958,80,1,17.48,17.48
2346,959,2,2,22.82,45.64
2347,960,83,2,45.44,90.88
2348,960,76,1,27.71,27.71
2349,960,112,3,26.15,78.45
2350,960,107,2,33.58,67.16
2351,961,86,1,15.15,15.15
2352,961,93,1,54.69,54.69
2353,961,32,1,9.55,9.55
2354,962,79,3,27.46,82.38
2355,962,89,1,60.24,60.24
2356,962,48,1,96.33,96.33
2357,962,119,1,17.88,17.88
2358,963,89,1,60.52,60.52
2359,964,150,1,70.42,70.42
2360,965,89,4,59.49,237.96
2361,966,66,1,52.61,52.61
2362,967,61,3,36.29,108.87
2363,967,79,1,27.21,27.21
2364,967,48,1,101.57,101.57
2365,967,30,1,31.02,31.02
2366,968,144,1,18.84,18.84
2367,968,96,1,48.48,48.48
2368,968,48,4,94.75,379.0
2369,969,112,1,27.0,27.0
2370,969,107,1,31.85,31.85
2371,970,133,2,78.33,156.66
2372,970,42,2,60.35,120.7
2373,971,98,1,39.34,39.34
2374,971,149,1,88.58,88.58
2375,972,110,2,42.62,85.24
2376,973,48,1,105.47,105.47
2377,973,80,2,15.97,31.94
2378,973,52,2,129.66,259.32
2379,973,57,1,78.27,78.27
2380,974,88,1,13.31,13.31
2381,974,38,1,66.63,66.63
2382,975,34,1,19.84,19.84
2383,975,19,5,85.19,425.95
2384,975,9,1,25.69,25.69
2385,975,66,1,57.78,57.78
2386,976,136,1,42.56,42.56
2387,976,61,4,37.75,151.0
2388,977,121,1,7.51,7.51
2389,977,48,1,104.89,104.89
2390,977,119,2,20.17,40.34
2391,977,13,2,39.19,78.38
2392,977,84,1,16.94,16.94
2393,977,55,1,89.38,89.38
2394,978,91,1,7.91,7.91
2395,978,140,1,85.36,85.36
2396,978,61,3,39.37,118.11
2397,979,138,2,52.8,105.6
2398,979,89,1,57.18,57.18
2399,979,18,2,66.09,132.18
2400,979,121,1,7.67,7.67
2401,980,140,1,82.99,82.99
2402,980,141,1,66.14,66.14
2403,981,75,1,114.47,114.47
2404,981,13,2,37.02,74.04
2405,981,38,1,70.93,70.93
2406,982,48,2,100.3,200.6
2407,982,66,1,59.93,59.93
2408,982,16,2,109.04,218.08
2409,982,47,1,72.88,72.88
2410,983,18,1,72.27,72.27
2411,983,13,5,39.45,197.25
2412,983,48,1,98.92,98.92
2413,984,18,1,72.75,72.75
2414,985,119,3,19.44,58.32
2415,985,79,1,25.6,25.6
2416,985,75,1,119.91,119.91
2417,986,79,1,27.26,27.26
2418,987,1,2,82.63,165.26
2419,988,148,2,41.51,83.02
2420,989,31,1,74.8,74.8
2421,989,141,2,68.69,137.38
2422,989,150,1,70.7,70.7
2423,990,67,1,84.9,84.9
2424,991,65,2,31.43,62.86
2425,991,86,1,14.89,14.89
2426,991,32,1,9.63,9.63
2427,991,75,1,115.72,115.72
2428,992,89,1,56.65,56.65
2429,992,48,1,105.43,105.43
2430,992,26,4,50.78,203.12
2431,993,91,4,7.94,31.76
2432,993,129,2,32.12,64.24
2433,993,31,1,77.54,77.54
2434,993,136,1,42.03,42.03
2435,994,91,1,8.0,8.0
2436,995,79,3,26.48,79.44
2437,995,91,1,6.97,6.97
2438,995,66,2,55.22,110.44
2439,995,25,1,96.29,96.29
2440,996,79,2,27.69,55.38
2441,997,134,1,40.47,40.47
2442,997,26,4,53.71,214.84
2443,997,138,1,53.25,53.25
2444,997,1,1,84.67,84.67
2445,998,90,2,32.71,65.42
2446,999,48,1,107.48,107.48
2447,999,14,1,50.67,50.67
2448,999,103,1,35.83,35.83
2449,999,121,1,7.14,7.14
2450,1000,134,1,41.41,41.41
2451,1001,89,3,55.29,165.87
2452,1001,124,1,17.85,17.85
2453,1001,81,1,7.03,7.03
2454,1001,47,3,82.16,246.48
2455,1001,66,2,60.14,120.28
2456,1001,111,1,43.4,43.4
2457,1002,48,3,104.53,313.59
2458,1002,77,2,47.35,94.7
2459,1002,121,2,7.67,15.34
2460,1003,139,1,60.53,60.53
2461,1004,138,1,52.02,52.02
2462,1004,26,1,52.52,52.52
2463,1005,121,1,8.04,8.04
2464,1005,74,2,18.4,36.8
2465,1006,11,1,58.4,58.4
2466,1007,48,3,110.04,330.12
2467,1007,62,1,165.22,165.22
2468,1007,91,2,7.66,15.32
2469,1008,107,5,29.48,147.4
2470,1008,79,1,25.86,25.86
2471,1009,38,1,68.28,68.28
2472,1009,66,1,58.26,58.26
2473,1009,96,1,52.32,52.32
2474,1010,26,1,53.61,53.61
2475,1010,91,3,7.1,21.3
2476,1010,13,1,36.29,36.29
2477,1011,81,1,7.29,7.29
2478,1011,100,1,41.39,41.39
2479,1011,91,1,7.34,7.34
2480,1011,48,2,95.14,190.28
2481,1011,134,1,42.6,42.6
2482,1012,91,2,7.43,14.86
2483,1013,48,5,96.3,481.5
2484,1014,149,3,86.5,259.5
2485,1015,48,1,104.49,104.49
2486,1016,13,3,39.83,119.49
2487,1016,48,1,95.89,95.89
2488,1017,82,1,27.21,27.21
2489,1017,79,1,25.7,25.7
2490,1017,138,4,53.63,214.52
2491,1017,1,1,86.37,86.37
2492,1018,65,1,33.55,33.55
2493,1018,13,2,36.95,73.9
2494,1019,66,2,51.88,103.76
2495,1019,52,3,129.86,389.58
2496,1020,68,1,175.98,175.98
2497,1020,112,1,26.73,26.73
2498,1020,121,1,7.33,7.33
2499,1020,48,1,95.05,95.05
2500,1021,91,1,7.65,7.65
2501,1021,67,1,89.96,89.96
2502,1021,13,1,35.85,35.85
2503,1021,2,1,23.37,23.37
2504,1021,101,1,41.97,41.97
2505,1022,98,4,36.6,146.4
2506,1022,89,1,59.0,59.0
2507,1023,91,1,7.47,7.47
2508,1023,138,2,58.33,116.66
2509,1024,13,1,37.02,37.02
2510,1024,148,5,43.37,216.85
2511,1025,48,1,98.51,98.51
2512,1025,103,4,37.85,151.4
2513,1026,100,1,40.56,40.56
2514,1026,109,2,51.66,103.32
2515,1026,135,2,35.42,70.84
2516,1027,24,1,79.1,79.1
2517,1028,22,5,96.55,482.75
2518,1029,121,1,7.15,7.15
2519,1029,20,1,74.96,74.96
2520,1030,134,2,46.07,92.14
2521,1030,132,1,61.58,61.58
2522,1030,31,1,70.2,70.2
2523,1030,114,2,13.63,27.26
2524,1031,91,1,8.01,8.01
2525,1031,25,2,93.49,186.98
2526,1032,2,1,22.28,22.28
2527,1032,1,1,87.42,87.42
2528,1032,30,1,31.0,31.0
2529,1032,79,1,26.87,26.87
2530,1033,133,2,76.05,152.1
2531,1033,48,1,94.87,94.87
2532,1033,38,1,65.83,65.83
2533,1033,47,3,79.78,239.34
2534,1034,91,1,7.01,7.01
2535,1034,13,2,38.53,77.06
2536,1035,57,1,73.35,73.35
2537,1036,77,1,50.13,50.13
2538,1036,75,2,121.71,243.42
2539,1036,91,1,6.97,6.97
2540,1036,76,3,26.53,79.59
2541,1036,54,4,53.49,213.96
2542,1037,52,1,123.96,123.96
2543,1037,26,1,57.25,57.25
2544,1038,17,1,13.69,13.69
2545,1038,146,2,36.24,72.48
2546,1039,86,1,14.45,14.45
2547,1039,49,1,66.24,66.24
2548,1039,131,1,35.25,35.25
2549,1039,91,1,6.96,6.96
2550,1040,48,2,97.45,194.9
2551,1041,79,1,27.96,27.96
2552,1041,122,1,32.92,32.92
2553,1042,96,1,50.78,50.78
2554,1042,75,1,121.46,121.46
2555,1043,91,2,7.5,15.0
2556,1043,148,3,41.4,124.2
2557,1044,133,1,73.96,73.96
2558,1044,6,2,105.64,211.28
2559,1045,52,1,130.86,130.86
2560,1045,17,1,13.97,13.97
2561,1045,148,2,43.29,86.58
2562,1046,81,2,7.42,14.84
2563,1047,111,2,41.24,82.48
2564,1047,17,1,13.54,13.54
2565,1047,32,1,10.0,10.0
2566,1048,91,2,7.79,15.58
2567,1048,38,1,66.45,66.45
2568,1049,22,1,92.52,92.52
2569,1050,140,3,88.14,264.42
2570,1050,1,1,89.53,89.53
2571,1050,18,1,70.25,70.25
2572,1051,47,1,71.0,71.0
2573,1051,77,1,48.17,48.17
2574,1051,44,1,51.79,51.79
2575,1052,66,1,55.4,55.4
2576,1052,121,2,7.55,15.1
2577,1052,122,3,35.9,107.7
2578,1053,115,1,12.97,12.97
2579,1053,22,1,101.09,101.09
2580,1053,89,2,54.05,108.1
2581,1054,26,1,51.81,51.81
2582,1054,38,1,65.54,65.54
2583,1054,136,1,40.41,40.41
2584,1055,62,3,159.95,479.85
2585,1055,91,1,7.32,7.32
2586,1056,121,1,6.97,6.97
2587,1057,48,2,106.53,213.06
2588,1058,32,2,9.79,19.58
2589,1058,62,1,153.37,153.37
2590,1059,26,1,57.5,57.5
2591,1059,107,1,31.16,31.16
2592,1060,48,1,94.66,94.66
2593,1060,26,1,51.5,51.5
2594,1060,143,1,80.63,80.63
2595,1061,93,2,56.7,113.4
2596,1062,13,1,40.09,40.09
2597,1062,17,1,13.46,13.46
2598,1063,107,1,31.63,31.63
2599,1063,38,1,69.57,69.57
2600,1063,48,1,104.03,104.03
2601,1063,138,1,53.98,53.98
2602,1063,45,2,141.69,283.38
2603,1063,66,3,52.52,157.56
2604,1064,96,2,53.09,106.18
2605,1064,86,1,15.04,15.04
2606,1065,132,2,62.61,125.22
2607,1066,93,5,54.97,274.85
2608,1066,86,1,13.84,13.84
2609,1066,138,1,57.26,57.26
2610,1066,25,1,97.19,97.19
2611,1067,48,3,106.6,319.8
2612,1068,26,5,55.78,278.9
2613,1068,111,2,42.88,85.76
2614,1068,55,1,92.68,92.68
2615,1069,13,1,39.35,39.35
2616,1069,52,1,136.24,136.24
2617,1070,81,1,6.98,6.98
2618,1070,44,1,52.4,52.4
2619,1070,1,1,89.24,89.24
2620,1070,32,5,10.07,50.35
2621,1071,121,1,7.18,7.18
2622,1072,12,2,96.05,192.1
2623,1072,144,1,17.66,17.66
2624,1073,54,3,52.41,157.23
2625,1073,13,1,38.19,38.19
2626,1073,43,2,71.27,142.54
2627,1073,139,1,54.99,54.99
2628,1074,110,1,42.36,42.36
2629,1074,66,2,53.38,106.76
2630,1075,124,2,17.79,35.58
2631,1075,68,1,164.2,164.2
2632,1076,54,1,55.12,55.12
2633,1076,134,2,43.45,86.9
2634,1077,114,5,14.69,73.45
2635,1077,53,2,148.68,297.36
2636,1077,16,1,109.33,109.33
2637,1078,104,1,37.77,37.77
2638,1078,124,2,18.53,37.06
2639,1078,66,1,56.34,56.34
2640,1078,135,1,34.82,34.82
2641,1078,107,1,31.59,31.59
2642,1078,16,2,112.67,225.34
2643,1079,53,1,153.76,153.76
2644,1079,93,4,56.9,227.6
2645,1079,32,1,10.45,10.45
2646,1079,119,1,19.08,19.08
2647,1079,115,1,13.77,13.77
2648,1079,104,1,38.2,38.2
2649,1080,132,2,61.59,123.18
2650,1080,129,2,33.69,67.38
2651,1081,86,2,15.36,30.72
2652,1081,48,1,101.73,101.73
2653,1081,68,1,172.83,172.83
2654,1082,79,2,24.56,49.12
2655,1082,122,1,36.98,36.98
2656,1082,93,1,61.73,61.73
2657,1082,18,1,63.21,63.21
2658,1082,96,2,49.57,99.14
2659,1082,91,1,6.92,6.92
2660,1083,32,1,10.27,10.27
2661,1084,96,3,50.4,151.2
2662,1085,38,2,69.75,139.5
2663,1085,14,4,54.2,216.8
2664,1085,55,1,93.79,93.79
2665,1086,121,1,7.14,7.14
2666,1087,148,1,38.96,38.96
2667,1088,57,1,70.86,70.86
2668,1089,115,3,13.09,39.27
2669,1089,149,1,79.02,79.02
2670,1089,13,5,40.91,204.55
2671,1090,17,1,14.03,14.03
2672,1090,124,2,19.32,38.64
2673,1090,91,1,7.51,7.51
2674,1090,24,2,87.25,174.5
2675,1091,107,1,31.11,31.11
2676,1092,90,1,34.26,34.26
2677,1093,149,4,81.23,324.92
2678,1093,48,1,104.53,104.53
2679,1093,93,1,56.03,56.03
2680,1094,109,1,44.81,44.81
2681,1094,76,4,26.17,104.68
2682,1094,13,1,39.27,39.27
2683,1094,38,1,70.12,70.12
2684,1094,48,2,110.06,220.12
2685,1094,77,1,46.45,46.45
2686,1095,14,2,54.92,109.84
2687,1096,48,1,97.4,97.4
2688,1096,119,2,19.94,39.88
2689,1096,17,2,13.24,26.48
2690,1096,135,1,31.81,31.81
2691,1096,13,2,35.79,71.58
2692,1096,116,3,39.11,117.33
2693,1097,122,1,34.69,34.69
2694,1097,93,1,57.74,57.74
2695,1098,91,1,7.89,7.89
2696,1099,134,3,40.21,120.63
2697,1099,17,5,13.21,66.05
2698,1099,119,1,18.55,18.55
2699,1100,134,1,43.38,43.38
2700,1101,119,1,19.39,19.39
2701,1101,48,3,95.88,287.64
2702,1101,101,1,45.24,45.24
2703,1102,38,1,67.62,67.62
2704,1103,75,1,118.32,118.32
2705,1104,79,2,25.09,50.18
2706,1104,54,3,56.02,168.06
2707,1104,48,1,105.78,105.78
2708,1104,91,1,7.46,7.46
2709,1104,138,1,52.53,52.53
2710,1105,121,1,7.91,7.91
2711,1105,47,1,80.16,80.16
2712,1105,48,3,103.39,310.17
2713,1106,48,1,98.63,98.63
2714,1107,13,1,39.72,39.72
2715,1107,48,1,105.2,105.2
2716,1107,79,3,24.36,73.08
2717,1107,133,1,78.67,78.67
2718,1108,25,3,90.79,272.37
2719,1108,52,1,125.77,125.77
2720,1108,14,1,57.08,57.08
2721,1108,122,2,37.14,74.28
2722,1109,148,1,42.59,42.59
2723,1109,121,1,7.73,7.73
2724,1110,48,1,98.43,98.43
2725,1110,119,1,18.6,18.6
2726,1110,90,4,30.07,120.28
2727,1110,139,1,55.26,55.26
2728,1110,25,1,84.86,84.86
2729,1110,102,4,36.79,147.16
2730,1111,112,1,28.51,28.51
2731,1111,91,1,7.2,7.2
2732,1111,135,1,32.28,32.28
2733,1111,134,1,45.35,45.35
2734,1112,37,4,27.08,108.32
2735,1113,137,3,63.98,191.94
2736,1114,136,1,41.85,41.85
2737,1114,35,2,113.45,226.9
2738,1115,1,1,79.5,79.5
2739,1115,48,3,108.96,326.88
2740,1116,90,1,33.59,33.59
2741,1116,47,1,82.1,82.1
2742,1116,48,2,110.3,220.6
2743,1117,90,1,34.56,34.56
2744,1117,48,1,99.1,99.1
2745,1118,148,1,42.99,42.99
2746,1119,129,1,32.92,32.92
2747,1120,124,1,19.57,19.57
2748,1120,75,1,109.38,109.38
2749,1120,101,1,42.45,42.45
2750,1121,70,1,43.67,43.67
2751,1121,79,2,27.53,55.06
2752,1122,70,2,48.85,97.7
2753,1122,37,1,28.49,28.49
2754,1123,1,1,86.52,86.52
2755,1123,91,2,7.98,15.96
2756,1124,76,1,26.55,26.55
2757,1124,62,2,156.4,312.8
2758,1125,93,3,55.05,165.15
2759,1125,112,1,25.35,25.35
2760,1125,150,1,74.84,74.84
2761,1125,79,1,27.5,27.5
2762,1125,13,3,39.92,119.76
2763,1125,119,1,19.32,19.32
2764,1126,21,2,71.41,142.82
2765,1126,9,1,22.59,22.59
2766,1126,133,1,75.15,75.15
2767,1126,91,1,7.95,7.95
2768,1126,144,1,18.19,18.19
2769,1127,104,3,37.74,113.22
2770,1127,91,2,7.96,15.92
2771,1127,65,1,33.88,33.88
2772,1128,91,1,7.39,7.39
2773,1128,57,2,79.02,158.04
2774,1128,135,1,31.08,31.08
2775,1129,66,1,59.14,59.14
2776,1129,26,1,57.43,57.43
2777,1129,17,3,13.52,40.56
2778,1129,91,1,7.98,7.98
2779,1130,90,1,33.87,33.87
2780,1131,75,4,115.14,460.56
2781,1131,134,1,45.44,45.44
2782,1132,48,2,97.5,195.0
2783,1132,89,1,56.84,56.84
2784,1132,30,2,29.85,59.7
2785,1132,91,1,7.17,7.17
2786,1133,76,1,26.46,26.46
2787,1133,90,3,34.04,102.12
2788,1133,91,1,7.57,7.57
2789,1134,48,1,106.76,106.76
2790,1134,91,1,7.24,7.24
2791,1135,107,3,32.1,96.3
2792,1136,13,1,39.75,39.75
2793,1136,79,1,27.18,27.18
2794,1136,81,1,7.83,7.83
2795,1137,13,4,36.59,146.36
2796,1138,57,1,79.31,79.31
2797,1138,91,1,7.49,7.49
2798,1138,104,1,41.67,41.67
2799,1139,48,1,100.15,100.15
2800,1139,114,1,14.91,14.91
2801,1139,66,1,54.24,54.24
2802,1139,132,2,58.35,116.7
2803,1140,109,3,50.04,150.12
2804,1141,17,1,13.39,13.39
2805,1141,121,1,7.79,7.79
2806,1142,136,2,43.11,86.22
2807,1142,25,1,93.03,93.03
2808,1143,66,5,58.39,291.95
2809,1143,47,2,70.79,141.58
2810,1143,136,1,43.05,43.05
2811,1143,48,1,96.91,96.91
2812,1144,14,1,55.2,55.2
2813,1144,48,2,109.36,218.72
2814,1145,115,1,13.56,13.56
2815,1145,90,2,29.94,59.88
2816,1146,17,1,13.82,13.82
2817,1147,100,1,36.1,36.1
2818,1147,48,2,105.82,211.64
2819,1147,91,1,7.19,7.19
2820,1148,133,1,75.45,75.45
2821,1148,79,1,25.11,25.11
2822,1148,149,1,84.67,84.67
2823,1148,48,1,95.76,95.76
2824,1148,138,1,57.58,57.58
2825,1149,122,2,32.85,65.7
2826,1149,76,1,25.63,25.63
2827,1149,62,1,159.91,159.91
2828,1150,62,1,176.77,176.77
2829,1151,91,2,6.95,13.9
2830,1151,135,2,33.83,67.66
2831,1151,108,1,8.15,8.15
2832,1151,52,3,141.24,423.72
2833,1151,38,2,69.67,139.34
2834,1152,25,1,89.03,89.03
2835,1152,48,1,97.83,97.83
2836,1153,101,1,42.43,42.43
2837,1154,26,2,53.78,107.56
2838,1154,140,1,84.14,84.14
2839,1155,144,1,18.29,18.29
2840,1155,75,1,108.96,108.96
2841,1155,96,1,47.28,47.28
2842,1156,138,1,55.17,55.17
2843,1156,62,1,161.86,161.86
2844,1156,48,1,104.98,104.98
2845,1157,96,3,45.87,137.61
2846,1158,91,1,7.83,7.83
2847,1158,100,1,38.49,38.49
2848,1159,137,1,64.77,64.77
2849,1159,121,1,7.02,7.02
2850,1159,138,2,53.88,107.76
2851,1160,91,1,7.91,7.91
2852,1160,76,2,26.41,52.82
2853,1161,66,2,55.06,110.12
2854,1161,59,2,69.77,139.54
2855,1161,32,2,9.26,18.52
2856,1162,121,1,7.62,7.62
2857,1162,91,1,7.18,7.18
2858,1162,96,2,52.86,105.72
2859,1163,104,5,40.52,202.6
2860,1163,93,1,54.62,54.62
2861,1164,48,1,102.98,102.98
2862,1164,127,4,28.22,112.88
2863,1165,26,1,51.15,51.15
2864,1165,3,2,58.28,116.56
2865,1165,24,1,86.78,86.78
2866,1165,107,1,34.08,34.08
2867,1166,48,1,107.98,107.98
2868,1166,38,4,72.74,290.96
2869,1167,91,1,7.07,7.07
2870,1167,89,1,56.73,56.73
2871,1168,134,2,44.03,88.06
2872,1169,91,1,7.4,7.4
2873,1170,129,1,34.16,34.16
2874,1170,110,4,42.55,170.2
2875,1170,75,1,119.24,119.24
2876,1171,89,2,57.83,115.66
2877,1172,48,2,107.52,215.04
2878,1172,127,1,28.07,28.07
2879,1173,39,1,138.95,138.95
2880,1174,13,1,37.0,37.0
2881,1175,66,1,56.74,56.74
2882,1176,48,1,99.05,99.05
2883,1176,150,2,75.19,150.38
2884,1176,17,5,13.91,69.55
2885,1176,100,2,40.97,81.94
2886,1176,112,2,28.89,57.78
2887,1177,93,1,53.87,53.87
2888,1177,59,1,77.08,77.08
2889,1177,91,2,7.11,14.22
2890,1177,134,1,44.37,44.37
2891,1178,16,1,112.38,112.38
2892,1178,144,3,17.5,52.5
2893,1179,89,1,59.57,59.57
2894,1179,144,1,18.9,18.9
2895,1180,1,3,76.88,230.64
2896,1180,48,1,108.49,108.49
2897,1180,37,3,27.97,83.91
2898,1180,70,2,44.4,88.8
2899,1181,13,1,37.83,37.83
2900,1182,18,1,73.14,73.14
2901,1182,47,4,70.68,282.72
2902,1183,134,1,46.19,46.19
2903,1184,83,1,41.44,41.44
2904,1184,111,2,44.47,88.94
2905,1185,121,1,7.22,7.22
2906,1185,138,1,58.13,58.13
2907,1185,47,1,71.73,71.73
2908,1186,13,1,40.3,40.3
2909,1186,35,2,126.37,252.74
2910,1187,138,1,57.47,57.47
2911,1187,38,1,63.08,63.08
2912,1187,134,1,42.73,42.73
2913,1187,81,2,7.06,14.12
2914,1188,13,3,40.84,122.52
2915,1188,62,1,177.5,177.5
2916,1188,24,2,77.25,154.5
2917,1189,122,1,35.22,35.22
2918,1189,82,1,24.15,24.15
2919,1190,111,1,38.35,38.35
2920,1190,119,3,18.59,55.77
2921,1190,91,1,7.12,7.12
2922,1191,17,2,13.94,27.88
2923,1192,136,1,42.53,42.53
2924,1192,32,3,10.44,31.32
2925,1192,33,1,88.83,88.83
2926,1193,91,1,7.21,7.21
2927,1193,47,1,76.18,76.18
2928,1193,98,1,36.69,36.69
2929,1193,111,1,41.39,41.39
2930,1194,139,1,57.61,57.61
2931,1195,38,2,63.76,127.52
2932,1196,1,3,83.12,249.36
2933,1196,73,2,94.68,189.36
2934,1196,103,1,39.63,39.63
2935,1197,17,1,13.56,13.56
2936,1197,138,1,57.55,57.55
2937,1197,34,1,20.03,20.03
2938,1198,24,2,86.9,173.8
2939,1199,17,1,14.21,14.21
2940,1199,68,1,171.83,171.83
2941,1200,148,1,44.1,44.1
2942,1200,17,1,14.14,14.14
2943,1201,48,2,101.5,203.0
2944,1201,43,1,73.06,73.06
2945,1201,111,3,43.7,131.1
2946,1201,129,1,33.37,33.37
2947,1202,66,1,52.97,52.97
2948,1202,89,1,55.36,55.36
2949,1202,47,1,73.68,73.68
2950,1203,52,1,143.13,143.13
2951,1204,9,2,23.31,46.62
2952,1204,55,1,95.47,95.47
2953,1205,144,2,18.46,36.92
2954,1206,47,1,76.36,76.36
2955,1206,104,1,37.54,37.54
2956,1207,75,1,118.58,118.58
2957,1207,52,1,134.09,134.09
2958,1208,124,1,17.64,17.64
2959,1208,81,2,6.91,13.82
2960,1208,138,3,55.14,165.42
2961,1209,89,2,61.54,123.08
2962,1209,13,1,38.11,38.11
2963,1209,100,3,37.65,112.95
2964,1210,25,4,87.8,351.2
2965,1211,68,1,174.88,174.88
2966,1211,48,1,99.65,99.65
2967,1211,136,2,42.0,84.0
2968,1212,18,2,71.21,142.42
2969,1212,126,1,21.36,21.36
2970,1213,48,1,108.94,108.94
2971,1214,91,1,7.82,7.82
2972,1214,79,3,25.83,77.49
2973,1214,66,1,60.18,60.18
2974,1214,2,2,24.97,49.94
2975,1214,119,1,18.27,18.27
2976,1214,93,1,56.43,56.43
2977,1215,79,1,25.13,25.13
2978,1215,140,1,81.45,81.45
2979,1215,48,1,107.08,107.08
2980,1215,11,1,56.02,56.02
2981,1216,96,2,52.87,105.74
2982,1216,136,1,41.99,41.99
2983,1217,121,1,7.15,7.15
2984,1217,93,1,60.53,60.53
2985,1217,79,1,25.7,25.7
2986,1217,2,4,23.36,93.44
2987,1218,94,2,53.93,107.86
2988,1219,48,1,105.97,105.97
2989,1219,96,2,52.16,104.32
2990,1219,23,1,119.53,119.53
2991,1219,66,1,55.89,55.89
2992,1220,6,2,110.46,220.92
2993,1220,13,1,38.92,38.92
2994,1221,38,1,63.21,63.21
2995,1222,138,1,52.44,52.44
2996,1222,67,2,84.73,169.46
2997,1222,41,1,118.47,118.47
2998,1222,75,1,105.54,105.54
2999,1222,17,3,13.63,40.89
3000,1223,52,1,134.6,134.6
3001,1224,75,1,118.87,118.87
3002,1225,124,4,17.66,70.64
3003,1225,138,2,55.59,111.18
3004,1226,131,1,37.22,37.22
3005,1226,26,1,57.39,57.39
3006,1227,91,3,7.72,23.16
3007,1228,13,1,39.01,39.01
3008,1228,79,1,24.53,24.53
3009,1228,86,1,14.66,14.66
3010,1228,93,4,59.84,239.36
3011,1229,43,1,70.75,70.75
3012,1229,29,2,31.95,63.9
3013,1230,112,1,25.64,25.64
3014,1230,122,4,36.94,147.76
3015,1231,47,1,74.21,74.21
3016,1231,66,5,55.41,277.05
3017,1231,13,2,40.46,80.92
3018,1231,18,1,64.72,64.72
3019,1232,134,2,42.92,85.84
3020,1233,48,1,102.01,102.01
3021,1233,86,1,14.99,14.99
3022,1233,119,1,18.83,18.83
3023,1233,47,3,79.27,237.81
3024,1234,66,1,58.69,58.69
3025,1235,75,2,106.04,212.08
3026,1235,121,1,7.84,7.84
3027,1235,65,1,32.59,32.59
3028,1236,91,3,7.55,22.65
3029,1236,121,1,7.56,7.56
3030,1236,79,3,25.24,75.72
3031,1237,48,1,105.36,105.36
3032,1237,17,1,14.34,14.34
3033,1237,140,2,80.96,161.92
3034,1238,6,2,109.5,219.0
3035,1238,66,2,52.23,104.46
3036,1239,6,1,113.62,113.62
3037,1240,150,5,70.47,352.35
3038,1241,137,1,71.9,71.9
3039,1241,111,1,40.94,40.94
3040,1242,101,1,47.38,47.38
3041,1242,28,2,68.13,136.26
3042,1243,102,1,38.98,38.98
3043,1243,76,2,25.87,51.74
3044,1243,48,1,108.56,108.56
3045,1244,63,1,92.66,92.66
3046,1244,18,1,70.57,70.57
3047,1244,109,1,49.31,49.31
3048,1245,93,1,57.1,57.1
3049,1246,93,2,54.44,108.88
3050,1246,107,1,30.61,30.61
3051,1247,91,1,7.91,7.91
3052,1247,38,2,70.16,140.32
3053,1248,62,1,165.56,165.56
3054,1248,110,1,43.52,43.52
3055,1248,13,3,40.92,122.76
3056,1248,52,2,143.26,286.52
3057,1249,79,1,27.44,27.44
3058,1249,48,1,99.22,99.22
3059,1250,13,1,40.43,40.43
3060,1250,103,3,35.31,105.93
3061,1251,144,1,18.75,18.75
3062,1251,91,1,7.31,7.31
3063,1251,121,4,7.78,31.12
3064,1251,2,2,23.85,47.7
3065,1251,68,3,179.51,538.53
3066,1251,136,1,44.8,44.8
3067,1252,121,1,7.66,7.66
3068,1253,91,1,7.52,7.52
3069,1253,93,1,57.77,57.77
3070,1253,134,1,44.13,44.13
3071,1254,129,1,34.23,34.23
3072,1254,52,1,127.86,127.86
3073,1255,79,2,25.67,51.34
3074,1255,39,1,138.73,138.73
3075,1255,9,4,23.61,94.44
3076,1255,74,1,19.97,19.97
3077,1256,3,3,61.88,185.64
3078,1256,86,1,15.47,15.47
3079,1256,122,1,36.82,36.82
3080,1256,43,2,73.77,147.54
3081,1257,81,1,7.34,7.34
3082,1258,82,1,27.45,27.45
3083,1258,91,1,7.22,7.22
3084,1258,17,3,13.54,40.62
3085,1259,47,1,81.95,81.95
3086,1259,48,1,96.06,96.06
3087,1259,79,1,25.24,25.24
3088,1260,79,1,25.42,25.42
3089,1261,89,1,59.62,59.62
3090,1261,48,3,97.16,291.48
3091,1261,121,3,7.95,23.85
3092,1261,134,1,41.86,41.86
3093,1261,93,1,56.03,56.03
3094,1262,140,1,85.29,85.29
3095,1263,79,2,25.26,50.52
3096,1264,34,3,19.67,59.01
3097,1264,54,1,54.37,54.37
3098,1265,48,1,99.91,99.91
3099,1265,91,1,7.16,7.16
3100,1266,79,1,26.98,26.98
3101,1266,17,1,12.95,12.95
3102,1267,103,1,37.52,37.52
3103,1268,121,2,7.41,14.82
3104,1268,119,1,19.2,19.2
3105,1269,134,1,45.25,45.25
3106,1269,148,1,40.79,40.79
3107,1270,48,2,101.49,202.98
3108,1270,136,2,44.48,88.96
3109,1271,34,2,21.48,42.96
3110,1272,2,1,22.21,22.21
3111,1272,83,1,42.99,42.99
3112,1272,96,3,46.3,138.9
3113,1272,89,1,61.33,61.33
3114,1272,100,1,36.83,36.83
3115,1272,25,1,92.79,92.79
3116,1273,144,1,18.51,18.51
3117,1274,140,2,90.41,180.82
3118,1274,90,3,29.88,89.64
3119,1275,48,1,108.36,108.36
3120,1276,53,1,153.81,153.81
3121,1277,89,2,57.9,115.8
3122,1277,112,2,27.03,54.06
3123,1277,91,4,7.61,30.44
3124,1277,32,1,10.38,10.38
3125,1278,48,1,98.02,98.02
3126,1278,79,2,27.5,55.0
3127,1279,81,3,7.56,22.68
3128,1279,48,1,104.93,104.93
3129,1280,13,1,38.14,38.14
3130,1280,38,1,66.56,66.56
3131,1281,17,1,13.91,13.91
3132,1281,111,1,39.38,39.38
3133,1282,112,1,25.37,25.37
3134,1282,66,1,58.91,58.91
3135,1283,32,1,10.37,10.37
3136,1283,91,3,7.58,22.74
3137,1284,16,1,107.26,107.26
3138,1284,47,1,80.19,80.19
3139,1284,48,1,99.86,99.86
3140,1284,112,1,25.32,25.32
3141,1285,79,1,26.35,26.35
3142,1286,134,1,43.55,43.55
3143,1286,20,1,72.32,72.32
3144,1286,16,1,114.02,114.02
3145,1287,62,1,162.08,162.08
3146,1287,121,1,7.61,7.61
3147,1288,6,1,122.93,122.93
3148,1288,91,1,7.14,7.14
3149,1288,124,3,17.77,53.31
3150,1288,79,2,25.6,51.2
3151,1289,93,1,60.0,60.0
3152,1289,75,2,118.17,236.34
3153,1289,81,3,7.71,23.13
3154,1289,34,2,21.75,43.5
3155,1290,104,2,36.69,73.38
3156,1291,1,2,86.65,173.3
3157,1291,66,2,52.65,105.3
3158,1291,2,1,24.84,24.84
3159,1291,81,2,7.48,14.96
3160,1291,91,1,7.27,7.27
3161,1292,124,1,18.74,18.74
3162,1292,32,4,10.43,41.72
3163,1292,84,3,18.56,55.68
3164,1292,77,1,48.69,48.69
3165,1292,67,1,92.38,92.38
3166,1293,68,1,186.17,186.17
3167,1293,48,1,97.51,97.51
3168,1293,51,1,61.88,61.88
3169,1293,89,1,60.27,60.27
3170,1293,137,1,72.54,72.54
3171,1294,75,1,109.26,109.26
3172,1295,49,2,66.8,133.6
3173,1295,115,5,14.45,72.25
3174,1296,89,1,58.44,58.44
3175,1296,66,1,52.96,52.96
3176,1296,48,2,100.22,200.44
3177,1296,2,1,23.2,23.2
3178,1296,91,1,7.9,7.9
3179,1297,89,3,54.83,164.49
3180,1298,60,1,32.9,32.9
3181,1298,17,1,13.61,13.61
3182,1299,134,2,40.29,80.58
3183,1300,55,1,83.6,83.6
3184,1300,47,1,82.2,82.2
3185,1300,48,1,101.06,101.06
3186,1300,91,4,7.17,28.68
3187,1301,135,1,31.11,31.11
3188,1302,121,1,7.7,7.7
3189,1302,48,2,95.62,191.24
3190,1302,62,2,169.11,338.22
3191,1303,86,1,14.28,14.28
3192,1304,48,1,100.78,100.78
3193,1304,13,1,40.21,40.21
3194,1304,93,1,60.49,60.49
3195,1304,91,1,7.36,7.36
3196,1304,149,1,89.63,89.63
3197,1305,66,1,59.72,59.72
3198,1306,141,1,68.23,68.23
3199,1306,13,1,39.33,39.33
3200,1306,34,1,20.81,20.81
3201,1307,79,1,27.99,27.99
3202,1307,88,2,13.81,27.62
3203,1308,10,1,94.17,94.17
3204,1308,79,2,24.99,49.98
3205,1309,80,2,15.5,31.0
3206,1310,48,1,107.69,107.69
3207,1310,110,1,42.59,42.59
3208,1311,121,2,7.39,14.78
3209,1311,77,1,51.85,51.85
3210,1311,55,1,84.62,84.62
3211,1312,134,1,44.55,44.55
3212,1312,129,1,32.75,32.75
3213,1312,86,3,13.52,40.56
3214,1313,17,1,13.47,13.47
3215,1313,136,3,41.39,124.17
3216,1314,24,1,82.76,82.76
3217,1315,48,3,104.56,313.68
3218,1315,96,3,53.21,159.63
3219,1315,150,1,67.81,67.81
3220,1316,124,1,17.83,17.83
3221,1316,16,1,111.17,111.17
3222,1316,138,1,55.37,55.37
3223,1316,57,2,69.64,139.28
3224,1316,48,4,105.8,423.2
3225,1317,66,1,58.71,58.71
3226,1317,144,2,17.32,34.64
3227,1317,1,1,83.63,83.63
3228,1318,91,5,8.02,40.1
3229,1318,150,1,68.29,68.29
3230,1319,91,1,7.61,7.61
3231,1319,48,3,98.29,294.87
3232,1320,68,1,168.31,168.31
3233,1320,25,1,96.97,96.97
3234,1320,48,1,107.42,107.42
3235,1321,75,1,111.75,111.75
3236,1321,13,2,38.63,77.26
3237,1321,91,2,6.96,13.92
3238,1321,48,1,103.48,103.48
3239,1321,34,3,21.48,64.44
3240,1322,89,1,57.24,57.24
3241,1322,91,1,7.91,7.91
3242,1322,43,2,69.09,138.18
3243,1323,47,3,80.44,241.32
3244,1323,43,1,76.24,76.24
3245,1323,138,4,55.71,222.84
3246,1323,67,1,90.77,90.77
3247,1323,119,1,20.13,20.13
3248,1323,48,1,100.9,100.9
3249,1324,66,1,54.66,54.66
3250,1324,48,2,104.19,208.38
3251,1324,134,1,42.52,42.52
3252,1325,91,1,7.39,7.39
3253,1326,48,2,102.1,204.2
3254,1327,13,1,38.02,38.02
3255,1328,26,1,57.38,57.38
3256,1328,66,2,58.51,117.02
3257,1328,14,1,51.68,51.68
3258,1329,91,1,7.07,7.07
3259,1329,82,1,27.34,27.34
3260,1330,38,2,64.0,128.0
3261,1330,66,1,60.1,60.1
3262,1331,13,1,36.29,36.29
3263,1331,91,1,7.09,7.09
3264,1332,107,1,29.57,29.57
3265,1332,52,2,131.4,262.8
3266,1332,134,1,41.83,41.83
3267,1332,93,1,60.23,60.23
3268,1333,80,1,17.06,17.06
3269,1334,91,1,7.02,7.02
3270,1334,17,1,12.81,12.81
3271,1335,25,1,84.6,84.6
3272,1335,138,1,59.5,59.5
3273,1335,66,1,58.59,58.59
3274,1336,119,5,17.55,87.75
3275,1336,133,2,70.77,141.54
3276,1337,91,1,7.54,7.54
3277,1338,121,1,7.8,7.8
3278,1338,55,3,86.7,260.1
3279,1338,91,3,7.65,22.95
3280,1338,13,1,37.39,37.39
3281,1338,68,1,169.19,169.19
3282,1339,86,1,15.36,15.36
3283,1340,75,3,106.67,320.01
3284,1340,13,2,38.46,76.92
3285,1340,86,1,13.6,13.6
3286,1340,90,2,31.42,62.84
3287,1341,134,3,39.96,119.88
3288,1341,86,1,14.72,14.72
3289,1341,91,1,6.97,6.97
3290,1341,32,1,9.93,9.93
3291,1341,70,1,48.32,48.32
3292,1341,75,1,114.56,114.56
3293,1342,1,1,83.56,83.56
3294,1343,67,1,84.16,84.16
3295,1343,48,3,103.0,309.0
3296,1343,91,1,7.66,7.66
3297,1344,110,2,41.0,82.0
3298,1344,91,2,7.09,14.18
3299,1344,79,1,28.02,28.02
3300,1344,112,3,28.04,84.12
3301,1345,28,2,66.17,132.34
3302,1345,55,2,92.08,184.16
3303,1346,138,1,59.91,59.91
3304,1346,134,1,42.39,42.39
3305,1346,100,2,37.29,74.58
3306,1347,70,2,44.21,88.42
3307,1347,91,1,8.01,8.01
3308,1347,140,1,81.35,81.35
3309,1348,13,1,37.07,37.07
3310,1348,38,2,71.63,143.26
3311,1348,91,2,7.43,14.86
3312,1349,96,1,50.86,50.86
3313,1349,112,1,26.69,26.69
3314,1349,48,1,99.78,99.78
3315,1350,134,1,45.77,45.77
3316,1350,93,1,55.42,55.42
3317,1351,38,2,69.47,138.94
3318,1351,57,1,72.23,72.23
3319,1352,147,1,86.37,86.37
3320,1353,3,1,62.65,62.65
3321,1353,138,2,58.27,116.54
3322,1354,107,1,31.6,31.6
3323,1354,67,1,84.77,84.77
3324,1354,134,1,41.66,41.66
3325,1354,136,2,43.32,86.64
3326,1355,107,3,33.33,99.99
3327,1355,53,2,148.85,297.7
3328,1355,38,1,64.36,64.36
3329,1355,86,1,14.61,14.61
3330,1356,112,1,25.26,25.26
3331,1357,96,2,52.6,105.2
3332,1357,48,1,108.4,108.4
3333,1357,148,2,38.92,77.84
3334,1357,63,2,96.43,192.86
3335,1358,110,1,43.32,43.32
3336,1358,32,1,9.56,9.56
3337,1358,38,1,63.16,63.16
3338,1358,84,1,18.2,18.2
3339,1359,127,1,28.34,28.34
3340,1360,91,5,7.81,39.05
3341,1360,81,1,7.39,7.39
3342,1361,105,5,31.27,156.35
3343,1362,79,1,24.4,24.4
3344,1362,126,1,22.06,22.06
3345,1362,1,1,84.78,84.78
3346,1363,10,1,93.17,93.17
3347,1363,6,5,109.41,547.05
3348,1363,149,2,80.49,160.98
3349,1363,93,1,61.46,61.46
3350,1364,48,1,104.4,104.4
3351,1365,65,1,29.39,29.39
3352,1366,138,1,54.38,54.38
3353,1366,48,1,99.11,99.11
3354,1367,48,4,95.64,382.56
3355,1367,91,2,6.9,13.8
3356,1368,25,1,84.69,84.69
3357,1369,7,1,26.1,26.1
3358,1369,79,1,25.12,25.12
3359,1369,93,2,56.57,113.14
3360,1370,44,1,51.16,51.16
3361,1370,54,1,50.52,50.52
3362,1370,17,2,13.62,27.24
3363,1370,79,2,27.57,55.14
3364,1371,50,1,27.74,27.74
3365,1372,76,1,24.25,24.25
3366,1373,48,1,104.64,104.64
3367,1374,52,1,126.66,126.66
3368,1374,116,1,39.86,39.86
3369,1374,66,4,57.85,231.4
3370,1375,26,1,56.29,56.29
3371,1376,108,1,8.04,8.04
3372,1377,91,2,7.86,15.72
3373,1377,48,3,95.01,285.03
3374,1378,149,3,80.79,242.37
3375,1378,90,1,31.87,31.87
3376,1378,34,1,19.28,19.28
3377,1379,91,2,7.86,15.72
3378,1379,135,1,32.47,32.47
3379,1380,96,1,48.48,48.48
3380,1380,87,1,35.94,35.94
3381,1381,79,3,25.12,75.36
3382,1381,108,1,7.58,7.58
3383,1381,34,1,20.81,20.81
3384,1381,86,1,14.83,14.83
3385,1382,32,1,9.95,9.95
3386,1382,139,1,61.63,61.63
3387,1383,55,3,90.94,272.82
3388,1383,22,3,95.82,287.46
3389,1383,111,3,39.65,118.95
3390,1383,48,1,108.41,108.41
3391,1383,96,1,51.75,51.75
3392,1384,91,1,7.63,7.63
3393,1384,38,3,70.65,211.95
3394,1384,96,1,51.94,51.94
3395,1384,13,4,37.11,148.44
3396,1385,38,1,63.14,63.14
3397,1386,104,4,38.53,154.12
3398,1386,81,1,7.24,7.24
3399,1387,17,1,14.25,14.25
3400,1387,47,1,71.61,71.61
3401,1387,101,1,43.7,43.7
3402,1387,48,2,104.39,208.78
3403,1387,111,2,40.57,81.14
3404,1388,13,2,38.29,76.58
3405,1388,11,1,63.54,63.54
3406,1388,48,1,104.21,104.21
3407,1389,80,1,16.74,16.74
3408,1389,114,1,15.47,15.47
3409,1389,66,3,52.12,156.36
3410,1389,11,2,60.81,121.62
3411,1389,122,1,35.21,35.21
3412,1389,138,1,59.34,59.34
3413,1390,133,4,70.81,283.24
3414,1391,85,2,41.97,83.94
3415,1391,140,1,84.02,84.02
3416,1391,119,2,17.65,35.3
3417,1392,107,1,33.35,33.35
3418,1392,66,1,55.66,55.66
3419,1392,52,1,126.89,126.89
3420,1392,26,5,50.38,251.9
3421,1392,17,1,14.2,14.2
3422,1393,48,1,99.2,99.2
3423,1393,150,2,66.48,132.96
3424,1394,123,1,42.21,42.21
3425,1394,148,1,43.82,43.82
3426,1395,91,1,7.17,7.17
3427,1395,48,1,100.47,100.47
3428,1395,135,1,31.33,31.33
3429,1396,121,4,7.79,31.16
3430,1396,62,1,158.78,158.78
3431,1397,48,1,98.03,98.03
3432,1397,137,1,72.35,72.35
3433,1397,18,1,69.36,69.36
3434,1398,86,1,14.57,14.57
3435,1399,13,1,38.81,38.81
3436,1399,93,1,60.04,60.04
3437,1400,137,2,73.16,146.32
3438,1400,138,3,54.07,162.21
3439,1401,48,1,98.79,98.79
3440,1401,2,1,24.65,24.65
3441,1401,141,2,70.94,141.88
3442,1401,47,1,75.0,75.0
3443,1401,89,2,59.19,118.38
3444,1401,144,1,17.41,17.41
3445,1402,134,1,42.08,42.08
3446,1402,136,1,46.23,46.23
3447,1403,91,1,7.8,7.8
3448,1403,13,1,38.14,38.14
3449,1403,38,2,69.82,139.64
3450,1403,66,2,58.79,117.58
3451,1403,140,1,83.86,83.86
3452,1404,12,2,92.38,184.76
3453,1404,79,3,27.94,83.82
3454,1404,136,2,41.71,83.42
3455,1404,134,1,44.99,44.99
3456,1405,52,1,132.32,132.32
3457,1405,48,2,95.06,190.12
3458,1405,107,1,32.03,32.03
3459,1405,93,1,60.52,60.52
3460,1406,100,1,37.55,37.55
3461,1406,135,2,33.51,67.02
3462,1406,26,1,51.31,51.31
3463,1407,96,1,49.53,49.53
3464,1407,81,1,7.66,7.66
3465,1407,144,1,17.82,17.82
3466,1407,126,1,22.84,22.84
3467,1408,82,3,27.63,82.89
3468,1408,91,2,6.9,13.8
3469,1408,127,1,26.43,26.43
3470,1408,107,2,30.74,61.48
3471,1409,62,1,155.96,155.96
3472,1409,140,1,82.18,82.18
3473,1410,140,1,87.53,87.53
3474,1410,81,3,7.53,22.59
3475,1410,91,1,7.94,7.94
3476,1410,119,2,19.75,39.5
3477,1410,13,1,35.18,35.18
3478,1411,137,1,69.82,69.82
3479,1412,66,1,52.82,52.82
3480,1412,62,1,153.76,153.76
3481,1413,96,1,47.66,47.66
3482,1414,18,4,65.23,260.92
3483,1414,136,1,43.63,43.63
3484,1414,76,1,26.29,26.29
3485,1415,70,1,45.64,45.64
3486,1415,127,1,27.55,27.55
3487,1416,81,1,7.8,7.8
3488,1417,31,1,71.3,71.3
3489,1417,79,1,25.74,25.74
3490,1417,114,1,14.88,14.88
3491,1418,48,2,107.29,214.58
3492,1418,91,1,7.79,7.79
3493,1418,38,1,63.34,63.34
3494,1419,48,2,103.26,206.52
3495,1419,112,2,28.22,56.44
3496,1419,55,1,86.86,86.86
3497,1420,63,1,95.79,95.79
3498,1420,79,1,25.71,25.71
3499,1420,37,1,27.68,27.68
3500,1420,86,4,13.71,54.84
3501,1421,66,2,60.18,120.36
3502,1422,115,1,12.75,12.75
3503,1423,137,2,66.81,133.62
3504,1424,18,2,72.84,145.68
3505,1424,48,1,99.1,99.1
3506,1424,91,1,7.79,7.79
3507,1424,150,1,65.89,65.89
3508,1424,73,1,90.66,90.66
3509,1425,112,1,27.9,27.9
3510,1425,17,2,14.1,28.2
3511,1425,77,1,49.22,49.22
3512,1426,101,1,45.01,45.01
3513,1426,129,1,33.65,33.65
3514,1426,39,2,144.13,288.26
3515,1426,48,1,110.08,110.08
3516,1427,76,1,26.18,26.18
3517,1427,144,2,17.67,35.34
3518,1428,134,1,40.65,40.65
3519,1428,48,1,108.3,108.3
3520,1428,66,1,54.08,54.08
3521,1429,112,1,25.65,25.65
3522,1429,55,1,83.95,83.95
3523,1429,111,1,40.79,40.79
3524,1429,91,1,7.88,7.88
3525,1429,93,2,57.59,115.18
3526,1430,138,1,54.05,54.05
3527,1430,17,1,14.61,14.61
3528,1430,91,2,6.96,13.92
3529,1430,121,2,7.16,14.32
3530,1430,34,1,19.92,19.92
3531,1431,48,2,98.75,197.5
3532,1432,17,1,13.65,13.65
3533,1432,91,1,7.01,7.01
3534,1432,129,2,33.28,66.56
3535,1432,15,1,107.7,107.7
3536,1433,49,1,71.71,71.71
3537,1433,107,1,30.86,30.86
3538,1433,140,2,89.46,178.92
3539,1433,17,1,13.98,13.98
3540,1433,81,4,7.71,30.84
3541,1434,138,3,58.86,176.58
3542,1434,133,1,75.81,75.81
3543,1434,104,1,35.96,35.96
3544,1435,86,1,13.53,13.53
3545,1435,110,1,38.05,38.05
3546,1435,139,1,58.15,58.15
3547,1436,53,2,142.55,285.1
3548,1436,26,1,52.87,52.87
3549,1436,48,2,110.29,220.58
3550,1437,102,1,37.81,37.81
3551,1438,91,3,7.09,21.27
3552,1438,48,3,95.51,286.53
3553,1439,86,3,14.61,43.83
3554,1440,129,1,32.87,32.87
3555,1441,93,3,60.96,182.88
3556,1441,104,1,35.97,35.97
3557,1442,147,2,86.67,173.34
3558,1442,48,3,102.0,306.0
3559,1442,91,1,6.94,6.94
3560,1443,48,1,100.09,100.09
3561,1443,147,1,90.84,90.84
3562,1443,38,4,66.02,264.08
3563,1443,76,2,26.89,53.78
3564,1443,96,2,46.53,93.06
3565,1444,111,1,39.5,39.5
3566,1444,38,3,71.55,214.65
3567,1445,110,1,41.71,41.71
3568,1446,75,1,109.62,109.62
3569,1446,134,1,46.12,46.12
3570,1447,105,1,31.32,31.32
3571,1448,135,2,33.41,66.82
3572,1448,22,2,99.15,198.3
3573,1448,13,1,36.92,36.92
3574,1449,32,1,10.38,10.38
3575,1449,101,3,47.61,142.83
3576,1450,48,2,97.09,194.18
3577,1450,55,5,84.27,421.35
3578,1450,91,1,7.5,7.5
3579,1451,82,5,27.97,139.85
3580,1451,13,1,36.38,36.38
3581,1452,13,1,37.97,37.97
3582,1453,81,1,7.32,7.32
3583,1453,133,2,81.27,162.54
3584,1454,84,3,16.86,50.58
3585,1454,111,1,43.21,43.21
3586,1454,150,2,69.36,138.72
3587,1455,91,1,7.86,7.86
3588,1455,66,1,57.33,57.33
3589,1456,91,5,7.82,39.1
3590,1456,79,1,26.15,26.15
3591,1456,11,1,61.65,61.65
3592,1456,93,1,61.52,61.52
3593,1457,62,1,169.67,169.67
3594,1457,44,1,57.09,57.09
3595,1458,57,1,77.91,77.91
3596,1458,48,1,105.85,105.85
3597,1458,129,1,32.09,32.09
3598,1459,17,1,13.27,13.27
3599,1459,32,2,9.86,19.72
3600,1459,66,1,53.58,53.58
3601,1459,138,3,52.76,158.28
3602,1459,48,2,108.5,217.0
3603,1459,88,1,12.92,12.92
3604,1460,118,2,41.26,82.52
3605,1460,102,5,35.7,178.5
3606,1461,53,1,140.04,140.04
3607,1461,44,1,55.39,55.39
3608,1461,50,1,29.49,29.49
3609,1461,38,4,66.34,265.36
3610,1462,48,2,99.49,198.98
3611,1463,116,1,35.92,35.92
3612,1463,48,1,97.85,97.85
3613,1464,121,1,7.32,7.32
3614,1464,54,1,53.26,53.26
3615,1465,5,2,76.87,153.74
3616,1465,91,1,7.05,7.05
3617,1465,134,1,40.3,40.3
3618,1465,66,2,56.37,112.74
3619,1466,48,4,101.07,404.28
3620,1466,119,1,18.66,18.66
3621,1466,22,1,95.66,95.66
3622,1466,89,1,57.26,57.26
3623,1467,26,1,54.76,54.76
3624,1467,89,2,56.98,113.96
3625,1467,91,1,7.84,7.84
3626,1468,44,1,58.37,58.37
3627,1468,134,1,41.83,41.83
3628,1468,84,4,17.21,68.84
3629,1468,67,1,86.79,86.79
3630,1468,136,1,40.43,40.43
3631,1468,48,1,97.18,97.18
3632,1469,96,4,47.1,188.4
3633,1469,119,1,19.4,19.4
3634,1469,23,1,110.73,110.73
3635,1470,49,1,64.33,64.33
3636,1470,93,2,55.28,110.56
3637,1470,129,1,34.45,34.45
3638,1470,144,1,18.36,18.36
3639,1471,48,1,109.87,109.87
3640,1471,86,2,13.87,27.74
3641,1471,50,2,28.88,57.76
3642,1471,2,2,24.99,49.98
3643,1472,1,1,84.73,84.73
3644,1472,48,1,95.11,95.11
3645,1473,133,1,72.04,72.04
3646,1473,68,1,168.62,168.62
3647,1474,9,2,25.47,50.94
3648,1474,48,1,97.81,97.81
3649,1474,13,2,38.59,77.18
3650,1474,129,2,34.68,69.36
3651,1474,66,1,59.81,59.81
3652,1474,119,3,17.46,52.38
3653,1475,79,1,26.16,26.16
3654,1475,55,4,83.79,335.16
3655,1476,38,3,72.75,218.25
3656,1476,89,1,58.53,58.53
3657,1476,62,1,154.34,154.34
3658,1476,53,1,149.05,149.05
3659,1477,48,1,98.78,98.78
3660,1477,148,3,40.48,121.44
3661,1478,13,1,36.41,36.41
3662,1478,136,1,43.02,43.02
3663,1479,48,1,102.49,102.49
3664,1479,26,2,56.91,113.82
3665,1479,65,2,29.62,59.24
3666,1479,148,1,38.36,38.36
3667,1480,14,3,54.85,164.55
3668,1480,13,1,36.83,36.83
3669,1480,48,1,99.18,99.18
3670,1481,110,1,42.81,42.81
3671,1481,119,2,18.91,37.82
3672,1481,136,4,46.0,184.0
3673,1482,38,2,69.76,139.52
3674,1482,41,2,118.72,237.44
3675,1482,134,1,45.62,45.62
3676,1482,62,1,169.92,169.92
3677,1483,22,1,97.62,97.62
3678,1483,32,3,9.97,29.91
3679,1483,103,3,36.37,109.11
3680,1484,48,1,97.52,97.52
3681,1484,18,2,71.65,143.3
3682,1484,149,4,78.31,313.24
3683,1485,67,1,81.52,81.52
3684,1486,98,2,34.63,69.26
3685,1487,48,1,107.27,107.27
3686,1487,134,1,44.05,44.05
3687,1487,137,1,66.15,66.15
3688,1487,77,5,51.76,258.8
3689,1487,66,1,55.41,55.41
3690,1488,134,5,41.25,206.25
3691,1488,48,1,105.04,105.04
3692,1489,134,1,46.46,46.46
3693,1490,123,5,41.5,207.5
3694,1490,65,1,33.98,33.98
3695,1490,79,1,25.87,25.87
3696,1490,68,1,183.97,183.97
3697,1491,138,1,58.84,58.84
3698,1492,14,2,52.73,105.46
3699,1493,66,1,53.82,53.82
3700,1493,91,1,6.93,6.93
3701,1494,121,1,7.0,7.0
3702,1494,104,3,39.1,117.3
3703,1494,75,1,110.64,110.64
3704,1495,89,2,55.51,111.02
3705,1495,38,1,65.25,65.25
3706,1495,65,1,31.15,31.15
3707,1496,43,1,79.27,79.27
3708,1496,109,3,48.81,146.43
3709,1496,93,1,56.08,56.08
3710,1497,134,1,44.97,44.97
3711,1497,107,4,29.77,119.08
3712,1497,24,1,80.06,80.06
3713,1497,98,4,38.08,152.32
3714,1497,48,2,102.5,205.0
3715,1498,48,2,101.96,203.92
3716,1498,31,1,74.4,74.4
3717,1499,77,1,51.1,51.1
3718,1500,66,2,55.22,110.44
3719,1500,109,1,51.48,51.48
3720,1501,105,4,32.17,128.68
3721,1502,48,1,101.66,101.66
3722,1503,104,1,40.22,40.22
3723,1503,134,1,42.1,42.1
3724,1504,96,3,52.43,157.29
3725,1505,48,1,96.65,96.65
3726,1505,54,1,49.97,49.97
3727,1506,96,1,52.86,52.86
3728,1507,67,1,90.35,90.35
3729,1507,13,1,39.69,39.69
3730,1508,107,1,32.55,32.55
3731,1508,95,1,44.83,44.83
3732,1508,100,1,38.47,38.47
3733,1509,134,1,40.26,40.26
3734,1510,121,1,7.6,7.6
3735,1510,62,1,171.67,171.67
3736,1511,100,1,40.43,40.43
3737,1511,1,1,82.75,82.75
3738,1511,147,1,79.39,79.39
3739,1511,48,2,96.51,193.02
3740,1512,107,3,33.45,100.35
3741,1512,137,1,73.33,73.33
3742,1513,134,1,45.42,45.42
3743,1513,17,1,14.44,14.44
3744,1513,12,1,92.66,92.66
3745,1514,91,2,7.27,14.54
3746,1514,66,2,54.75,109.5
3747,1514,124,1,17.47,17.47
3748,1515,67,1,82.75,82.75
3749,1516,79,1,24.37,24.37
3750,1516,32,1,9.64,9.64
3751,1517,136,1,40.16,40.16
3752,1518,38,2,68.41,136.82
3753,1518,13,1,37.91,37.91
3754,1519,54,1,56.75,56.75
3755,1520,134,1,45.41,45.41
3756,1520,26,1,50.75,50.75
3757,1520,82,1,25.19,25.19
3758,1521,24,2,89.29,178.58
3759,1521,86,1,14.11,14.11
3760,1521,119,1,17.45,17.45
3761,1522,93,1,56.58,56.58
3762,1522,81,4,6.79,27.16
3763,1522,63,2,94.23,188.46
3764,1522,134,3,40.52,121.56
3765,1523,7,1,24.23,24.23
3766,1523,51,1,56.94,56.94
3767,1523,16,1,111.82,111.82
3768,1523,13,2,37.76,75.52
3769,1523,143,1,88.57,88.57
3770,1523,102,1,38.3,38.3
3771,1524,84,2,17.48,34.96
3772,1524,38,1,72.45,72.45
3773,1524,79,1,27.45,27.45
3774,1524,18,1,66.53,66.53
3775,1525,119,2,17.84,35.68
3776,1526,111,5,43.58,217.9
3777,1527,136,1,46.16,46.16
3778,1527,48,3,95.34,286.02
3779,1527,1,1,77.83,77.83
3780,1528,57,1,72.72,72.72
3781,1528,136,1,42.94,42.94
3782,1528,13,1,38.97,38.97
3783,1528,105,2,31.0,62.0
3784,1529,100,2,40.86,81.72
3785,1529,14,2,49.39,98.78
3786,1530,119,1,18.25,18.25
3787,1530,62,1,156.23,156.23
3788,1530,84,1,17.45,17.45
3789,1531,76,2,24.97,49.94
3790,1532,48,1,96.19,96.19
3791,1532,26,1,51.64,51.64
3792,1532,138,3,53.94,161.82
3793,1533,38,1,68.36,68.36
3794,1533,86,1,14.95,14.95
3795,1533,136,1,42.02,42.02
3796,1533,48,2,98.3,196.6
3797,1534,53,1,134.07,134.07
3798,1534,110,1,40.15,40.15
3799,1534,48,1,110.01,110.01
3800,1534,101,1,46.86,46.86
3801,1534,9,1,23.29,23.29
3802,1535,91,1,7.83,7.83
3803,1536,47,2,82.02,164.04
3804,1536,24,1,81.16,81.16
3805,1536,48,1,102.78,102.78
3806,1536,74,2,20.92,41.84
3807,1536,146,1,36.45,36.45
3808,1537,96,1,49.37,49.37
3809,1538,133,2,71.6,143.2
3810,1539,84,1,18.6,18.6
3811,1539,68,1,172.36,172.36
3812,1540,16,1,104.27,104.27
3813,1541,79,4,27.02,108.08
3814,1542,61,1,36.99,36.99
3815,1543,26,1,55.8,55.8
3816,1544,147,5,84.42,422.1
3817,1544,24,1,89.38,89.38
3818,1545,53,1,153.58,153.58
3819,1545,43,1,79.34,79.34
3820,1546,47,1,73.43,73.43
3821,1546,37,2,26.22,52.44
3822,1547,122,1,34.78,34.78
3823,1547,48,1,106.93,106.93
3824,1547,109,1,47.11,47.11
3825,1547,129,1,33.75,33.75
3826,1548,48,1,98.57,98.57
3827,1549,80,3,16.31,48.93
3828,1550,48,3,102.86,308.58
3829,1551,100,1,36.4,36.4
3830,1552,32,1,9.83,9.83
3831,1553,79,1,24.4,24.4
3832,1553,66,2,60.07,120.14
3833,1553,81,1,7.19,7.19
3834,1554,134,3,45.32,135.96
3835,1555,134,1,42.87,42.87
3836,1556,122,2,37.52,75.04
3837,1556,108,1,8.04,8.04
3838,1557,67,1,93.37,93.37
3839,1558,16,1,104.43,104.43
3840,1558,82,1,24.11,24.11
3841,1558,48,1,99.57,99.57
3842,1558,52,2,136.03,272.06
3843,1558,68,2,162.85,325.7
3844,1559,150,1,68.73,68.73
3845,1560,10,1,89.2,89.2
3846,1560,82,1,27.2,27.2
3847,1560,42,4,62.52,250.08
3848,1560,57,1,78.54,78.54
3849,1561,57,2,75.41,150.82
3850,1561,34,4,21.45,85.8
3851,1562,107,1,31.76,31.76
3852,1562,68,3,182.59,547.77
3853,1563,61,1,42.01,42.01
3854,1563,1,2,86.0,172.0
3855,1564,91,1,7.89,7.89
3856,1564,89,1,60.29,60.29
3857,1564,68,2,180.34,360.68
3858,1565,26,1,57.25,57.25
3859,1566,13,1,40.66,40.66
3860,1566,48,1,99.65,99.65
3861,1566,126,1,22.64,22.64
3862,1566,147,1,87.06,87.06
3863,1567,138,1,52.88,52.88
3864,1567,32,1,9.71,9.71
3865,1568,126,1,21.35,21.35
3866,1569,77,2,47.87,95.74
3867,1569,2,2,22.11,44.22
3868,1570,136,1,40.38,40.38
3869,1570,62,3,158.45,475.35
3870,1571,48,2,102.78,205.56
3871,1571,76,2,27.01,54.02
3872,1571,70,1,44.95,44.95
3873,1571,13,1,35.94,35.94
3874,1571,82,2,26.16,52.32
3875,1571,93,1,60.14,60.14
3876,1572,62,1,154.84,154.84
3877,1573,52,1,128.12,128.12
3878,1573,91,1,7.78,7.78
3879,1573,150,1,66.72,66.72
3880,1573,75,2,110.91,221.82
3881,1574,66,1,59.28,59.28
3882,1574,49,1,63.35,63.35
3883,1574,77,1,46.67,46.67
3884,1575,54,1,52.4,52.4
3885,1575,48,1,108.16,108.16
3886,1575,55,1,87.22,87.22
3887,1576,3,1,60.52,60.52
3888,1576,48,1,102.59,102.59
3889,1576,68,1,177.45,177.45
3890,1576,91,1,6.97,6.97
3891,1577,129,2,35.67,71.34
3892,1578,108,1,7.38,7.38
3893,1578,96,1,51.87,51.87
3894,1578,91,1,6.94,6.94
3895,1578,48,1,107.42,107.42
3896,1578,140,1,89.65,89.65
3897,1579,129,1,34.45,34.45
3898,1579,90,1,32.04,32.04
3899,1579,96,1,46.49,46.49
3900,1579,48,3,104.64,313.92
3901,1580,63,1,92.39,92.39
3902,1580,66,1,54.03,54.03
3903,1580,48,1,100.61,100.61
3904,1581,121,2,7.22,14.44
3905,1581,49,1,63.91,63.91
3906,1581,68,2,168.24,336.48
3907,1581,147,1,88.35,88.35
3908,1582,48,1,108.91,108.91
3909,1582,124,1,17.41,17.41
3910,1582,61,1,41.29,41.29
3911,1582,122,1,33.75,33.75
3912,1583,122,1,33.09,33.09
3913,1583,22,1,92.47,92.47
3914,1584,96,1,47.92,47.92
3915,1584,100,2,39.5,79.0
3916,1585,76,4,26.82,107.28
3917,1585,37,2,28.06,56.12
3918,1585,91,1,7.43,7.43
3919,1585,28,2,65.06,130.12
3920,1586,121,3,6.97,20.91
3921,1586,48,1,100.95,100.95
3922,1586,38,2,73.0,146.0
3923,1587,139,2,54.92,109.84
3924,1587,57,1,79.71,79.71
3925,1588,18,1,67.83,67.83
3926,1589,135,1,32.62,32.62
3927,1590,25,2,84.32,168.64
3928,1590,124,1,18.79,18.79
3929,1590,47,3,78.53,235.59
3930,1590,48,1,102.55,102.55
3931,1590,79,1,24.8,24.8
3932,1590,91,1,7.44,7.44
3933,1591,91,1,7.5,7.5
3934,1591,146,1,37.95,37.95
3935,1592,26,1,55.46,55.46
3936,1593,119,1,17.82,17.82
3937,1593,73,2,83.56,167.12
3938,1594,38,2,69.97,139.94
3939,1594,112,1,27.55,27.55
3940,1595,1,2,79.53,159.06
3941,1595,48,1,95.78,95.78
3942,1595,17,1,12.65,12.65
3943,1596,6,3,106.89,320.67
3944,1596,13,1,38.22,38.22
3945,1596,91,1,7.5,7.5
3946,1596,136,1,43.62,43.62
3947,1597,48,1,101.82,101.82
3948,1597,91,1,7.8,7.8
3949,1597,66,1,56.84,56.84
3950,1597,141,1,68.52,68.52
3951,1597,134,1,44.54,44.54
3952,1598,37,3,25.72,77.16
3953,1598,68,1,164.2,164.2
3954,1598,93,5,60.46,302.3
3955,1599,25,3,89.36,268.08
3956,1599,66,5,52.97,264.85
3957,1599,101,1,47.44,47.44
3958,1600,121,1,7.77,7.77
3959,1600,136,1,44.84,44.84
3960,1600,79,1,27.53,27.53
3961,1601,108,1,8.12,8.12
3962,1601,107,1,31.95,31.95
3963,1601,90,2,33.35,66.7
3964,1601,75,1,111.74,111.74
3965,1601,144,1,17.74,17.74
3966,1602,66,3,60.2,180.6
3967,1603,26,1,53.27,53.27
3968,1603,66,1,53.73,53.73
3969,1604,44,3,57.75,173.25
3970,1604,48,1,99.59,99.59
3971,1605,13,1,37.49,37.49
3972,1605,93,1,56.58,56.58
3973,1606,116,1,39.5,39.5
3974,1606,138,3,52.4,157.2
3975,1606,96,1,46.8,46.8
3976,1606,89,2,58.3,116.6
3977,1607,13,1,36.17,36.17
3978,1607,135,1,34.86,34.86
3979,1607,48,3,103.48,310.44
3980,1607,32,1,9.22,9.22
3981,1608,111,1,38.51,38.51
3982,1608,91,1,7.53,7.53
3983,1609,1,4,83.33,333.32
3984,1609,38,2,65.81,131.62
3985,1610,55,1,89.14,89.14
3986,1610,48,1,98.61,98.61
3987,1611,61,2,41.39,82.78
3988,1611,38,1,65.51,65.51
3989,1611,110,3,39.18,117.54
3990,1612,38,1,67.51,67.51
3991,1612,91,5,6.92,34.6
3992,1612,123,1,47.58,47.58
3993,1613,84,1,17.38,17.38
3994,1613,91,1,7.45,7.45
3995,1613,48,1,102.75,102.75
3996,1614,38,1,67.54,67.54
3997,1615,89,1,60.49,60.49
3998,1615,48,1,109.78,109.78
3999,1616,96,1,47.13,47.13
4000,1616,79,1,24.99,24.99
4001,1616,119,1,18.86,18.86
4002,1616,133,2,72.31,144.62
4003,1616,100,1,40.04,40.04
4004,1616,17,1,13.98,13.98
4005,1617,108,2,7.15,14.3
4006,1617,93,3,56.96,170.88
4007,1618,109,1,44.86,44.86
4008,1619,66,1,56.48,56.48
4009,1619,109,1,49.0,49.0
4010,1619,17,2,14.65,29.3
4011,1619,91,1,7.07,7.07
4012,1620,2,3,22.58,67.74
4013,1620,65,1,32.05,32.05
4014,1621,48,3,99.2,297.6
4015,1622,25,1,85.75,85.75
4016,1622,93,1,62.24,62.24
4017,1622,48,1,106.8,106.8
4018,1623,38,1,65.35,65.35
4019,1623,132,1,66.21,66.21
4020,1623,100,1,41.92,41.92
4021,1623,89,1,58.72,58.72
4022,1623,121,2,8.05,16.1
4023,1624,49,4,63.35,253.4
4024,1624,124,1,17.62,17.62
4025,1625,112,1,27.2,27.2
4026,1625,110,2,43.12,86.24
4027,1625,66,1,53.89,53.89
4028,1626,119,1,19.3,19.3
4029,1627,1,4,87.2,348.8
4030,1628,70,1,47.77,47.77
4031,1628,138,1,59.36,59.36
4032,1629,76,1,24.79,24.79
4033,1629,100,1,39.75,39.75
4034,1630,61,1,39.94,39.94
4035,1631,32,1,9.93,9.93
4036,1631,38,1,65.53,65.53
4037,1631,91,2,7.81,15.62
4038,1631,68,1,176.4,176.4
4039,1631,102,1,38.09,38.09
4040,1632,33,3,85.68,257.04
4041,1633,121,1,8.03,8.03
4042,1633,93,1,61.49,61.49
4043,1633,86,2,14.6,29.2
4044,1634,26,2,56.4,112.8
4045,1634,67,1,94.41,94.41
4046,1635,62,2,168.9,337.8
4047,1635,38,4,68.33,273.32
4048,1635,72,4,169.37,677.48
4049,1635,124,3,17.92,53.76
4050,1635,70,2,48.63,97.26
4051,1635,49,1,70.69,70.69
4052,1636,57,1,78.19,78.19
4053,1636,79,1,25.63,25.63
4054,1636,134,2,42.6,85.2
4055,1636,93,1,62.09,62.09
4056,1636,133,1,72.2,72.2
4057,1637,79,2,26.35,52.7
4058,1637,149,1,89.19,89.19
4059,1638,55,4,92.48,369.92
4060,1638,73,1,86.06,86.06
4061,1638,48,1,102.07,102.07
4062,1639,66,4,54.83,219.32
4063,1639,127,1,27.95,27.95
4064,1640,44,1,51.12,51.12
4065,1640,37,4,27.02,108.08
4066,1641,32,1,9.94,9.94
4067,1642,48,2,99.64,199.28
4068,1642,140,1,86.16,86.16
4069,1642,110,1,39.05,39.05
4070,1643,124,1,17.18,17.18
4071,1643,48,1,102.18,102.18
4072,1643,134,1,40.91,40.91
4073,1643,90,1,31.24,31.24
4074,1643,1,1,79.02,79.02
4075,1643,52,1,124.58,124.58
4076,1644,134,1,40.37,40.37
4077,1644,66,1,59.85,59.85
4078,1645,62,1,154.76,154.76
4079,1646,75,2,111.55,223.1
4080,1646,18,1,66.59,66.59
4081,1646,49,2,66.28,132.56
4082,1646,57,1,73.85,73.85
4083,1646,52,1,142.39,142.39
4084,1647,48,1,106.57,106.57
4085,1647,148,1,40.78,40.78
4086,1648,133,1,74.09,74.09
4087,1648,75,1,112.67,112.67
4088,1649,13,1,37.83,37.83
4089,1650,18,1,66.52,66.52
4090,1651,38,1,63.89,63.89
4091,1651,109,5,47.95,239.75
4092,1652,134,1,46.07,46.07
4093,1653,124,1,19.58,19.58
4094,1654,38,1,70.24,70.24
4095,1654,124,1,18.94,18.94
4096,1655,138,1,52.38,52.38
4097,1655,86,2,15.22,30.44
4098,1656,48,1,100.52,100.52
4099,1656,47,1,74.0,74.0
4100,1656,86,1,14.13,14.13
4101,1657,93,2,53.83,107.66
4102,1657,113,3,31.62,94.86
4103,1658,141,1,66.49,66.49
4104,1658,75,2,122.65,245.3
4105,1658,136,1,44.59,44.59
4106,1658,55,3,90.29,270.87
4107,1658,48,1,107.91,107.91
4108,1659,110,1,38.49,38.49
4109,1659,91,1,7.22,7.22
4110,1660,91,1,6.94,6.94
4111,1660,16,1,109.17,109.17
4112,1660,62,3,175.46,526.38
4113,1660,86,1,14.38,14.38
4114,1661,48,1,104.64,104.64
4115,1661,1,1,78.4,78.4
4116,1661,16,1,112.39,112.39
4117,1662,112,1,26.43,26.43
4118,1663,1,1,89.44,89.44
4119,1663,84,2,19.15,38.3
4120,1663,32,1,9.58,9.58
4121,1663,48,1,107.76,107.76
4122,1663,25,1,97.27,97.27
4123,1663,93,1,61.54,61.54
4124,1664,81,3,7.73,23.19
4125,1664,150,1,75.19,75.19
4126,1665,121,1,7.81,7.81
4127,1665,103,1,38.66,38.66
4128,1665,112,1,27.41,27.41
4129,1666,134,1,42.0,42.0
4130,1666,93,3,54.08,162.24
4131,1667,91,1,7.26,7.26
4132,1667,38,4,70.45,281.8
4133,1667,135,3,32.37,97.11
4134,1667,48,1,103.41,103.41
4135,1668,103,1,34.61,34.61
4136,1668,84,1,16.95,16.95
4137,1669,137,2,73.09,146.18
4138,1669,119,3,17.8,53.4
4139,1669,32,5,9.34,46.7
4140,1669,26,2,55.07,110.14
4141,1669,86,2,14.67,29.34
4142,1670,91,5,7.65,38.25
4143,1670,124,4,17.55,70.2
4144,1670,30,2,27.35,54.7
4145,1670,131,1,37.63,37.63
4146,1671,93,1,59.14,59.14
4147,1671,48,3,108.59,325.77
4148,1671,146,2,38.11,76.22
4149,1672,68,2,179.28,358.56
4150,1672,66,1,58.16,58.16
4151,1673,17,3,13.14,39.42
4152,1673,127,2,26.88,53.76
4153,1674,62,1,172.36,172.36
4154,1675,32,1,9.44,9.44
4155,1676,91,1,7.42,7.42
4156,1676,24,1,86.36,86.36
4157,1676,103,1,38.23,38.23
4158,1677,13,1,37.71,37.71
4159,1677,98,1,37.67,37.67
4160,1678,66,1,58.47,58.47
4161,1679,134,3,46.38,139.14
4162,1680,144,1,18.03,18.03
4163,1680,134,3,46.37,139.11
4164,1680,18,1,69.33,69.33
4165,1680,66,1,56.49,56.49
4166,1680,14,1,56.52,56.52
4167,1681,22,1,107.66,107.66
4168,1681,52,1,134.28,134.28
4169,1681,109,4,49.79,199.16
4170,1681,93,1,54.98,54.98
4171,1682,60,1,32.99,32.99
4172,1683,18,3,70.82,212.46
4173,1683,48,1,100.01,100.01
4174,1683,26,3,55.63,166.89
4175,1683,107,1,31.51,31.51
4176,1683,144,1,18.01,18.01
4177,1684,12,1,95.99,95.99
4178,1684,91,3,7.03,21.09
4179,1684,47,1,72.82,72.82
4180,1684,149,2,81.91,163.82
4181,1684,13,1,39.42,39.42
4182,1685,70,1,48.74,48.74
4183,1685,61,1,38.31,38.31
4184,1685,91,1,7.96,7.96
4185,1685,93,2,60.84,121.68
4186,1686,93,1,62.24,62.24
4187,1687,86,1,14.99,14.99
4188,1687,55,1,91.64,91.64
4189,1688,101,1,42.14,42.14
4190,1688,134,2,42.43,84.86
4191,1689,34,1,20.01,20.01
4192,1690,140,2,80.7,161.4
4193,1690,110,1,38.09,38.09
4194,1691,93,1,54.1,54.1
4195,1691,2,1,22.95,22.95
4196,1691,75,2,113.82,227.64
4197,1691,48,1,103.53,103.53
4198,1691,83,1,45.25,45.25
4199,1692,48,1,101.89,101.89
4200,1693,48,3,95.37,286.11
4201,1693,32,2,9.41,18.82
4202,1693,62,1,172.58,172.58
4203,1693,37,2,26.61,53.22
4204,1693,21,1,70.99,70.99
4205,1694,138,1,60.13,60.13
4206,1695,86,2,13.42,26.84
4207,1695,38,2,66.68,133.36
4208,1696,90,1,32.37,32.37
4209,1696,100,1,37.73,37.73
4210,1697,140,1,90.72,90.72
4211,1697,139,3,55.67,167.01
4212,1698,132,1,63.86,63.86
4213,1698,79,1,24.91,24.91
4214,1699,13,1,39.66,39.66
4215,1699,119,3,19.68,59.04
4216,1699,48,1,100.03,100.03
4217,1699,76,1,24.12,24.12
4218,1700,57,1,70.71,70.71
4219,1701,66,1,54.24,54.24
4220,1702,42,1,60.86,60.86
4221,1702,15,3,98.24,294.72
4222,1703,48,1,100.27,100.27
4223,1703,23,2,122.73,245.46
4224,1703,62,1,156.65,156.65
4225,1704,48,5,97.4,487.0
4226,1704,121,2,7.67,15.34
4227,1705,48,1,109.72,109.72
4228,1705,17,2,13.51,27.02
4229,1705,84,5,17.65,88.25
4230,1706,91,1,7.95,7.95
4231,1707,26,1,53.21,53.21
4232,1707,91,1,7.15,7.15
4233,1708,91,1,7.94,7.94
4234,1709,67,1,83.96,83.96
4235,1710,89,2,55.12,110.24
4236,1710,48,1,105.9,105.9
4237,1710,42,2,58.58,117.16
4238,1710,91,1,7.89,7.89
4239,1711,32,1,10.19,10.19
4240,1711,62,1,173.53,173.53
4241,1711,146,1,35.79,35.79
4242,1712,16,2,109.66,219.32
4243,1712,112,1,26.7,26.7
4244,1713,57,1,71.75,71.75
4245,1714,48,1,99.04,99.04
4246,1714,76,1,25.46,25.46
4247,1714,134,1,42.58,42.58
4248,1714,66,2,52.77,105.54
4249,1714,81,1,6.85,6.85
4250,1715,119,1,18.85,18.85
4251,1715,13,1,37.34,37.34
4252,1715,134,4,45.98,183.92
4253,1716,89,2,56.25,112.5
4254,1716,42,2,58.63,117.26
4255,1716,140,1,89.49,89.49
4256,1717,86,1,14.11,14.11
4257,1717,89,1,55.07,55.07
4258,1718,86,1,14.31,14.31
4259,1718,138,5,53.42,267.1
4260,1719,34,1,21.09,21.09
4261,1719,126,2,22.09,44.18
4262,1719,77,1,47.54,47.54
4263,1719,144,1,17.46,17.46
4264,1720,13,1,36.49,36.49
4265,1720,104,1,38.51,38.51
4266,1720,81,1,7.36,7.36
4267,1721,48,3,100.79,302.37
4268,1721,110,1,42.54,42.54
4269,1721,103,1,39.19,39.19
4270,1721,13,1,36.63,36.63
4271,1721,138,1,55.73,55.73
4272,1722,89,2,57.91,115.82
4273,1722,80,3,16.56,49.68
4274,1722,57,1,80.91,80.91
4275,1722,13,1,36.64,36.64
4276,1723,81,1,7.75,7.75
4277,1723,85,2,37.93,75.86
4278,1724,134,1,43.62,43.62
4279,1725,48,1,104.88,104.88
4280,1726,139,1,60.39,60.39
4281,1727,122,1,35.46,35.46
4282,1727,137,1,70.98,70.98
4283,1728,62,1,160.26,160.26
4284,1728,38,3,65.99,197.97
4285,1728,48,1,100.61,100.61
4286,1728,66,4,58.36,233.44
4287,1729,109,2,51.69,103.38
4288,1730,17,1,13.35,13.35
4289,1730,68,1,170.81,170.81
4290,1730,98,1,36.22,36.22
4291,1730,146,4,39.43,157.72
4292,1731,65,1,33.91,33.91
4293,1731,134,1,40.98,40.98
4294,1731,17,4,14.63,58.52
4295,1732,48,4,109.06,436.24
4296,1732,65,1,32.95,32.95
4297,1732,89,3,55.82,167.46
4298,1732,150,1,72.94,72.94
4299,1733,138,1,55.75,55.75
4300,1734,149,2,85.04,170.08
4301,1734,112,1,28.42,28.42
4302,1734,123,2,47.18,94.36
4303,1734,144,1,18.16,18.16
4304,1734,137,1,68.95,68.95
4305,1734,91,1,7.87,7.87
4306,1735,32,3,10.57,31.71
4307,1736,49,1,70.99,70.99
4308,1737,86,1,15.0,15.0
4309,1737,96,2,52.17,104.34
4310,1737,83,4,45.83,183.32
4311,1738,2,2,22.07,44.14
4312,1739,25,4,88.45,353.8
4313,1740,139,1,53.77,53.77
4314,1741,30,2,28.62,57.24
4315,1741,119,1,19.87,19.87
4316,1741,91,1,7.31,7.31
4317,1741,34,5,20.52,102.6
4318,1742,48,1,98.62,98.62
4319,1742,66,1,56.95,56.95
4320,1743,86,2,13.77,27.54
4321,1744,55,2,87.52,175.04
4322,1744,150,3,75.65,226.95
4323,1744,147,1,86.35,86.35
4324,1745,13,1,38.73,38.73
4325,1746,17,2,13.46,26.92
4326,1747,91,1,7.26,7.26
4327,1747,84,2,17.15,34.3
4328,1747,34,1,20.31,20.31
4329,1748,103,1,39.03,39.03
4330,1748,50,1,31.27,31.27
4331,1748,79,3,28.26,84.78
4332,1749,47,1,78.19,78.19
4333,1749,66,1,59.68,59.68
4334,1749,17,1,13.93,13.93
4335,1749,32,1,10.36,10.36
4336,1750,66,2,58.24,116.48
4337,1750,16,2,115.13,230.26
4338,1750,32,2,10.06,20.12
4339,1750,103,1,37.56,37.56
4340,1750,48,1,109.68,109.68
4341,1751,89,1,54.07,54.07
4342,1751,84,1,17.53,17.53
4343,1751,17,1,14.4,14.4
4344,1752,48,1,95.02,95.02
4345,1752,13,1,38.44,38.44
4346,1752,63,1,93.52,93.52
4347,1752,68,1,163.9,163.9
4348,1753,17,1,12.76,12.76
4349,1754,100,1,39.38,39.38
4350,1754,48,2,100.71,201.42
4351,1755,77,1,50.23,50.23
4352,1756,98,4,35.81,143.24
4353,1756,48,1,105.64,105.64
4354,1756,124,2,18.37,36.74
4355,1757,26,1,50.2,50.2
4356,1757,76,1,25.96,25.96
4357,1757,11,1,55.42,55.42
4358,1757,13,1,38.68,38.68
4359,1757,79,2,26.87,53.74
4360,1758,136,1,44.81,44.81
4361,1759,75,1,119.02,119.02
4362,1760,62,1,155.68,155.68
4363,1760,48,1,99.7,99.7
4364,1760,144,1,18.52,18.52
4365,1761,48,2,103.32,206.64
4366,1761,150,1,65.07,65.07
4367,1761,91,2,7.94,15.88
4368,1762,119,1,18.18,18.18
4369,1763,2,2,22.41,44.82
4370,1763,48,1,110.28,110.28
4371,1763,134,1,43.5,43.5
4372,1763,76,1,27.41,27.41
4373,1763,91,4,7.06,28.24
4374,1764,121,1,7.84,7.84
4375,1764,66,5,56.55,282.75
4376,1764,43,1,68.7,68.7
4377,1765,76,1,27.66,27.66
4378,1765,101,1,41.89,41.89
4379,1765,91,1,7.17,7.17
4380,1765,134,5,41.41,207.05
4381,1765,48,3,95.78,287.34
4382,1766,132,3,59.3,177.9
4383,1767,81,1,7.77,7.77
4384,1768,77,1,48.9,48.9
4385,1768,18,1,69.84,69.84
4386,1769,9,4,22.47,89.88
4387,1769,91,1,7.16,7.16
4388,1769,121,5,7.31,36.55
4389,1769,66,1,59.08,59.08
4390,1770,138,1,58.25,58.25
4391,1770,86,1,15.28,15.28
4392,1770,93,1,58.7,58.7
4393,1770,53,1,137.83,137.83
4394,1770,91,1,7.06,7.06
4395,1771,138,1,59.69,59.69
4396,1771,21,3,67.18,201.54
4397,1771,57,2,70.47,140.94
4398,1771,73,1,95.58,95.58
4399,1771,76,1,25.88,25.88
4400,1772,107,1,33.43,33.43
4401,1772,48,1,105.24,105.24
4402,1772,62,1,173.36,173.36
4403,1772,110,2,43.38,86.76
4404,1772,2,1,23.41,23.41
4405,1773,136,1,41.06,41.06
4406,1773,48,1,105.28,105.28
4407,1774,14,1,53.72,53.72
4408,1774,110,2,39.07,78.14
4409,1774,91,4,7.05,28.2
4410,1775,107,2,33.55,67.1
4411,1775,91,1,7.94,7.94
4412,1775,16,1,112.51,112.51
4413,1775,136,3,43.21,129.63
4414,1775,48,1,104.52,104.52
4415,1776,13,1,35.8,35.8
4416,1776,37,2,25.23,50.46
4417,1777,68,3,168.51,505.53
4418,1778,65,1,31.67,31.67
4419,1778,17,2,12.97,25.94
4420,1778,66,1,53.27,53.27
4421,1778,13,2,36.96,73.92
4422,1779,134,3,42.3,126.9
4423,1779,77,2,47.78,95.56
4424,1779,38,1,69.29,69.29
4425,1780,131,1,33.98,33.98
4426,1781,114,3,14.52,43.56
4427,1782,81,2,7.07,14.14
4428,1783,83,1,42.16,42.16
4429,1783,134,1,40.55,40.55
4430,1784,121,1,7.91,7.91
4431,1784,111,1,40.09,40.09
4432,1784,79,1,25.31,25.31
4433,1784,93,2,56.56,113.12
4434,1784,24,2,87.19,174.38
4435,1785,133,1,71.16,71.16
4436,1785,91,3,7.4,22.2
4437,1785,48,3,105.72,317.16
4438,1785,28,3,71.9,215.7
4439,1786,104,1,41.67,41.67
4440,1787,1,1,84.65,84.65
4441,1787,137,3,73.33,219.99
4442,1787,48,1,99.54,99.54
4443,1788,55,1,92.03,92.03
4444,1789,112,1,25.78,25.78
4445,1789,17,1,13.56,13.56
4446,1790,48,1,97.73,97.73
4447,1790,104,1,39.33,39.33
4448,1791,38,1,65.18,65.18
4449,1792,48,1,108.48,108.48
4450,1793,53,1,153.32,153.32
4451,1794,91,1,8.01,8.01
4452,1794,107,1,31.47,31.47
4453,1795,119,1,18.95,18.95
4454,1796,68,1,183.86,183.86
4455,1797,91,2,7.92,15.84
4456,1798,147,1,87.99,87.99
4457,1798,48,1,94.82,94.82
4458,1798,62,2,174.82,349.64
4459,1798,90,2,30.32,60.64
4460,1799,80,4,16.66,66.64
4461,1799,107,2,32.18,64.36
4462,1799,38,1,68.26,68.26
4463,1799,85,1,40.7,40.7
4464,1799,48,1,108.11,108.11
4465,1800,12,2,97.88,195.76
4466,1800,100,1,37.07,37.07
4467,1800,136,1,43.04,43.04
4468,1801,48,1,100.7,100.7
4469,1802,122,2,36.82,73.64
4470,1803,1,2,84.53,169.06
4471,1803,45,1,127.76,127.76
4472,1804,114,1,13.4,13.4
4473,1805,89,5,53.68,268.4
4474,1806,91,2,7.82,15.64
4475,1806,121,1,7.47,7.47
4476,1807,134,1,43.88,43.88
4477,1807,86,1,15.0,15.0
4478,1807,91,1,7.12,7.12
4479,1808,48,2,95.59,191.18
4480,1808,17,1,14.65,14.65
4481,1809,45,2,124.03,248.06
4482,1810,1,3,83.72,251.16
4483,1810,134,2,40.41,80.82
4484,1810,13,1,37.33,37.33
4485,1810,137,1,72.7,72.7
4486,1811,93,2,62.32,124.64
4487,1811,134,1,41.3,41.3
4488,1812,119,2,19.62,39.24
4489,1812,48,1,105.09,105.09
4490,1812,146,4,38.69,154.76
4491,1812,132,2,58.56,117.12
4492,1812,13,2,36.36,72.72
4493,1813,86,2,14.54,29.08
4494,1814,96,1,53.27,53.27
4495,1814,20,1,69.95,69.95
4496,1814,138,1,52.68,52.68
4497,1814,30,1,27.27,27.27
4498,1814,110,2,43.41,86.82
4499,1815,66,2,58.84,117.68
4500,1815,1,1,89.34,89.34
4501,1815,11,1,60.81,60.81
4502,1815,79,1,25.63,25.63
4503,1816,91,1,6.94,6.94
4504,1816,57,1,73.35,73.35
4505,1816,18,1,69.26,69.26
4506,1817,90,1,33.81,33.81
4507,1817,79,1,26.42,26.42
4508,1818,37,1,28.87,28.87
4509,1818,104,2,36.23,72.46
4510,1818,75,2,106.1,212.2
4511,1818,122,1,36.02,36.02
4512,1818,63,1,95.95,95.95
4513,1818,48,1,109.75,109.75
4514,1819,52,1,141.69,141.69
4515,1819,122,1,35.66,35.66
4516,1819,132,1,66.44,66.44
4517,1819,144,1,18.21,18.21
4518,1820,2,1,22.15,22.15
4519,1820,90,1,30.62,30.62
4520,1820,79,3,25.7,77.1
4521,1821,62,1,154.13,154.13
4522,1821,101,1,46.42,46.42
4523,1822,13,2,37.33,74.66
4524,1822,121,1,7.71,7.71
4525,1822,49,1,64.56,64.56
4526,1822,3,2,58.35,116.7
4527,1822,136,2,41.22,82.44
4528,1823,134,3,43.94,131.82
4529,1824,86,2,15.01,30.02
4530,1824,65,2,31.81,63.62
4531,1825,32,1,10.19,10.19
4532,1825,9,1,22.22,22.22
4533,1825,91,3,6.94,20.82
4534,1825,18,3,63.75,191.25
4535,1826,137,3,68.92,206.76
4536,1826,136,1,43.83,43.83
4537,1826,134,3,45.49,136.47
4538,1827,93,1,62.37,62.37
4539,1827,91,1,7.45,7.45
4540,1827,137,3,72.51,217.53
4541,1827,38,1,64.41,64.41
4542,1828,115,1,14.47,14.47
4543,1828,47,1,72.25,72.25
4544,1828,124,1,17.87,17.87
4545,1828,76,4,25.06,100.24
4546,1829,108,2,7.37,14.74
4547,1829,48,1,110.09,110.09
4548,1830,104,1,37.9,37.9
4549,1830,123,2,45.44,90.88
4550,1831,108,1,7.15,7.15
4551,1831,129,1,35.2,35.2
4552,1832,129,2,35.9,71.8
4553,1832,47,3,80.28,240.84
4554,1832,134,1,44.72,44.72
4555,1832,121,2,7.18,14.36
4556,1832,105,1,34.62,34.62
4557,1833,62,1,176.23,176.23
4558,1833,60,2,31.74,63.48
4559,1834,57,1,69.69,69.69
4560,1835,127,1,28.73,28.73
4561,1835,126,2,21.8,43.6
4562,1835,120,2,44.3,88.6
4563,1835,105,4,30.71,122.84
4564,1836,14,1,56.06,56.06
4565,1836,127,1,25.43,25.43
4566,1836,144,1,17.4,17.4
4567,1837,119,1,18.21,18.21
4568,1837,38,1,64.89,64.89
4569,1837,17,1,14.38,14.38
4570,1838,129,1,35.13,35.13
4571,1839,48,1,100.97,100.97
4572,1839,140,1,91.12,91.12
4573,1839,16,1,113.17,113.17
4574,1839,81,4,7.27,29.08
4575,1840,144,3,17.67,53.01
4576,1840,121,2,7.26,14.52
4577,1841,138,1,54.15,54.15
4578,1841,48,1,100.06,100.06
4579,1841,18,3,67.97,203.91
4580,1841,38,1,66.23,66.23
4581,1842,79,2,28.11,56.22
4582,1843,119,1,19.73,19.73
4583,1844,18,3,65.11,195.33
4584,1844,91,1,7.91,7.91
4585,1845,121,1,8.01,8.01
4586,1845,13,1,40.35,40.35
4587,1845,134,2,43.6,87.2
4588,1846,93,1,60.08,60.08
4589,1847,67,3,83.87,251.61
4590,1847,38,1,64.71,64.71
4591,1847,136,3,40.38,121.14
4592,1848,91,1,7.94,7.94
4593,1848,3,1,56.61,56.61
4594,1848,134,1,43.9,43.9
4595,1848,93,1,54.47,54.47
4596,1848,96,1,50.47,50.47
4597,1848,48,1,100.43,100.43
4598,1849,107,2,33.28,66.56
4599,1850,112,1,25.01,25.01
4600,1850,89,1,58.91,58.91
4601,1850,79,3,25.29,75.87
4602,1851,76,1,24.87,24.87
4603,1851,91,3,6.94,20.82
4604,1851,1,1,88.7,88.7
4605,1852,76,1,26.83,26.83
4606,1852,62,1,166.8,166.8
4607,1852,91,4,7.85,31.4
4608,1853,83,1,45.28,45.28
4609,1853,103,1,37.07,37.07
4610,1853,119,3,18.3,54.9
4611,1854,26,1,52.05,52.05
4612,1855,102,1,37.96,37.96
4613,1855,134,1,42.44,42.44
4614,1856,13,1,36.53,36.53
4615,1856,3,1,56.94,56.94
4616,1856,49,1,68.94,68.94
4617,1856,139,2,54.62,109.24
4618,1856,2,1,24.06,24.06
4619,1856,47,1,77.09,77.09
4620,1857,150,2,75.02,150.04
4621,1857,91,2,7.14,14.28
4622,1857,129,1,35.78,35.78
4623,1858,48,3,100.18,300.54
4624,1858,91,1,7.56,7.56
4625,1859,17,3,14.54,43.62
4626,1860,62,1,168.61,168.61
4627,1860,48,2,103.62,207.24
4628,1860,138,1,58.34,58.34
4629,1860,134,2,41.51,83.02
4630,1860,121,1,7.87,7.87
4631,1861,136,2,45.65,91.3
4632,1862,18,1,69.05,69.05
4633,1863,48,1,103.4,103.4
4634,1864,66,3,55.46,166.38
4635,1864,25,1,84.53,84.53
4636,1865,48,1,109.84,109.84
4637,1866,117,3,31.81,95.43
4638,1867,79,3,24.3,72.9
4639,1868,110,1,40.88,40.88
4640,1868,91,1,7.68,7.68
4641,1869,79,5,25.01,125.05
4642,1869,48,1,98.78,98.78
4643,1870,91,1,7.93,7.93
4644,1870,68,1,170.66,170.66
4645,1870,137,2,70.91,141.82
4646,1870,134,1,40.7,40.7
4647,1870,62,2,153.14,306.28
4648,1871,48,1,104.24,104.24
4649,1871,91,1,7.37,7.37
4650,1871,86,1,14.1,14.1
4651,1871,62,1,154.36,154.36
4652,1871,9,1,23.87,23.87
4653,1872,48,3,99.67,299.01
4654,1872,121,1,7.93,7.93
4655,1873,48,1,108.21,108.21
4656,1873,116,3,35.99,107.97
4657,1873,76,2,24.65,49.3
4658,1873,93,1,61.7,61.7
4659,1873,70,1,44.57,44.57
4660,1873,47,2,79.3,158.6
4661,1874,124,1,17.04,17.04
4662,1874,136,1,44.62,44.62
4663,1875,17,1,12.61,12.61
4664,1876,26,5,54.61,273.05
4665,1876,103,1,39.04,39.04
4666,1876,48,1,104.11,104.11
4667,1877,79,3,25.06,75.18
4668,1877,119,1,20.12,20.12
4669,1877,48,1,98.55,98.55
4670,1877,101,1,48.17,48.17
4671,1877,17,2,12.82,25.64
4672,1878,66,1,56.58,56.58
4673,1878,150,1,72.76,72.76
4674,1878,91,1,7.04,7.04
4675,1879,76,1,24.86,24.86
4676,1880,10,4,102.03,408.12
4677,1880,138,4,60.4,241.6
4678,1880,136,1,43.51,43.51
4679,1880,93,2,56.45,112.9
4680,1880,43,1,71.45,71.45
4681,1881,14,1,53.36,53.36
4682,1882,48,1,95.36,95.36
4683,1882,121,1,7.79,7.79
4684,1882,134,1,43.16,43.16
4685,1883,53,4,139.52,558.08
4686,1884,13,1,37.35,37.35
4687,1884,66,1,58.12,58.12
4688,1885,93,4,57.8,231.2
4689,1886,124,1,19.53,19.53
4690,1887,66,1,56.89,56.89
4691,1887,91,1,7.57,7.57
4692,1887,32,2,9.26,18.52
4693,1888,26,2,50.71,101.42
4694,1889,48,1,100.87,100.87
4695,1890,68,2,180.74,361.48
4696,1891,101,1,46.4,46.4
4697,1892,75,1,121.22,121.22
4698,1892,25,2,94.39,188.78
4699,1892,111,2,38.64,77.28
4700,1893,129,1,35.86,35.86
4701,1893,79,2,26.37,52.74
4702,1893,102,1,39.08,39.08
4703,1893,107,1,32.96,32.96
4704,1893,122,1,34.47,34.47
4705,1893,48,1,107.27,107.27
4706,1894,26,3,51.49,154.47
4707,1894,133,2,73.46,146.92
4708,1894,81,1,6.77,6.77
4709,1894,18,1,67.32,67.32
4710,1894,119,1,18.01,18.01
4711,1894,49,1,71.53,71.53
4712,1895,79,1,27.57,27.57
4713,1895,63,2,93.77,187.54
4714,1895,140,1,84.38,84.38
4715,1895,141,2,64.16,128.32
4716,1895,38,1,68.51,68.51
4717,1896,57,2,79.12,158.24
4718,1896,85,1,39.31,39.31
4719,1896,48,1,105.16,105.16
4720,1896,122,1,37.01,37.01
4721,1897,79,1,26.51,26.51
4722,1898,70,2,48.24,96.48
4723,1898,48,2,108.62,217.24
4724,1898,9,3,23.71,71.13
4725,1899,62,2,152.76,305.52
4726,1899,136,1,44.64,44.64
4727,1899,86,1,13.36,13.36
4728,1900,51,1,54.99,54.99
4729,1900,66,4,54.69,218.76
4730,1900,86,1,13.44,13.44
4731,1901,66,1,55.43,55.43
4732,1902,91,3,7.57,22.71
4733,1902,79,1,25.9,25.9
4734,1902,121,1,7.04,7.04
4735,1903,138,2,53.13,106.26
4736,1904,38,1,69.36,69.36
4737,1904,1,4,86.67,346.68
4738,1905,50,1,28.39,28.39
4739,1906,32,1,10.53,10.53
4740,1906,48,2,107.35,214.7
4741,1906,89,1,56.1,56.1
4742,1906,23,1,119.52,119.52
4743,1907,75,2,118.23,236.46
4744,1907,17,1,14.18,14.18
4745,1908,34,2,19.6,39.2
4746,1908,68,1,161.39,161.39
4747,1908,133,4,71.88,287.52
4748,1908,77,3,47.75,143.25
4749,1909,48,1,96.23,96.23
4750,1910,134,1,43.05,43.05
4751,1910,26,1,56.24,56.24
4752,1910,107,1,32.3,32.3
4753,1910,70,4,45.32,181.28
4754,1910,148,1,40.99,40.99
4755,1911,67,5,82.58,412.9
4756,1911,70,1,43.61,43.61
4757,1912,1,1,88.29,88.29
4758,1912,136,1,40.72,40.72
4759,1913,75,1,119.22,119.22
4760,1914,96,1,47.05,47.05
4761,1914,134,1,43.52,43.52
4762,1914,85,2,38.47,76.94
4763,1914,76,1,26.39,26.39
4764,1915,144,1,18.55,18.55
4765,1915,17,1,14.23,14.23
4766,1915,107,2,32.59,65.18
4767,1915,91,1,7.95,7.95
4768,1916,134,1,40.31,40.31
4769,1916,55,1,87.23,87.23
4770,1916,79,1,26.65,26.65
4771,1916,18,3,72.49,217.47
4772,1917,121,1,7.72,7.72
4773,1917,1,2,82.54,165.08
4774,1917,2,4,24.84,99.36
4775,1918,66,5,55.3,276.5
4776,1919,48,2,95.29,190.58
4777,1919,77,2,52.3,104.6
4778,1920,136,2,46.03,92.06
4779,1920,17,1,13.7,13.7
4780,1920,68,1,169.89,169.89
4781,1920,13,1,39.8,39.8
4782,1921,32,1,9.18,9.18
4783,1922,38,1,72.05,72.05
4784,1922,66,2,54.12,108.24
4785,1922,93,1,61.58,61.58
4786,1923,62,1,163.85,163.85
4787,1923,121,2,7.95,15.9
4788,1924,73,1,85.81,85.81
4789,1924,124,2,16.94,33.88
4790,1924,11,1,59.09,59.09
4791,1924,48,1,105.35,105.35
4792,1925,104,5,36.21,181.05
4793,1925,111,1,44.39,44.39
4794,1925,48,1,98.93,98.93
4795,1926,112,2,25.78,51.56
4796,1926,48,3,98.53,295.59
4797,1927,55,1,94.45,94.45
4798,1927,48,2,101.63,203.26
4799,1927,54,1,57.01,57.01
4800,1928,68,1,177.97,177.97
4801,1928,96,2,52.15,104.3
4802,1928,57,1,75.25,75.25
4803,1928,26,1,55.88,55.88
4804,1929,86,2,15.04,30.08
4805,1930,17,1,13.84,13.84
4806,1931,32,5,9.68,48.4
4807,1932,1,1,83.6,83.6
4808,1932,90,1,34.53,34.53
4809,1933,89,1,56.6,56.6
4810,1934,93,1,57.78,57.78
4811,1935,75,1,113.37,113.37
4812,1935,59,1,69.13,69.13
4813,1936,124,1,18.41,18.41
4814,1936,101,1,46.77,46.77
4815,1936,91,1,7.82,7.82
4816,1936,121,2,7.51,15.02
4817,1937,7,2,24.73,49.46
4818,1937,81,5,7.8,39.0
4819,1938,100,1,40.03,40.03
4820,1939,121,3,7.74,23.22
4821,1939,48,1,104.29,104.29
4822,1939,134,2,46.4,92.8
4823,1940,48,2,100.99,201.98
4824,1941,25,1,94.73,94.73
4825,1941,100,3,41.02,123.06
4826,1941,93,1,60.24,60.24
4827,1942,49,1,68.3,68.3
4828,1942,134,2,43.6,87.2
4829,1943,17,1,13.08,13.08
4830,1943,112,2,27.49,54.98
4831,1943,32,1,9.51,9.51
4832,1943,47,1,75.52,75.52
4833,1944,26,3,51.08,153.24
4834,1944,122,1,36.8,36.8
4835,1945,14,1,56.64,56.64
4836,1945,134,1,44.23,44.23
4837,1945,13,1,37.05,37.05
4838,1945,91,2,8.01,16.02
4839,1946,121,1,8.08,8.08
4840,1946,124,1,18.5,18.5
4841,1946,144,2,19.13,38.26
4842,1946,12,2,105.79,211.58
4843,1946,33,1,86.76,86.76
4844,1946,13,1,37.11,37.11
4845,1947,134,1,43.44,43.44
4846,1948,141,1,61.84,61.84
4847,1949,150,4,70.74,282.96
4848,1950,134,3,43.1,129.3
4849,1950,100,4,39.28,157.12
4850,1951,16,1,109.87,109.87
4851,1951,91,1,8.01,8.01
4852,1951,111,1,39.01,39.01
4853,1952,112,1,24.8,24.8
4854,1953,136,1,40.54,40.54
4855,1953,138,1,59.3,59.3
4856,1954,18,1,72.86,72.86
4857,1955,91,2,6.98,13.96
4858,1955,114,1,14.93,14.93
4859,1955,96,1,45.76,45.76
4860,1956,141,2,68.93,137.86
4861,1957,24,1,87.69,87.69
4862,1957,1,1,80.34,80.34
4863,1957,66,1,55.22,55.22
4864,1958,48,1,98.19,98.19
4865,1959,83,1,41.18,41.18
4866,1960,124,4,17.8,71.2
4867,1960,17,1,13.11,13.11
4868,1961,86,1,15.12,15.12
4869,1962,75,1,107.93,107.93
4870,1962,86,1,13.54,13.54
4871,1962,91,1,7.53,7.53
4872,1963,21,1,67.37,67.37
4873,1963,1,1,81.8,81.8
4874,1964,43,1,69.2,69.2
4875,1965,64,1,174.51,174.51
4876,1966,62,1,156.45,156.45
4877,1966,28,1,65.23,65.23
4878,1966,38,3,72.62,217.86
4879,1967,121,1,8.08,8.08
4880,1967,48,2,99.54,199.08
4881,1967,93,2,53.74,107.48
4882,1968,134,2,42.31,84.62
4883,1968,48,1,106.3,106.3
4884,1969,32,2,10.26,20.52
4885,1969,48,1,95.18,95.18
4886,1969,77,1,49.04,49.04
4887,1969,91,3,7.55,22.65
4888,1969,75,1,118.21,118.21
4889,1970,26,1,58.48,58.48
4890,1971,93,2,57.34,114.68
4891,1971,62,1,157.85,157.85
4892,1971,86,1,14.87,14.87
4893,1971,48,1,107.28,107.28
4894,1972,103,1,35.64,35.64
4895,1972,93,1,56.85,56.85
4896,1972,47,3,76.06,228.18
4897,1972,136,1,46.07,46.07
4898,1973,79,2,25.42,50.84
4899,1973,62,1,165.02,165.02
4900,1974,48,1,100.33,100.33
4901,1974,107,1,30.77,30.77
4902,1974,112,1,26.18,26.18
4903,1974,66,1,57.84,57.84
4904,1974,129,2,34.02,68.04
4905,1975,66,1,58.08,58.08
4906,1975,138,1,52.62,52.62
4907,1976,75,2,119.09,238.18
4908,1977,136,2,40.89,81.78
4909,1977,13,2,38.16,76.32
4910,1977,128,1,40.97,40.97
4911,1978,48,2,103.89,207.78
4912,1978,16,1,108.92,108.92
4913,1979,48,2,101.39,202.78
4914,1979,61,1,40.79,40.79
4915,1979,111,5,43.5,217.5
4916,1979,38,1,64.94,64.94
4917,1980,102,3,33.92,101.76
4918,1980,79,1,25.14,25.14
4919,1981,73,1,87.14,87.14
4920,1981,2,1,25.32,25.32
4921,1981,112,4,25.1,100.4
4922,1982,91,2,7.37,14.74
4923,1983,98,2,34.75,69.5
4924,1983,139,2,54.05,108.1
4925,1984,81,1,7.69,7.69
4926,1984,112,2,24.91,49.82
4927,1985,12,2,94.67,189.34
4928,1986,25,1,90.95,90.95
4929,1987,138,3,54.52,163.56
4930,1988,79,1,26.46,26.46
4931,1988,110,1,42.19,42.19
4932,1989,121,3,7.92,23.76
4933,1989,13,2,35.99,71.98
4934,1990,148,4,39.29,157.16
4935,1991,32,1,9.22,9.22
4936,1991,48,1,98.34,98.34
4937,1992,79,2,27.06,54.12
4938,1992,55,1,89.27,89.27
4939,1992,136,1,42.52,42.52
4940,1992,91,1,7.93,7.93
4941,1992,24,2,83.28,166.56
4942,1992,62,1,157.8,157.8
4943,1993,107,1,31.49,31.49
4944,1993,82,2,27.06,54.12
4945,1994,48,1,106.82,106.82
4946,1994,91,3,7.09,21.27
4947,1994,112,1,27.27,27.27
4948,1995,138,1,54.89,54.89
4949,1996,38,1,70.33,70.33
4950,1996,67,1,83.42,83.42
4951,1996,48,2,95.42,190.84
4952,1996,121,1,7.87,7.87
4953,1996,32,1,10.14,10.14
4954,1996,138,1,58.28,58.28
4955,1997,121,1,7.82,7.82
4956,1998,62,2,175.52,351.04
4957,1999,119,1,18.58,18.58
4958,2000,138,1,54.89,54.89
4959,2000,48,1,98.63,98.63
4960,2000,38,3,67.26,201.78
4961,2000,26,1,55.57,55.57
4962,2000,76,4,25.86,103.44
4963,2001,136,1,46.1,46.1
4964,2001,66,1,59.41,59.41
4965,2001,93,1,59.57,59.57
4966,2002,136,1,39.83,39.83
4967,2002,91,2,7.03,14.06
4968,2003,48,1,101.43,101.43
4969,2003,83,2,41.81,83.62
4970,2003,34,1,19.57,19.57
4971,2004,91,3,7.58,22.74
4972,2004,75,1,117.35,117.35
4973,2004,138,1,54.79,54.79
4974,2004,107,1,30.01,30.01
4975,2005,48,2,94.79,189.58
4976,2006,121,1,8.06,8.06
4977,2007,119,1,19.9,19.9
4978,2007,48,3,105.7,317.1
4979,2008,1,1,83.73,83.73
4980,2008,109,1,49.8,49.8
4981,2008,75,1,115.3,115.3
4982,2009,93,1,55.12,55.12
4983,2010,22,1,95.78,95.78
4984,2011,13,1,39.28,39.28
4985,2011,138,1,56.58,56.58
4986,2012,48,2,101.85,203.7
4987,2013,84,2,18.69,37.38
4988,2013,66,1,58.77,58.77
4989,2014,91,1,7.76,7.76
4990,2014,131,1,36.29,36.29
4991,2015,18,1,66.44,66.44
4992,2015,89,1,61.31,61.31
4993,2015,13,1,38.47,38.47
4994,2015,32,1,9.19,9.19
4995,2016,79,1,27.83,27.83
4996,2016,61,1,37.38,37.38
4997,2016,13,1,40.38,40.38
4998,2017,134,1,43.08,43.08
4999,2017,136,2,41.92,83.84
5000,2017,137,1,67.02,67.02
5001,2018,23,1,109.42,109.42
5002,2018,114,1,14.05,14.05
5003,2018,121,1,7.53,7.53
5004,2019,26,1,54.11,54.11
5005,2019,96,1,46.55,46.55
5006,2019,85,1,39.28,39.28
5007,2019,107,1,33.26,33.26
5008,2020,91,1,6.96,6.96
5009,2020,13,1,37.67,37.67
5010,2020,107,2,29.89,59.78
5011,2020,44,1,51.82,51.82
5012,2020,105,1,33.03,33.03
5013,2021,107,1,33.48,33.48
5014,2021,112,2,25.03,50.06
5015,2021,32,2,9.11,18.22
5016,2021,48,1,95.42,95.42
5017,2021,79,1,27.42,27.42
5018,2022,112,1,28.88,28.88
5019,2023,107,1,31.2,31.2
5020,2023,90,2,30.58,61.16
5021,2023,48,1,105.47,105.47
5022,2023,21,1,75.68,75.68
5023,2024,32,1,9.34,9.34
5024,2024,38,1,72.5,72.5
5025,2025,48,5,107.11,535.55
5026,2025,129,1,34.85,34.85
5027,2025,140,1,92.19,92.19
5028,2025,136,1,45.64,45.64
5029,2026,13,3,40.25,120.75
5030,2027,140,3,86.91,260.73
5031,2027,129,4,35.91,143.64
5032,2028,48,4,107.22,428.88
5033,2028,82,1,24.51,24.51
5034,2028,131,1,37.62,37.62
5035,2028,89,1,54.56,54.56
5036,2028,119,1,19.88,19.88
5037,2029,13,1,36.2,36.2
5038,2030,38,1,63.17,63.17
5039,2031,22,2,104.94,209.88
5040,2031,140,1,86.33,86.33
5041,2031,112,1,26.5,26.5
5042,2031,121,1,8.1,8.1
5043,2031,34,2,19.07,38.14
5044,2032,91,2,7.1,14.2
5045,2032,17,1,13.89,13.89
5046,2033,61,1,40.0,40.0
5047,2033,124,2,17.36,34.72
5048,2034,121,1,7.93,7.93
5049,2035,122,1,37.6,37.6
5050,2036,86,1,14.79,14.79
5051,2036,91,5,7.83,39.15
5052,2036,52,1,138.98,138.98
5053,2036,38,1,66.92,66.92
5054,2037,150,1,65.58,65.58
5055,2037,62,2,159.73,319.46
5056,2038,76,2,26.86,53.72
5057,2038,49,2,72.04,144.08
5058,2038,110,2,41.58,83.16
5059,2038,66,4,51.95,207.8
5060,2039,26,1,52.04,52.04
5061,2039,42,1,58.49,58.49
5062,2039,121,1,7.79,7.79
5063,2039,62,2,161.79,323.58
5064,2039,66,3,54.6,163.8
5065,2040,138,1,60.19,60.19
5066,2041,110,3,38.5,115.5
5067,2041,18,1,64.23,64.23
5068,2042,48,3,107.2,321.6
5069,2042,141,2,71.01,142.02
5070,2043,137,1,64.82,64.82
5071,2043,138,1,58.48,58.48
5072,2043,48,1,104.8,104.8
5073,2043,45,4,135.64,542.56
5074,2044,48,1,95.1,95.1
5075,2044,51,1,61.58,61.58
5076,2045,91,1,6.93,6.93
5077,2045,134,3,42.89,128.67
5078,2045,48,1,98.32,98.32
5079,2046,18,1,67.51,67.51
5080,2046,137,1,69.72,69.72
5081,2046,57,1,74.78,74.78
5082,2046,48,1,100.59,100.59
5083,2047,91,2,7.68,15.36
5084,2047,25,1,90.45,90.45
5085,2048,2,1,22.57,22.57
5086,2048,121,3,7.83,23.49
5087,2048,79,1,26.07,26.07
5088,2048,91,1,7.84,7.84
5089,2048,93,1,61.32,61.32
5090,2049,91,1,7.67,7.67
5091,2050,86,3,14.43,43.29
5092,2051,11,1,55.92,55.92
5093,2052,66,1,53.53,53.53
5094,2053,48,1,99.13,99.13
5095,2053,45,1,135.95,135.95
5096,2054,42,4,65.66,262.64
5097,2054,89,1,53.75,53.75
5098,2055,6,3,113.63,340.89
5099,2055,66,1,53.13,53.13
5100,2056,150,1,67.87,67.87
5101,2057,107,1,30.86,30.86
5102,2057,48,1,97.09,97.09
5103,2058,13,1,40.68,40.68
5104,2058,123,1,42.52,42.52
5105,2059,93,1,55.05,55.05
5106,2059,57,2,80.16,160.32
5107,2060,119,1,18.07,18.07
5108,2061,62,1,154.6,154.6
5109,2061,91,1,6.95,6.95
5110,2062,91,1,7.32,7.32
5111,2062,128,2,43.4,86.8
5112,2062,84,1,18.87,18.87
5113,2062,38,1,68.18,68.18
5114,2062,76,2,24.62,49.24
5115,2063,48,1,98.18,98.18
5116,2063,121,2,7.16,14.32
5117,2063,49,3,66.94,200.82
5118,2063,122,1,32.91,32.91
5119,2063,62,4,173.04,692.16
5120,2064,136,1,41.27,41.27
5121,2064,138,1,54.61,54.61
5122,2065,136,2,45.92,91.84
5123,2065,48,2,102.85,205.7
5124,2066,121,2,7.58,15.16
5125,2066,13,1,39.66,39.66
5126,2067,134,2,43.97,87.94
5127,2068,42,2,56.74,113.48
5128,2068,91,1,7.85,7.85
5129,2069,91,1,7.1,7.1
5130,2069,47,1,76.59,76.59
5131,2069,119,2,17.82,35.64
5132,2070,88,1,14.17,14.17
5133,2070,32,2,10.06,20.12
5134,2071,89,2,57.96,115.92
5135,2071,122,5,32.99,164.95
5136,2071,121,1,7.91,7.91
5137,2072,121,1,8.05,8.05
5138,2072,133,1,71.87,71.87
5139,2072,66,2,54.32,108.64
5140,2072,138,1,53.29,53.29
5141,2073,111,1,44.44,44.44
5142,2074,124,1,17.23,17.23
5143,2074,144,1,18.97,18.97
5144,2075,57,1,78.94,78.94
5145,2075,38,4,63.03,252.12
5146,2075,119,1,19.72,19.72
5147,2075,91,1,8.03,8.03
5148,2076,34,1,20.19,20.19
5149,2076,93,1,55.73,55.73
5150,2076,91,1,7.33,7.33
5151,2076,18,3,66.42,199.26
5152,2076,17,3,13.4,40.2
5153,2077,48,2,107.29,214.58
5154,2077,121,1,7.32,7.32
5155,2078,140,2,88.53,177.06
5156,2078,91,2,7.71,15.42
5157,2078,48,1,105.36,105.36
5158,2079,66,2,53.91,107.82
5159,2079,140,2,86.27,172.54
5160,2079,13,1,36.84,36.84
5161,2079,2,1,23.82,23.82
5162,2079,79,1,25.42,25.42
5163,2080,121,3,7.06,21.18
5164,2080,81,1,7.79,7.79
5165,2080,80,1,16.86,16.86
5166,2080,38,1,71.39,71.39
5167,2080,91,1,7.63,7.63
5168,2080,140,1,81.13,81.13
5169,2081,13,1,35.4,35.4
5170,2081,38,4,67.29,269.16
5171,2082,55,1,84.71,84.71
5172,2082,13,2,40.39,80.78
5173,2082,96,4,49.68,198.72
5174,2082,12,1,92.64,92.64
5175,2083,140,2,89.42,178.84
5176,2083,66,2,53.62,107.24
5177,2083,119,2,17.77,35.54
5178,2084,1,2,78.02,156.04
5179,2084,136,2,45.52,91.04
5180,2084,121,2,8.1,16.2
5181,2085,100,1,36.91,36.91
5182,2086,119,1,19.66,19.66
5183,2086,32,1,9.97,9.97
5184,2086,17,1,13.86,13.86
5185,2087,48,1,96.48,96.48
5186,2087,134,1,40.41,40.41
5187,2088,32,1,9.51,9.51
5188,2089,17,1,14.09,14.09
5189,2090,86,3,14.72,44.16
5190,2090,66,1,56.69,56.69
5191,2090,91,1,7.41,7.41
5192,2091,93,1,60.89,60.89
5193,2091,11,1,55.9,55.9
5194,2092,138,1,56.91,56.91
5195,2092,127,2,27.52,55.04
5196,2092,55,1,94.42,94.42
5197,2093,63,2,88.59,177.18
5198,2093,25,1,96.17,96.17
5199,2093,91,1,6.99,6.99
5200,2093,55,2,93.18,186.36
5201,2094,144,1,19.17,19.17
5202,2095,91,1,8.03,8.03
5203,2096,34,1,21.71,21.71
5204,2096,122,1,35.9,35.9
5205,2097,50,1,29.0,29.0
5206,2097,124,1,18.74,18.74
5207,2097,90,1,31.32,31.32
5208,2098,48,3,97.91,293.73
5209,2098,133,1,81.52,81.52
5210,2098,147,1,86.88,86.88
5211,2098,121,1,7.39,7.39
5212,2098,2,1,25.33,25.33
5213,2099,48,1,97.73,97.73
5214,2100,13,1,35.91,35.91
5215,2101,38,1,63.56,63.56
5216,2101,138,2,55.28,110.56
5217,2102,48,1,102.37,102.37
5218,2102,79,2,25.93,51.86
5219,2102,67,2,90.65,181.3
5220,2102,86,2,14.38,28.76
5221,2103,109,3,49.48,148.44
5222,2104,86,5,13.47,67.35
5223,2104,91,1,8.0,8.0
5224,2105,91,2,7.64,15.28
5225,2105,109,1,48.91,48.91
5226,2106,127,1,27.52,27.52
5227,2106,24,1,80.31,80.31
5228,2106,48,1,107.82,107.82
5229,2107,48,1,100.81,100.81
5230,2107,81,2,7.54,15.08
5231,2108,75,1,118.23,118.23
5232,2108,57,3,72.93,218.79
5233,2108,122,1,35.58,35.58
5234,2109,132,1,60.62,60.62
5235,2110,39,1,135.47,135.47
5236,2110,134,1,42.37,42.37
5237,2110,42,1,59.82,59.82
5238,2110,136,2,45.23,90.46
5239,2111,110,1,42.02,42.02
5240,2111,1,2,87.24,174.48
5241,2111,66,3,56.86,170.58
5242,2111,32,5,9.83,49.15
5243,2112,18,1,65.26,65.26
5244,2112,26,2,57.92,115.84
5245,2112,90,1,34.57,34.57
5246,2112,23,2,111.72,223.44
5247,2113,148,1,39.8,39.8
5248,2113,124,2,18.48,36.96
5249,2114,48,2,96.96,193.92
5250,2115,100,3,40.54,121.62
5251,2115,48,2,102.68,205.36
5252,2115,62,1,167.4,167.4
5253,2116,1,1,89.39,89.39
5254,2116,18,1,66.61,66.61
5255,2116,75,2,116.25,232.5
5256,2117,107,4,30.17,120.68
5257,2117,12,1,97.25,97.25
5258,2118,47,1,75.03,75.03
5259,2118,13,1,37.18,37.18
5260,2118,48,1,106.25,106.25
5261,2119,75,2,122.82,245.64
5262,2120,66,1,53.19,53.19
5263,2120,91,1,8.02,8.02
5264,2121,48,1,104.26,104.26
5265,2121,138,1,54.31,54.31
5266,2121,62,1,160.83,160.83
5267,2122,22,1,97.49,97.49
5268,2122,108,5,7.82,39.1
5269,2122,32,2,9.94,19.88
5270,2123,34,1,20.32,20.32
5271,2123,91,3,7.38,22.14
5272,2123,119,1,18.5,18.5
5273,2123,134,2,41.25,82.5
5274,2123,121,1,7.64,7.64
5275,2123,31,1,75.21,75.21
5276,2124,124,1,19.17,19.17
5277,2125,38,1,70.91,70.91
5278,2126,62,1,156.06,156.06
5279,2126,138,1,54.83,54.83
5280,2126,65,1,31.52,31.52
5281,2127,76,1,26.37,26.37
5282,2127,48,1,100.83,100.83
5283,2127,32,1,10.25,10.25
5284,2127,42,1,59.19,59.19
5285,2128,79,2,24.91,49.82
5286,2128,129,1,33.14,33.14
5287,2128,42,1,62.45,62.45
5288,2129,77,1,50.43,50.43
5289,2129,90,1,33.28,33.28
5290,2130,77,1,47.59,47.59
5291,2130,24,1,89.52,89.52
5292,2131,84,1,18.29,18.29
5293,2131,39,1,131.21,131.21
5294,2131,136,1,39.74,39.74
5295,2131,108,1,7.31,7.31
5296,2131,12,3,103.81,311.43
5297,2132,76,1,24.26,24.26
5298,2132,93,2,54.11,108.22
5299,2133,129,2,31.89,63.78
5300,2133,19,5,91.9,459.5
5301,2134,93,1,56.14,56.14
5302,2134,48,1,100.31,100.31
5303,2134,137,3,63.82,191.46
5304,2134,91,1,7.86,7.86
5305,2134,89,1,55.37,55.37
5306,2135,91,1,8.0,8.0
5307,2136,86,1,14.53,14.53
5308,2136,136,1,45.9,45.9
5309,2136,47,2,81.1,162.2
5310,2137,76,1,24.52,24.52
5311,2137,119,1,17.58,17.58
5312,2137,89,1,53.73,53.73
5313,2137,147,1,81.81,81.81
5314,2137,48,1,95.95,95.95
5315,2137,2,1,22.34,22.34
5316,2138,48,3,106.97,320.91
5317,2139,70,2,43.32,86.64
5318,2139,48,2,94.78,189.56
5319,2139,144,1,17.9,17.9
5320,2139,61,1,41.4,41.4
5321,2139,1,2,81.02,162.04
5322,2140,101,1,47.6,47.6
5323,2140,109,4,46.08,184.32
5324,2141,100,2,39.53,79.06
5325,2141,134,1,44.52,44.52
5326,2141,66,1,58.37,58.37
5327,2141,91,3,7.81,23.43
5328,2141,48,1,109.93,109.93
5329,2142,48,1,98.13,98.13
5330,2142,13,1,37.49,37.49
5331,2142,149,4,83.74,334.96
5332,2143,119,1,19.57,19.57
5333,2143,62,3,153.55,460.65
5334,2144,66,1,52.38,52.38
5335,2144,48,1,106.16,106.16
5336,2144,12,2,103.86,207.72
5337,2144,39,1,131.06,131.06
5338,2145,52,1,142.85,142.85
5339,2145,112,1,26.29,26.29
5340,2146,24,1,86.41,86.41
5341,2146,89,1,60.58,60.58
5342,2147,68,1,163.35,163.35
5343,2148,112,5,26.19,130.95
5344,2148,107,1,34.1,34.1
5345,2148,63,4,92.46,369.84
5346,2149,48,1,106.77,106.77
5347,2150,93,1,61.14,61.14
5348,2151,149,1,79.2,79.2
5349,2151,109,1,45.47,45.47
5350,2152,47,1,72.25,72.25
5351,2152,131,1,35.79,35.79
5352,2152,48,3,103.56,310.68
5353,2152,107,1,29.38,29.38
5354,2152,89,1,59.06,59.06
5355,2153,113,1,32.77,32.77
5356,2153,118,1,40.43,40.43
5357,2153,48,1,95.39,95.39
5358,2153,149,1,81.9,81.9
5359,2154,102,2,36.61,73.22
5360,2154,17,1,14.64,14.64
5361,2154,11,1,57.09,57.09
5362,2155,121,1,7.44,7.44
5363,2155,79,1,24.96,24.96
5364,2155,96,1,48.68,48.68
5365,2156,18,1,69.86,69.86
5366,2156,13,1,38.19,38.19
5367,2156,17,2,14.02,28.04
5368,2156,93,1,54.52,54.52
5369,2157,81,1,7.18,7.18
5370,2157,134,1,45.03,45.03
5371,2157,66,1,53.39,53.39
5372,2157,48,1,109.27,109.27
5373,2158,52,1,135.12,135.12
5374,2159,18,1,72.17,72.17
5375,2159,48,2,107.24,214.48
5376,2159,66,2,52.12,104.24
5377,2159,70,1,47.27,47.27
5378,2160,93,3,59.27,177.81
5379,2160,101,1,41.97,41.97
5380,2161,100,1,42.03,42.03
5381,2161,48,1,97.95,97.95
5382,2162,129,2,34.88,69.76
5383,2163,140,1,79.39,79.39
5384,2163,47,1,75.16,75.16
5385,2164,55,1,91.02,91.02
5386,2164,122,1,36.6,36.6
5387,2164,111,1,39.39,39.39
5388,2164,26,1,53.33,53.33
5389,2164,141,2,69.12,138.24
5390,2165,119,1,17.45,17.45
5391,2166,114,2,13.68,27.36
5392,2167,48,2,109.33,218.66
5393,2168,17,5,14.55,72.75
5394,2168,79,5,27.08,135.4
5395,2169,134,2,46.03,92.06
5396,2169,26,3,56.08,168.24
5397,2170,112,1,25.86,25.86
5398,2170,79,1,26.1,26.1
5399,2171,48,2,107.26,214.52
5400,2171,90,1,33.48,33.48
5401,2172,22,1,105.38,105.38
5402,2173,68,1,159.97,159.97
5403,2173,110,1,38.98,38.98
5404,2174,146,1,38.19,38.19
5405,2175,62,2,157.76,315.52
5406,2175,147,3,79.64,238.92
5407,2175,144,1,17.83,17.83
5408,2176,135,4,35.5,142.0
5409,2177,49,4,64.15,256.6
5410,2178,76,3,24.54,73.62
5411,2178,29,1,33.02,33.02
5412,2179,42,5,64.49,322.45
5413,2179,91,2,7.76,15.52
5414,2180,75,1,119.18,119.18
5415,2180,86,1,15.21,15.21
5416,2180,134,2,45.44,90.88
5417,2180,96,1,53.07,53.07
5418,2181,119,1,17.55,17.55
5419,2181,86,1,13.65,13.65
5420,2181,52,1,136.54,136.54
5421,2182,32,3,9.79,29.37
5422,2182,66,1,57.2,57.2
5423,2183,17,1,13.25,13.25
5424,2183,48,1,99.12,99.12
5425,2183,79,1,27.38,27.38
5426,2184,133,3,72.92,218.76
5427,2184,139,1,58.22,58.22
5428,2185,86,2,14.59,29.18
5429,2185,48,2,97.71,195.42
5430,2185,84,1,18.08,18.08
5431,2185,13,1,40.13,40.13
5432,2186,84,1,18.41,18.41
5433,2186,134,1,42.32,42.32
5434,2186,55,1,91.57,91.57
5435,2187,25,1,93.66,93.66
5436,2188,147,2,83.45,166.9
5437,2189,1,1,77.74,77.74
5438,2189,124,2,17.86,35.72
5439,2190,124,1,19.38,19.38
5440,2190,112,1,26.85,26.85
5441,2191,13,3,37.24,111.72
5442,2191,91,1,7.44,7.44
5443,2191,89,2,57.84,115.68
5444,2192,53,1,148.3,148.3
5445,2193,13,1,39.33,39.33
5446,2193,81,1,7.74,7.74
5447,2193,86,1,13.49,13.49
5448,2193,66,4,53.03,212.12
5449,2194,81,1,7.41,7.41
5450,2194,107,1,33.98,33.98
5451,2194,79,1,25.41,25.41
5452,2194,13,1,39.78,39.78
5453,2195,91,1,7.48,7.48
5454,2195,76,1,26.76,26.76
5455,2195,129,1,33.4,33.4
5456,2195,48,1,104.61,104.61
5457,2196,52,1,123.69,123.69
5458,2197,48,1,108.73,108.73
5459,2197,32,2,9.36,18.72
5460,2197,119,1,20.1,20.1
5461,2198,91,1,7.68,7.68
5462,2198,70,3,44.24,132.72
5463,2198,31,1,78.43,78.43
5464,2199,62,1,153.22,153.22
5465,2200,41,2,133.29,266.58
5466,2200,24,3,89.26,267.78
5467,2201,22,2,103.39,206.78
5468,2201,47,1,77.96,77.96
5469,2201,54,1,53.52,53.52
5470,2201,23,1,125.58,125.58
5471,2202,26,2,52.97,105.94
5472,2202,136,1,42.49,42.49
5473,2202,66,1,56.56,56.56
5474,2202,89,2,53.27,106.54
5475,2202,82,5,28.01,140.05
5476,2203,52,1,131.35,131.35
5477,2204,48,1,101.32,101.32
5478,2204,100,1,41.86,41.86
5479,2205,17,2,13.52,27.04
5480,2205,48,2,107.77,215.54
5481,2205,66,1,58.37,58.37
5482,2206,121,1,7.27,7.27
5483,2206,140,1,83.41,83.41
5484,2206,48,3,95.54,286.62
5485,2207,91,2,7.7,15.4
5486,2208,68,1,186.12,186.12
5487,2209,13,1,40.59,40.59
5488,2209,93,1,60.89,60.89
5489,2209,121,1,7.15,7.15
5490,2209,48,1,108.44,108.44
5491,2209,96,1,47.24,47.24
5492,2209,38,1,65.34,65.34
5493,2210,124,1,19.27,19.27
5494,2211,70,2,46.63,93.26
5495,2211,101,2,41.46,82.92
5496,2212,81,1,7.24,7.24
5497,2212,48,1,96.41,96.41
5498,2213,111,1,44.37,44.37
5499,2213,65,3,33.79,101.37
5500,2214,91,1,7.36,7.36
5501,2215,89,2,60.12,120.24
5502,2215,79,3,27.13,81.39
5503,2215,121,1,7.21,7.21
5504,2216,62,2,153.41,306.82
5505,2217,110,1,38.11,38.11
5506,2217,79,2,26.31,52.62
5507,2217,62,1,152.85,152.85
5508,2217,18,1,71.12,71.12
5509,2218,43,1,72.69,72.69
5510,2218,150,1,70.19,70.19
5511,2218,88,2,13.74,27.48
5512,2219,76,1,27.2,27.2
5513,2219,134,1,41.17,41.17
5514,2219,98,3,39.71,119.13
5515,2219,13,2,39.41,78.82
5516,2220,18,2,67.51,135.02
5517,2221,107,1,32.45,32.45
5518,2222,6,2,108.16,216.32
5519,2222,91,3,7.1,21.3
5520,2223,81,1,7.52,7.52
5521,2223,48,2,109.08,218.16
5522,2224,148,1,38.82,38.82
5523,2224,91,2,7.65,15.3
5524,2224,62,1,175.05,175.05
5525,2224,48,1,95.63,95.63
5526,2225,26,1,57.59,57.59
5527,2226,38,3,65.9,197.7
5528,2226,48,1,108.58,108.58
5529,2226,91,2,7.92,15.84
5530,2227,96,1,50.36,50.36
5531,2228,96,1,50.73,50.73
5532,2229,129,2,33.14,66.28
5533,2229,93,2,60.07,120.14
5534,2229,80,1,17.99,17.99
5535,2230,16,1,107.11,107.11
5536,2230,48,1,101.47,101.47
5537,2231,13,3,38.05,114.15
5538,2231,86,2,14.65,29.3
5539,2231,134,1,41.55,41.55
5540,2232,66,1,56.61,56.61
5541,2232,136,1,45.47,45.47
5542,2232,147,2,86.26,172.52
5543,2233,62,1,162.94,162.94
5544,2233,141,1,67.44,67.44
5545,2233,13,1,37.86,37.86
5546,2234,38,1,71.51,71.51
5547,2235,32,1,9.81,9.81
5548,2235,79,4,24.8,99.2
5549,2235,138,2,54.39,108.78
5550,2236,13,2,40.57,81.14
5551,2236,149,1,89.16,89.16
5552,2236,111,1,38.25,38.25
5553,2236,48,1,108.49,108.49
5554,2237,134,5,44.08,220.4
5555,2237,66,1,57.15,57.15
5556,2237,141,1,62.34,62.34
5557,2237,65,1,29.35,29.35
5558,2237,18,1,70.99,70.99
5559,2237,52,1,134.54,134.54
5560,2238,85,1,38.44,38.44
5561,2238,2,1,23.74,23.74
5562,2238,55,1,93.17,93.17
5563,2239,70,2,47.02,94.04
5564,2240,116,1,40.86,40.86
5565,2240,101,1,43.87,43.87
5566,2241,133,1,74.28,74.28
5567,2241,48,1,107.82,107.82
5568,2241,86,1,13.47,13.47
5569,2242,65,1,34.01,34.01
5570,2242,32,1,9.23,9.23
5571,2243,13,1,40.24,40.24
5572,2244,57,1,71.7,71.7
5573,2244,112,1,26.19,26.19
5574,2244,109,2,48.73,97.46
5575,2244,76,1,24.39,24.39
5576,2245,93,2,60.96,121.92
5577,2245,121,1,7.97,7.97
5578,2246,32,1,9.69,9.69
5579,2246,62,2,169.07,338.14
5580,2247,48,1,95.87,95.87
5581,2248,34,1,21.02,21.02
5582,2248,126,1,20.29,20.29
5583,2248,62,2,163.9,327.8
5584,2249,119,1,20.15,20.15
5585,2250,104,1,40.3,40.3
5586,2250,68,1,177.98,177.98
5587,2251,48,1,107.41,107.41
5588,2252,13,1,37.24,37.24
5589,2252,105,1,32.51,32.51
5590,2252,89,1,60.33,60.33
5591,2253,93,2,56.57,113.14
5592,2253,38,1,72.05,72.05
5593,2253,48,1,106.55,106.55
5594,2254,93,1,58.14,58.14
5595,2255,131,1,33.96,33.96
5596,2256,67,1,87.14,87.14
5597,2256,129,3,34.74,104.22
5598,2256,66,2,57.98,115.96
5599,2257,122,3,37.32,111.96
5600,2257,137,2,64.18,128.36
5601,2257,52,1,138.79,138.79
5602,2257,43,1,75.32,75.32
5603,2257,38,1,65.34,65.34
5604,2258,48,2,107.64,215.28
5605,2258,134,1,44.65,44.65
5606,2258,84,3,16.97,50.91
5607,2258,17,1,12.84,12.84
5608,2258,122,3,35.85,107.55
5609,2259,26,1,56.99,56.99
5610,2260,127,1,27.77,27.77
5611,2260,111,1,41.28,41.28
5612,2260,13,1,40.47,40.47
5613,2260,103,1,37.94,37.94
5614,2261,57,3,72.04,216.12
5615,2262,48,1,102.75,102.75
5616,2263,96,3,47.18,141.54
5617,2264,89,1,60.23,60.23
5618,2264,48,1,103.48,103.48
5619,2264,91,1,7.91,7.91
5620,2265,119,1,19.9,19.9
5621,2265,137,2,64.66,129.32
5622,2266,121,1,7.54,7.54
5623,2267,135,2,34.54,69.08
5624,2267,18,1,69.74,69.74
5625,2267,57,1,71.55,71.55
5626,2267,134,2,41.99,83.98
5627,2268,55,1,83.78,83.78
5628,2268,16,1,111.83,111.83
5629,2268,81,1,6.81,6.81
5630,2269,18,1,71.3,71.3
5631,2269,59,2,76.43,152.86
5632,2269,25,2,84.78,169.56
5633,2269,138,1,55.12,55.12
5634,2269,76,2,26.37,52.74
5635,2270,37,1,28.64,28.64
5636,2270,66,1,52.46,52.46
5637,2270,148,1,42.29,42.29
5638,2271,91,1,7.63,7.63
5639,2271,112,2,27.24,54.48
5640,2271,47,1,81.41,81.41
5641,2272,93,1,58.6,58.6
5642,2272,67,4,92.98,371.92
5643,2272,83,1,42.58,42.58
5644,2272,18,1,72.29,72.29
5645,2272,55,3,89.61,268.83
5646,2272,147,1,86.24,86.24
5647,2273,32,1,10.18,10.18
5648,2273,136,1,45.21,45.21
5649,2274,22,2,100.74,201.48
5650,2274,68,1,168.58,168.58
5651,2274,48,1,97.91,97.91
5652,2275,91,1,7.81,7.81
5653,2275,54,2,56.96,113.92
5654,2275,122,2,36.49,72.98
5655,2276,112,1,25.57,25.57
5656,2276,32,2,10.54,21.08
5657,2276,48,2,108.51,217.02
5658,2277,124,1,19.45,19.45
5659,2278,148,3,41.47,124.41
5660,2278,121,3,7.42,22.26
5661,2278,62,1,153.72,153.72
5662,2278,18,2,64.4,128.8
5663,2279,66,1,55.33,55.33
5664,2279,86,2,15.37,30.74
5665,2279,119,1,19.15,19.15
5666,2280,91,1,7.15,7.15
5667,2280,134,1,40.14,40.14
5668,2280,138,1,54.35,54.35
5669,2280,110,1,38.49,38.49
5670,2280,76,1,25.67,25.67
5671,2281,121,2,7.84,15.68
5672,2281,135,1,34.98,34.98
5673,2281,107,1,32.14,32.14
5674,2281,48,1,107.23,107.23
5675,2282,42,1,65.57,65.57
5676,2283,107,1,29.75,29.75
5677,2284,89,1,57.22,57.22
5678,2284,121,1,7.31,7.31
5679,2285,18,4,64.46,257.84
5680,2285,26,1,52.17,52.17
5681,2285,102,1,38.32,38.32
5682,2286,4,1,102.92,102.92
5683,2286,134,1,41.14,41.14
5684,2287,48,1,100.8,100.8
5685,2287,93,1,59.94,59.94
5686,2288,134,2,44.48,88.96
5687,2288,150,1,70.62,70.62
5688,2288,138,2,55.37,110.74
5689,2289,84,1,17.72,17.72
5690,2289,136,2,40.96,81.92
5691,2290,93,2,54.23,108.46
5692,2290,53,1,137.79,137.79
5693,2290,103,2,38.93,77.86
5694,2290,48,2,104.81,209.62
5695,2291,66,2,59.24,118.48
5696,2291,93,2,56.15,112.3
5697,2291,9,1,25.0,25.0
5698,2291,134,1,40.65,40.65
5699,2292,48,1,107.18,107.18
5700,2293,48,1,105.99,105.99
5701,2293,91,1,6.9,6.9
5702,2294,108,1,8.26,8.26
5703,2295,112,1,28.92,28.92
5704,2295,14,1,51.63,51.63
5705,2295,54,3,51.11,153.33
5706,2295,48,1,109.92,109.92
5707,2296,98,1,37.54,37.54
5708,2297,96,1,49.82,49.82
5709,2297,66,1,58.79,58.79
5710,2298,84,1,17.4,17.4
5711,2298,57,2,76.97,153.94
5712,2298,136,1,40.48,40.48
5713,2299,48,1,106.73,106.73
5714,2299,93,2,59.98,119.96
5715,2299,11,1,57.9,57.9
5716,2299,86,1,14.86,14.86
5717,2299,47,2,78.03,156.06
5718,2300,66,1,55.03,55.03
5719,2300,84,1,17.27,17.27
5720,2300,13,1,39.27,39.27
5721,2300,72,1,177.14,177.14
5722,2301,57,3,74.71,224.13
5723,2301,111,1,39.24,39.24
5724,2302,86,1,14.58,14.58
5725,2302,149,5,86.71,433.55
5726,2302,89,1,55.91,55.91
5727,2303,129,1,35.92,35.92
5728,2304,136,1,42.21,42.21
5729,2305,38,4,63.41,253.64
5730,2306,137,2,67.82,135.64
5731,2307,114,1,13.98,13.98
5732,2308,79,2,27.37,54.74
5733,2308,86,2,14.95,29.9
5734,2309,93,1,59.86,59.86
5735,2309,131,1,38.26,38.26
5736,2309,86,3,13.99,41.97
5737,2310,10,2,90.75,181.5
5738,2310,111,2,39.83,79.66
5739,2310,86,2,14.65,29.3
5740,2311,13,1,37.56,37.56
5741,2311,107,1,33.76,33.76
5742,2311,119,2,19.37,38.74
5743,2312,53,1,133.89,133.89
5744,2312,91,1,7.48,7.48
5745,2312,93,1,54.25,54.25
5746,2312,150,4,75.14,300.56
5747,2312,66,1,58.58,58.58
5748,2313,73,2,88.86,177.72
5749,2313,47,2,76.98,153.96
5750,2313,25,1,85.75,85.75
5751,2313,26,1,57.19,57.19
5752,2314,7,1,26.04,26.04
5753,2314,26,2,50.61,101.22
5754,2314,109,3,44.78,134.34
5755,2314,49,1,65.41,65.41
5756,2315,14,2,51.02,102.04
5757,2315,133,3,70.8,212.4
5758,2315,32,1,9.8,9.8
5759,2315,18,1,69.31,69.31
5760,2315,112,1,28.88,28.88
5761,2315,124,1,18.05,18.05
5762,2316,49,1,70.41,70.41
5763,2316,82,1,27.23,27.23
5764,2316,13,3,36.81,110.43
5765,2316,48,2,97.39,194.78
5766,2317,119,1,18.91,18.91
5767,2317,62,2,155.14,310.28
5768,2318,121,1,7.39,7.39
5769,2319,17,1,13.74,13.74
5770,2320,68,1,178.32,178.32
5771,2321,111,3,39.71,119.13
5772,2321,1,3,78.22,234.66
5773,2321,17,1,14.5,14.5
5774,2321,66,1,55.77,55.77
5775,2322,26,4,55.67,222.68
5776,2322,91,1,7.71,7.71
5777,2323,89,1,56.06,56.06
5778,2324,20,1,67.46,67.46
5779,2324,82,2,27.13,54.26
5780,2324,127,1,26.25,26.25
5781,2325,48,1,105.4,105.4
5782,2325,93,1,53.77,53.77
5783,2325,32,1,9.54,9.54
5784,2326,1,1,88.97,88.97
5785,2327,138,1,52.04,52.04
5786,2327,18,1,70.01,70.01
5787,2327,89,1,56.1,56.1
5788,2328,55,1,87.45,87.45
5789,2329,89,1,56.77,56.77
5790,2329,49,1,71.03,71.03
5791,2330,129,1,35.46,35.46
5792,2331,134,1,45.17,45.17
5793,2331,68,2,181.0,362.0
5794,2331,48,1,103.33,103.33
5795,2331,91,1,7.68,7.68
5796,2332,79,2,26.42,52.84
5797,2332,124,1,18.19,18.19
5798,2333,29,2,36.43,72.86
5799,2333,91,1,8.04,8.04
5800,2334,91,5,7.63,38.15
5801,2335,79,3,26.09,78.27
5802,2335,124,2,19.56,39.12
5803,2336,79,5,25.68,128.4
5804,2337,91,1,7.47,7.47
5805,2337,30,1,28.42,28.42
5806,2337,121,1,7.6,7.6
5807,2338,66,2,55.32,110.64
5808,2338,18,1,71.52,71.52
5809,2339,91,2,7.11,14.22
5810,2340,18,5,71.15,355.75
5811,2341,49,1,67.84,67.84
5812,2342,13,2,40.37,80.74
5813,2343,13,1,37.59,37.59
5814,2344,14,1,50.72,50.72
5815,2345,91,1,7.84,7.84
5816,2346,25,1,94.92,94.92
5817,2347,48,1,110.09,110.09
5818,2348,91,3,7.26,21.78
5819,2348,43,3,78.44,235.32
5820,2348,111,1,42.56,42.56
5821,2348,89,1,58.66,58.66
5822,2348,108,1,7.5,7.5
5823,2349,91,1,7.35,7.35
5824,2349,140,2,80.69,161.38
5825,2350,93,1,61.38,61.38
5826,2350,136,2,40.43,80.86
5827,2350,122,1,33.16,33.16
5828,2350,112,2,26.51,53.02
5829,2350,10,1,96.29,96.29
5830,2350,64,1,159.63,159.63
5831,2351,138,1,56.85,56.85
5832,2352,91,1,6.99,6.99
5833,2352,48,1,102.15,102.15
5834,2353,66,1,57.18,57.18
5835,2354,13,1,40.51,40.51
5836,2354,44,2,59.28,118.56
5837,2354,48,1,108.4,108.4
5838,2354,11,2,63.34,126.68
5839,2355,91,1,7.52,7.52
5840,2356,119,2,19.87,39.74
5841,2356,144,1,18.48,18.48
5842,2357,55,3,92.2,276.6
5843,2357,134,2,42.31,84.62
5844,2358,121,1,7.38,7.38
5845,2358,62,1,156.32,156.32
5846,2359,138,1,57.93,57.93
5847,2359,129,1,35.61,35.61
5848,2360,103,1,39.4,39.4
5849,2360,91,1,7.8,7.8
5850,2361,91,1,7.88,7.88
5851,2362,13,1,36.64,36.64
5852,2362,103,2,36.27,72.54
5853,2362,17,1,13.78,13.78
5854,2362,129,1,34.49,34.49
5855,2362,23,1,123.39,123.39
5856,2363,134,1,44.0,44.0
5857,2364,47,1,73.79,73.79
5858,2365,66,1,60.16,60.16
5859,2365,48,1,107.65,107.65
5860,2366,1,1,87.4,87.4
5861,2367,91,1,7.01,7.01
5862,2367,26,1,50.77,50.77
5863,2367,147,1,87.62,87.62
5864,2368,48,1,101.91,101.91
5865,2368,79,1,24.45,24.45
5866,2369,150,1,72.18,72.18
5867,2369,111,1,39.42,39.42
5868,2370,42,2,59.08,118.16
5869,2370,129,2,32.76,65.52
5870,2370,61,1,40.96,40.96
5871,2371,134,1,43.04,43.04
5872,2371,11,1,59.33,59.33
5873,2371,110,2,40.04,80.08
5874,2371,122,1,33.49,33.49
5875,2372,16,2,104.74,209.48
5876,2372,13,4,39.78,159.12
5877,2372,93,2,60.33,120.66
5878,2373,68,1,181.18,181.18
5879,2373,132,1,62.06,62.06
5880,2374,91,1,7.54,7.54
5881,2374,93,1,60.58,60.58
5882,2375,66,1,59.84,59.84
5883,2375,81,1,6.76,6.76
5884,2376,91,1,7.07,7.07
5885,2376,136,1,45.02,45.02
5886,2376,20,3,73.59,220.77
5887,2377,91,1,7.91,7.91
5888,2377,86,1,14.3,14.3
5889,2378,111,1,44.01,44.01
5890,2378,110,1,37.45,37.45
5891,2378,19,1,95.86,95.86
5892,2379,91,2,7.64,15.28
5893,2380,66,2,51.97,103.94
5894,2380,122,1,34.34,34.34
5895,2381,89,2,57.06,114.12
5896,2381,57,1,74.56,74.56
5897,2382,103,1,38.56,38.56
5898,2383,17,1,14.18,14.18
5899,2383,2,1,24.8,24.8
5900,2384,10,3,89.74,269.22
5901,2384,124,1,18.95,18.95
5902,2385,133,2,78.45,156.9
5903,2385,17,1,13.62,13.62
5904,2385,91,1,7.52,7.52
5905,2385,93,1,54.24,54.24
5906,2385,87,2,39.9,79.8
5907,2385,48,1,109.17,109.17
5908,2386,62,1,165.41,165.41
5909,2386,66,2,53.65,107.3
5910,2387,79,2,24.48,48.96
5911,2387,32,1,9.41,9.41
5912,2388,48,1,107.42,107.42
5913,2389,136,1,40.76,40.76
5914,2389,124,1,17.94,17.94
5915,2390,23,1,119.53,119.53
5916,2390,82,1,27.35,27.35
5917,2391,137,1,63.62,63.62
5918,2391,96,1,47.11,47.11
5919,2391,66,1,58.17,58.17
5920,2392,48,1,104.2,104.2
5921,2392,13,3,38.11,114.33
5922,2393,13,1,35.98,35.98
5923,2394,18,1,73.41,73.41
5924,2394,32,3,10.23,30.69
5925,2394,93,1,54.1,54.1
5926,2395,59,1,73.85,73.85
5927,2395,24,1,85.97,85.97
5928,2396,134,1,43.97,43.97
5929,2396,119,2,19.85,39.7
5930,2397,26,3,57.62,172.86
5931,2397,48,1,107.63,107.63
5932,2397,91,1,7.43,7.43
5933,2398,93,1,60.41,60.41
5934,2398,91,1,7.57,7.57
5935,2399,19,2,93.68,187.36
5936,2399,32,1,9.59,9.59
5937,2400,91,1,7.78,7.78
5938,2400,75,1,117.34,117.34
5939,2401,89,1,59.74,59.74
5940,2401,128,1,45.39,45.39
5941,2402,119,1,18.3,18.3
5942,2403,91,2,7.39,14.78
5943,2403,96,1,49.83,49.83
5944,2403,53,1,150.66,150.66
5945,2404,38,1,70.51,70.51
5946,2404,66,3,52.99,158.97
5947,2404,73,3,95.35,286.05
5948,2404,85,1,38.02,38.02
5949,2405,77,1,50.29,50.29
5950,2406,138,1,52.25,52.25
5951,2406,119,1,19.13,19.13
5952,2406,136,1,40.83,40.83
5953,2406,79,3,28.24,84.72
5954,2407,17,1,13.29,13.29
5955,2408,91,4,7.44,29.76
5956,2408,13,3,35.34,106.02
5957,2408,84,1,17.68,17.68
5958,2408,50,3,30.01,90.03
5959,2409,48,1,97.6,97.6
5960,2409,18,1,65.27,65.27
5961,2409,91,1,7.01,7.01
5962,2409,134,2,45.27,90.54
5963,2410,11,1,60.1,60.1
5964,2410,48,1,108.25,108.25
5965,2411,32,1,10.22,10.22
5966,2411,96,1,50.26,50.26
5967,2411,62,3,167.45,502.35
5968,2411,26,4,55.56,222.24
5969,2412,127,1,28.78,28.78
5970,2413,140,1,81.65,81.65
5971,2413,38,1,70.25,70.25
5972,2414,91,2,7.68,15.36
5973,2415,26,1,58.25,58.25
5974,2415,13,1,37.82,37.82
5975,2415,9,2,25.44,50.88
5976,2415,17,4,14.32,57.28
5977,2416,47,1,71.3,71.3
5978,2416,91,3,7.45,22.35
5979,2417,91,1,7.95,7.95
5980,2417,68,2,165.47,330.94
5981,2418,91,1,7.77,7.77
5982,2419,100,1,41.28,41.28
5983,2419,134,1,45.97,45.97
5984,2419,111,2,38.68,77.36
5985,2420,79,1,25.44,25.44
5986,2420,147,1,86.05,86.05
5987,2420,70,1,45.75,45.75
5988,2421,122,1,34.9,34.9
5989,2421,48,1,107.72,107.72
5990,2422,73,1,87.96,87.96
5991,2422,91,1,7.4,7.4
5992,2422,48,2,109.3,218.6
5993,2423,17,1,14.55,14.55
5994,2423,10,5,89.4,447.0
5995,2424,93,1,60.86,60.86
5996,2424,34,3,21.15,63.45
5997,2425,53,4,136.27,545.08
5998,2426,49,1,65.03,65.03
5999,2426,39,3,133.91,401.73
6000,2427,138,1,53.94,53.94
6001,2427,140,2,91.99,183.98
6002,2427,91,1,7.8,7.8
6003,2428,48,1,99.23,99.23
6004,2429,66,1,58.16,58.16
6005,2429,45,1,141.32,141.32
6006,2429,82,1,26.97,26.97
6007,2430,57,1,73.76,73.76
6008,2431,2,3,22.01,66.03
6009,2431,124,2,17.13,34.26
6010,2432,91,1,7.78,7.78
6011,2432,48,1,99.97,99.97
6012,2432,79,1,26.63,26.63
6013,2432,100,1,36.48,36.48
6014,2433,66,1,56.67,56.67
6015,2434,62,1,168.8,168.8
6016,2434,124,1,19.12,19.12
6017,2435,63,1,85.78,85.78
6018,2436,66,2,54.47,108.94
6019,2437,100,1,40.38,40.38
6020,2438,48,1,108.27,108.27
6021,2439,68,2,180.37,360.74
6022,2439,102,4,34.24,136.96
6023,2439,83,1,42.06,42.06
6024,2440,93,1,59.48,59.48
6025,2440,38,1,72.2,72.2
6026,2440,66,1,60.16,60.16
6027,2441,48,1,105.5,105.5
6028,2442,48,4,108.36,433.44
6029,2443,89,1,57.73,57.73
6030,2444,55,1,88.37,88.37
6031,2444,91,3,7.76,23.28
6032,2445,47,2,80.78,161.56
6033,2445,91,1,7.49,7.49
6034,2446,34,1,20.78,20.78
6035,2446,127,1,24.91,24.91
6036,2446,14,2,49.25,98.5
6037,2447,84,3,16.8,50.4
6038,2448,48,4,98.78,395.12
6039,2448,93,4,61.37,245.48
6040,2449,110,1,42.5,42.5
6041,2449,131,1,38.77,38.77
6042,2449,119,1,19.01,19.01
6043,2450,66,1,52.06,52.06
6044,2450,113,1,31.72,31.72
6045,2450,137,1,71.83,71.83
6046,2451,49,4,66.68,266.72
6047,2451,93,1,56.99,56.99
6048,2451,91,1,7.0,7.0
6049,2451,52,1,140.4,140.4
6050,2452,90,1,34.01,34.01
6051,2452,138,1,54.72,54.72
6052,2453,134,1,44.06,44.06
6053,2453,53,1,144.27,144.27
6054,2453,110,3,43.29,129.87
6055,2454,68,2,170.94,341.88
6056,2454,119,1,19.73,19.73
6057,2455,64,1,161.39,161.39
6058,2455,25,1,90.29,90.29
6059,2456,48,1,103.43,103.43
6060,2456,34,4,20.44,81.76
6061,2456,98,1,36.55,36.55
6062,2457,111,1,38.52,38.52
6063,2457,38,2,70.36,140.72
6064,2458,83,1,44.87,44.87
6065,2458,108,4,7.9,31.6
6066,2459,48,1,95.69,95.69
6067,2460,91,2,7.1,14.2
6068,2460,133,1,71.97,71.97
6069,2460,79,1,25.98,25.98
6070,2461,91,1,7.81,7.81
6071,2461,26,1,50.41,50.41
6072,2462,91,1,7.82,7.82
6073,2462,38,1,68.33,68.33
6074,2462,48,1,103.35,103.35
6075,2462,86,1,14.24,14.24
6076,2463,150,1,70.08,70.08
6077,2463,73,3,92.02,276.06
6078,2464,136,1,42.33,42.33
6079,2464,138,4,56.48,225.92
6080,2465,38,1,63.0,63.0
6081,2465,62,1,152.52,152.52
6082,2466,37,3,25.99,77.97
6083,2467,20,1,73.83,73.83
6084,2467,90,1,32.69,32.69
6085,2467,66,2,57.93,115.86
6086,2468,1,2,78.6,157.2
6087,2468,134,2,43.7,87.4
6088,2468,91,1,7.0,7.0
6089,2468,73,3,83.97,251.91
6090,2468,111,1,41.81,41.81
6091,2468,34,1,19.63,19.63
6092,2469,48,4,107.65,430.6
6093,2469,12,1,98.57,98.57
6094,2469,103,3,39.0,117.0
6095,2470,134,4,45.62,182.48
6096,2470,91,1,7.95,7.95
6097,2471,96,3,47.55,142.65
6098,2471,34,4,18.97,75.88
6099,2472,26,3,56.14,168.42
6100,2472,112,2,25.28,50.56
6101,2472,79,1,27.69,27.69
6102,2473,131,1,35.62,35.62
6103,2474,123,1,45.7,45.7
6104,2474,13,1,37.79,37.79
6105,2474,67,1,92.62,92.62
6106,2474,136,4,43.12,172.48
6107,2474,2,1,24.52,24.52
6108,2475,138,1,51.82,51.82
6109,2476,52,1,140.72,140.72
6110,2476,62,2,154.79,309.58
6111,2476,45,1,132.36,132.36
6112,2477,93,1,60.44,60.44
6113,2477,129,3,32.18,96.54
6114,2477,25,1,88.98,88.98
6115,2478,65,4,29.6,118.4
6116,2478,129,2,32.25,64.5
6117,2479,26,1,53.46,53.46
6118,2479,150,1,71.65,71.65
6119,2479,66,2,59.92,119.84
6120,2479,61,1,40.31,40.31
6121,2480,122,1,37.5,37.5
6122,2480,10,2,100.63,201.26
6123,2480,54,1,50.29,50.29
6124,2480,1,1,85.4,85.4
6125,2481,23,1,109.36,109.36
6126,2482,144,2,19.31,38.62
6127,2482,2,1,25.31,25.31
6128,2483,148,3,43.45,130.35
6129,2484,132,4,65.47,261.88
6130,2485,16,1,113.29,113.29
6131,2486,139,1,56.64,56.64
6132,2487,101,1,44.63,44.63
6133,2487,48,2,105.68,211.36
6134,2488,48,1,104.78,104.78
6135,2488,77,1,48.18,48.18
6136,2489,48,1,101.37,101.37
6137,2490,1,1,87.92,87.92
6138,2491,91,1,7.41,7.41
6139,2491,138,1,59.07,59.07
6140,2492,100,1,40.74,40.74
6141,2492,91,1,7.76,7.76
6142,2492,136,1,43.53,43.53
6143,2492,122,3,35.13,105.39
6144,2492,131,2,36.87,73.74
6145,2492,1,1,83.43,83.43
6146,2493,124,1,17.25,17.25
6147,2493,17,1,14.6,14.6
6148,2494,66,2,54.96,109.92
6149,2495,18,2,71.93,143.86
6150,2495,47,1,80.49,80.49
6151,2496,121,1,7.19,7.19
6152,2496,148,1,41.02,41.02
6153,2496,16,1,108.8,108.8
6154,2497,13,1,37.79,37.79
6155,2497,10,1,91.46,91.46
6156,2498,93,1,56.83,56.83
6157,2498,52,5,126.5,632.5
6158,2498,119,1,18.86,18.86
6159,2498,149,1,78.39,78.39
6160,2499,66,2,57.88,115.76
6161,2500,49,1,63.68,63.68
6162,2500,48,1,108.81,108.81
6163,2500,70,1,46.54,46.54
6164,2500,1,3,78.19,234.57
6165,2500,41,3,134.33,402.99
6166,2501,135,2,31.41,62.82
6167,2502,84,1,18.38,18.38
6168,2502,121,2,7.93,15.86
6169,2502,91,2,8.03,16.06
6170,2502,62,2,175.52,351.04
6171,2503,48,1,101.47,101.47
6172,2504,14,1,52.28,52.28
6173,2504,79,1,25.78,25.78
6174,2504,32,2,9.31,18.62
6175,2504,121,5,7.03,35.15
6176,2504,9,1,24.91,24.91
6177,2505,76,2,24.72,49.44
6178,2505,38,2,68.22,136.44
6179,2506,138,2,59.21,118.42
6180,2506,112,1,27.79,27.79
6181,2507,48,1,108.63,108.63
6182,2508,26,1,55.15,55.15
6183,2508,48,1,104.77,104.77
6184,2508,76,3,25.6,76.8
6185,2509,45,5,129.81,649.05
6186,2509,22,2,103.07,206.14
6187,2509,48,1,98.07,98.07
6188,2509,39,1,140.41,140.41
6189,2510,88,2,13.76,27.52
6190,2510,144,1,16.83,16.83
6191,2510,89,1,57.86,57.86
6192,2510,26,2,54.63,109.26
6193,2510,62,2,168.78,337.56
6194,2511,43,1,71.09,71.09
6195,2511,134,1,40.55,40.55
6196,2512,48,1,102.74,102.74
6197,2512,80,1,17.54,17.54
6198,2513,41,1,132.66,132.66
6199,2513,134,2,40.4,80.8
6200,2514,48,1,101.77,101.77
6201,2514,107,2,31.41,62.82
6202,2514,81,3,7.68,23.04
6203,2514,144,1,18.74,18.74
6204,2514,91,4,7.26,29.04
6205,2515,1,1,89.12,89.12
6206,2516,62,1,165.31,165.31
6207,2516,48,2,103.22,206.44
6208,2517,119,3,18.63,55.89
6209,2518,47,1,79.71,79.71
6210,2518,48,1,99.9,99.9
6211,2519,33,2,85.83,171.66
6212,2519,137,1,72.5,72.5
6213,2520,119,1,19.15,19.15
6214,2520,10,1,93.0,93.0
6215,2521,48,2,97.44,194.88
6216,2522,66,1,54.1,54.1
6217,2522,110,1,38.47,38.47
6218,2523,66,1,52.37,52.37
6219,2523,149,1,88.71,88.71
6220,2524,141,1,69.07,69.07
6221,2524,134,1,41.02,41.02
6222,2524,34,4,21.89,87.56
6223,2524,1,1,79.98,79.98
6224,2525,66,1,59.53,59.53
6225,2525,119,1,18.86,18.86
6226,2525,62,1,168.87,168.87
6227,2525,107,1,32.37,32.37
6228,2526,134,1,45.51,45.51
6229,2527,52,1,138.56,138.56
6230,2527,48,1,108.81,108.81
6231,2527,144,2,19.14,38.28
6232,2528,85,1,39.25,39.25
6233,2528,30,3,26.71,80.13
6234,2528,45,1,134.2,134.2
6235,2528,38,3,65.7,197.1
6236,2529,57,2,77.21,154.42
6237,2529,48,2,109.0,218.0
6238,2530,83,1,47.11,47.11
6239,2530,38,1,63.5,63.5
6240,2530,47,2,80.99,161.98
6241,2530,90,1,30.24,30.24
6242,2530,136,1,40.14,40.14
6243,2531,48,1,101.76,101.76
6244,2531,70,1,46.9,46.9
6245,2532,50,1,28.99,28.99
6246,2532,57,1,72.98,72.98
6247,2533,149,2,89.57,179.14
6248,2533,137,2,68.5,137.0
6249,2533,121,1,7.32,7.32
6250,2534,54,1,56.0,56.0
6251,2535,141,1,67.96,67.96
6252,2535,53,1,132.78,132.78
6253,2535,140,1,86.77,86.77
6254,2535,119,1,20.07,20.07
6255,2536,34,1,21.55,21.55
6256,2536,103,1,37.42,37.42
6257,2536,79,2,26.92,53.84
6258,2537,115,4,13.89,55.56
6259,2538,55,4,95.01,380.04
6260,2538,53,1,145.81,145.81
6261,2538,48,5,99.2,496.0
6262,2538,107,1,33.66,33.66
6263,2539,48,1,101.76,101.76
6264,2539,17,3,13.47,40.41
6265,2539,91,2,7.34,14.68
6266,2539,138,1,53.43,53.43
6267,2540,134,1,40.33,40.33
6268,2541,84,1,17.01,17.01
6269,2541,87,1,36.13,36.13
6270,2542,82,2,25.08,50.16
6271,2542,62,1,176.14,176.14
6272,2542,65,1,32.49,32.49
6273,2542,91,1,7.44,7.44
6274,2542,59,1,68.3,68.3
6275,2543,124,4,17.12,68.48
6276,2544,86,1,14.77,14.77
6277,2545,119,3,18.71,56.13
6278,2545,26,4,54.62,218.48
6279,2545,11,1,61.02,61.02
6280,2546,48,3,97.89,293.67
6281,2547,79,1,24.26,24.26
6282,2548,62,2,175.4,350.8
6283,2548,131,2,38.32,76.64
6284,2549,34,2,19.57,39.14
6285,2549,52,4,139.33,557.32
6286,2549,93,2,60.41,120.82
6287,2549,137,2,63.75,127.5
6288,2550,140,1,89.23,89.23
6289,2551,136,1,41.31,41.31
6290,2551,86,1,15.01,15.01
6291,2552,103,1,39.31,39.31
6292,2553,84,1,16.82,16.82
6293,2554,62,3,163.99,491.97
6294,2554,24,1,80.48,80.48
6295,2554,17,2,14.23,28.46
6296,2555,13,3,37.1,111.3
6297,2556,22,1,104.23,104.23
6298,2557,2,1,24.36,24.36
6299,2557,76,1,27.86,27.86
6300,2558,91,1,7.62,7.62
6301,2558,79,1,27.15,27.15
6302,2559,57,1,76.9,76.9
6303,2560,96,1,47.1,47.1
6304,2560,48,1,105.13,105.13
6305,2560,134,1,41.24,41.24
6306,2561,91,5,7.88,39.4
6307,2561,79,1,27.32,27.32
6308,2562,13,1,38.51,38.51
6309,2562,120,1,49.15,49.15
6310,2563,137,1,64.85,64.85
6311,2563,17,1,13.03,13.03
6312,2563,89,5,57.67,288.35
6313,2564,93,2,56.7,113.4
6314,2565,121,2,7.84,15.68
6315,2565,62,1,155.85,155.85
6316,2565,91,1,7.0,7.0
6317,2565,100,4,41.15,164.6
6318,2565,34,1,21.06,21.06
6319,2565,134,1,40.03,40.03
6320,2566,66,1,54.56,54.56
6321,2567,47,1,79.89,79.89
6322,2567,76,1,26.17,26.17
6323,2567,134,1,43.77,43.77
6324,2568,38,1,65.65,65.65
6325,2568,52,1,129.65,129.65
6326,2568,86,1,14.69,14.69
6327,2569,93,4,54.95,219.8
6328,2569,122,1,35.96,35.96
6329,2570,134,1,43.92,43.92
6330,2570,110,1,38.58,38.58
6331,2570,91,3,7.99,23.97
6332,2570,38,1,71.59,71.59
6333,2571,81,1,7.43,7.43
6334,2571,67,1,88.07,88.07
6335,2571,136,2,40.93,81.86
6336,2571,1,2,88.32,176.64
6337,2571,123,3,47.41,142.23
6338,2572,111,1,40.01,40.01
6339,2572,67,1,81.52,81.52
6340,2573,48,1,100.01,100.01
6341,2573,38,3,67.98,203.94
6342,2574,13,2,36.05,72.1
6343,2574,79,5,27.95,139.75
6344,2575,55,1,84.23,84.23
6345,2575,121,2,7.74,15.48
6346,2575,48,1,106.74,106.74
6347,2575,108,2,8.25,16.5
6348,2575,138,1,55.62,55.62
6349,2575,31,3,72.48,217.44
6350,2576,138,1,54.89,54.89
6351,2576,105,3,30.65,91.95
6352,2577,138,1,56.4,56.4
6353,2577,79,1,26.94,26.94
6354,2578,55,1,93.11,93.11
6355,2578,90,1,34.09,34.09
6356,2578,16,1,109.68,109.68
6357,2579,96,1,49.7,49.7
6358,2580,150,2,69.18,138.36
6359,2581,91,2,7.3,14.6
6360,2581,141,4,64.94,259.76
6361,2582,96,4,47.31,189.24
6362,2582,48,1,97.38,97.38
6363,2583,47,1,71.13,71.13
6364,2583,10,1,90.08,90.08
6365,2583,12,2,96.65,193.3
6366,2583,66,1,52.4,52.4
6367,2584,48,2,101.52,203.04
6368,2584,112,1,24.98,24.98
6369,2584,121,3,7.48,22.44
6370,2584,149,2,83.78,167.56
6371,2585,108,2,8.24,16.48
6372,2585,17,3,12.84,38.52
6373,2585,109,1,50.4,50.4
6374,2585,48,2,97.32,194.64
6375,2586,2,1,22.11,22.11
6376,2586,91,5,7.3,36.5
6377,2586,122,1,33.24,33.24
6378,2587,48,2,105.45,210.9
6379,2588,129,1,33.71,33.71
6380,2588,150,2,71.82,143.64
6381,2589,91,2,8.03,16.06
6382,2590,93,1,60.16,60.16
6383,2590,116,1,36.14,36.14
6384,2591,48,1,101.46,101.46
6385,2591,83,1,41.76,41.76
6386,2591,17,1,14.38,14.38
6387,2592,82,2,25.0,50.0
6388,2592,77,1,50.26,50.26
6389,2592,89,1,56.02,56.02
6390,2592,43,2,71.25,142.5
6391,2592,150,2,74.96,149.92
6392,2593,26,4,51.87,207.48
6393,2594,132,1,60.47,60.47
6394,2595,136,2,43.68,87.36
6395,2596,26,2,52.5,105.0
6396,2596,137,4,73.41,293.64
6397,2597,148,1,42.23,42.23
6398,2597,38,3,68.19,204.57
6399,2597,104,2,36.63,73.26
6400,2598,13,1,37.09,37.09
6401,2598,11,1,61.58,61.58
6402,2598,91,1,6.98,6.98
6403,2599,91,1,7.97,7.97
6404,2599,93,5,60.31,301.55
6405,2599,124,1,17.33,17.33
6406,2600,26,4,56.08,224.32
6407,2600,136,1,41.91,41.91
6408,2600,86,2,14.95,29.9
6409,2600,48,2,97.62,195.24
6410,2601,89,1,55.69,55.69
6411,2601,126,2,22.16,44.32
6412,2601,91,1,7.3,7.3
6413,2602,49,1,72.21,72.21
6414,2603,144,1,19.01,19.01
6415,2603,134,1,41.4,41.4
6416,2603,91,1,6.96,6.96
6417,2604,16,1,110.69,110.69
6418,2605,83,1,45.17,45.17
6419,2605,13,2,35.85,71.7
6420,2605,62,1,162.7,162.7
6421,2606,48,1,99.54,99.54
6422,2607,129,1,35.04,35.04
6423,2607,91,3,7.16,21.48
6424,2607,119,1,19.8,19.8
6425,2607,2,1,24.42,24.42
6426,2607,18,1,65.05,65.05
6427,2608,66,1,55.26,55.26
6428,2608,48,1,95.4,95.4
6429,2608,135,1,31.72,31.72
6430,2609,48,1,105.89,105.89
6431,2609,122,1,33.01,33.01
6432,2610,122,1,34.66,34.66
6433,2611,91,4,7.34,29.36
6434,2612,68,2,160.98,321.96
6435,2612,146,1,37.5,37.5
6436,2613,48,1,103.72,103.72
6437,2613,93,3,55.77,167.31
6438,2613,89,2,52.99,105.98
6439,2614,139,2,59.09,118.18
6440,2615,38,1,69.21,69.21
6441,2615,61,1,38.74,38.74
6442,2616,140,1,89.15,89.15
6443,2616,85,1,38.69,38.69
6444,2617,114,1,14.15,14.15
6445,2617,91,1,7.5,7.5
6446,2618,80,1,16.61,16.61
6447,2618,93,2,60.36,120.72
6448,2619,150,1,65.25,65.25
6449,2619,13,2,39.59,79.18
6450,2620,43,3,70.49,211.47
6451,2620,100,1,41.81,41.81
6452,2620,54,1,53.62,53.62
6453,2621,122,1,33.45,33.45
6454,2621,53,1,152.36,152.36
6455,2622,150,2,73.88,147.76
6456,2622,75,1,122.05,122.05
6457,2622,112,2,27.76,55.52
6458,2622,86,3,14.52,43.56
6459,2622,84,2,18.27,36.54
6460,2623,42,3,65.79,197.37
6461,2623,124,1,17.75,17.75
6462,2624,128,2,39.82,79.64
6463,2624,108,2,7.13,14.26
6464,2624,68,1,179.97,179.97
6465,2625,13,1,37.19,37.19
6466,2625,76,1,24.88,24.88
6467,2626,57,1,75.73,75.73
6468,2627,123,2,44.49,88.98
6469,2627,121,1,7.45,7.45
6470,2628,81,3,7.77,23.31
6471,2628,91,2,6.97,13.94
6472,2628,96,4,51.02,204.08
6473,2629,3,1,57.23,57.23
6474,2629,76,1,25.79,25.79
6475,2629,91,1,7.49,7.49
6476,2630,66,1,60.14,60.14
6477,2631,86,1,14.04,14.04
6478,2632,150,1,70.71,70.71
6479,2633,112,1,28.81,28.81
6480,2633,91,2,7.42,14.84
6481,2633,47,1,72.21,72.21
6482,2634,48,1,95.26,95.26
6483,2634,18,1,65.51,65.51
6484,2635,121,5,7.69,38.45
6485,2635,84,5,17.91,89.55
6486,2635,47,1,76.07,76.07
6487,2635,79,1,27.69,27.69
6488,2635,91,1,7.44,7.44
6489,2635,1,1,82.35,82.35
6490,2636,96,1,48.25,48.25
6491,2636,121,1,7.15,7.15
6492,2636,147,2,85.91,171.82
6493,2637,129,1,31.82,31.82
6494,2638,134,1,46.46,46.46
6495,2639,41,1,134.11,134.11
6496,2639,90,1,34.51,34.51
6497,2640,13,3,37.7,113.1
6498,2640,76,1,24.75,24.75
6499,2640,82,1,26.24,26.24
6500,2641,66,1,56.19,56.19
6501,2641,48,1,103.9,103.9
6502,2641,107,1,33.82,33.82
6503,2642,93,1,58.42,58.42
6504,2642,127,3,26.99,80.97
6505,2643,57,1,70.14,70.14
6506,2643,62,1,166.63,166.63
6507,2644,81,1,6.98,6.98
6508,2644,137,2,69.72,139.44
6509,2644,67,4,91.17,364.68
6510,2644,91,1,7.79,7.79
6511,2645,48,3,101.15,303.45
6512,2645,13,2,36.06,72.12
6513,2646,121,1,8.0,8.0
6514,2646,76,4,25.47,101.88
6515,2646,93,1,56.31,56.31
6516,2646,80,2,17.3,34.6
6517,2647,17,1,13.16,13.16
6518,2648,66,3,54.93,164.79
6519,2649,134,3,41.2,123.6
6520,2649,32,5,9.65,48.25
6521,2649,91,1,7.86,7.86
6522,2650,93,1,53.91,53.91
6523,2650,77,1,50.33,50.33
6524,2651,112,1,28.32,28.32
6525,2651,141,1,71.28,71.28
6526,2652,88,1,13.76,13.76
6527,2652,76,2,24.55,49.1
6528,2652,110,1,39.62,39.62
6529,2652,136,3,41.98,125.94
6530,2652,47,4,70.83,283.32
6531,2653,70,1,47.31,47.31
6532,2654,96,1,52.1,52.1
6533,2654,144,1,18.04,18.04
6534,2654,68,1,182.61,182.61
6535,2654,148,2,40.65,81.3
6536,2655,134,2,41.12,82.24
6537,2655,6,1,118.11,118.11
6538,2655,132,1,62.97,62.97
6539,2655,81,2,7.4,14.8
6540,2656,91,3,7.87,23.61
6541,2656,61,1,41.12,41.12
6542,2656,17,1,13.28,13.28
6543,2657,93,2,62.02,124.04
6544,2657,17,4,12.77,51.08
6545,2658,87,1,39.95,39.95
6546,2658,104,4,41.08,164.32
6547,2658,138,1,53.63,53.63
6548,2658,91,1,7.31,7.31
6549,2658,68,1,179.69,179.69
6550,2659,48,2,106.67,213.34
6551,2659,124,1,18.18,18.18
6552,2659,105,1,30.62,30.62
6553,2659,66,3,54.08,162.24
6554,2660,138,2,58.08,116.16
6555,2660,121,1,7.77,7.77
6556,2660,22,2,96.84,193.68
6557,2661,15,1,101.67,101.67
6558,2661,81,1,7.62,7.62
6559,2661,47,1,79.16,79.16
6560,2661,104,2,36.62,73.24
6561,2662,79,3,24.58,73.74
6562,2662,90,2,34.01,68.02
6563,2663,91,2,7.52,15.04
6564,2664,48,1,101.79,101.79
6565,2664,93,3,54.39,163.17
6566,2665,77,1,45.48,45.48
6567,2665,61,1,38.98,38.98
6568,2666,42,1,57.5,57.5
6569,2666,41,1,134.57,134.57
6570,2667,75,2,107.97,215.94
6571,2668,86,1,13.57,13.57
6572,2669,18,5,65.68,328.4
6573,2670,66,1,58.04,58.04
6574,2670,88,3,13.47,40.41
6575,2671,148,3,40.16,120.48
6576,2672,93,1,60.73,60.73
6577,2672,66,1,58.11,58.11
6578,2672,133,1,74.68,74.68
6579,2672,122,2,33.46,66.92
6580,2673,79,3,25.7,77.1
6581,2673,91,1,7.79,7.79
6582,2673,64,2,175.79,351.58
6583,2673,100,2,40.35,80.7
6584,2673,134,2,45.29,90.58
6585,2674,53,1,133.62,133.62
6586,2674,113,1,33.25,33.25
6587,2674,139,1,60.11,60.11
6588,2674,47,3,80.97,242.91
6589,2675,79,1,25.11,25.11
6590,2675,48,1,100.97,100.97
6591,2676,63,3,93.34,280.02
6592,2677,121,1,7.37,7.37
6593,2677,13,1,35.78,35.78
6594,2677,119,1,20.12,20.12
6595,2678,75,1,118.51,118.51
6596,2678,110,3,41.08,123.24
6597,2678,121,1,7.98,7.98
6598,2679,150,1,68.81,68.81
6599,2679,48,3,110.24,330.72
6600,2679,124,1,19.54,19.54
6601,2680,38,1,72.22,72.22
6602,2681,13,2,37.56,75.12
6603,2681,91,1,7.85,7.85
6604,2681,21,1,75.6,75.6
6605,2682,66,1,58.48,58.48
6606,2682,96,2,52.42,104.84
6607,2682,2,1,25.3,25.3
6608,2683,79,2,27.05,54.1
6609,2683,38,1,63.5,63.5
6610,2684,18,1,64.87,64.87
6611,2685,134,1,40.33,40.33
6612,2685,129,1,34.56,34.56
6613,2685,91,1,7.08,7.08
6614,2685,133,2,78.49,156.98
6615,2686,86,2,13.35,26.7
6616,2687,75,2,119.53,239.06
6617,2688,70,1,44.95,44.95
6618,2689,79,1,24.78,24.78
6619,2689,26,2,50.33,100.66
6620,2690,140,1,79.54,79.54
6621,2691,29,1,32.45,32.45
6622,2691,86,5,14.09,70.45
6623,2692,133,4,78.41,313.64
6624,2692,137,1,70.85,70.85
6625,2692,65,1,31.33,31.33
6626,2693,48,1,107.1,107.1
6627,2693,111,1,39.59,39.59
6628,2694,48,1,95.7,95.7
6629,2694,119,1,19.53,19.53
6630,2694,114,2,14.11,28.22
6631,2695,14,1,57.06,57.06
6632,2696,17,2,13.87,27.74
6633,2697,67,2,86.74,173.48
6634,2697,96,1,52.07,52.07
6635,2698,82,2,26.6,53.2
6636,2699,91,1,7.69,7.69
6637,2699,133,1,80.49,80.49
6638,2699,55,2,88.65,177.3
6639,2700,77,2,46.1,92.2
6640,2700,81,3,7.56,22.68
6641,2700,89,1,54.88,54.88
6642,2700,48,1,107.23,107.23
6643,2701,75,1,120.86,120.86
6644,2702,96,1,48.15,48.15
6645,2702,55,2,96.1,192.2
6646,2703,91,1,7.53,7.53
6647,2704,68,3,162.16,486.48
6648,2704,79,2,26.12,52.24
6649,2705,34,1,21.21,21.21
6650,2705,121,1,7.42,7.42
6651,2706,141,1,71.76,71.76
6652,2706,107,2,32.43,64.86
6653,2706,108,1,8.28,8.28
6654,2706,96,1,52.85,52.85
6655,2706,90,2,29.93,59.86
6656,2707,134,3,44.0,132.0
6657,2707,13,1,37.35,37.35
6658,2708,1,3,86.4,259.2
6659,2709,18,1,72.86,72.86
6660,2710,32,2,9.78,19.56
6661,2710,93,2,60.24,120.48
6662,2710,150,1,74.86,74.86
6663,2711,90,1,32.61,32.61
6664,2711,79,1,25.12,25.12
6665,2711,47,5,76.46,382.3
6666,2711,122,2,37.31,74.62
6667,2712,148,3,41.17,123.51
6668,2712,70,1,47.24,47.24
6669,2712,139,1,59.44,59.44
6670,2712,55,2,94.4,188.8
6671,2712,91,1,7.55,7.55
6672,2712,121,1,7.89,7.89
6673,2713,132,1,59.22,59.22
6674,2714,38,1,66.83,66.83
6675,2714,62,1,170.65,170.65
6676,2714,86,1,14.4,14.4
6677,2714,55,1,95.83,95.83
6678,2715,138,1,59.06,59.06
6679,2716,149,2,78.19,156.38
6680,2717,85,1,40.17,40.17
6681,2718,105,1,30.78,30.78
6682,2718,53,1,141.42,141.42
6683,2719,121,1,8.07,8.07
6684,2719,48,1,105.23,105.23
6685,2719,79,1,25.39,25.39
6686,2720,91,3,7.14,21.42
6687,2721,81,1,7.02,7.02
6688,2721,91,2,7.21,14.42
6689,2722,48,2,96.46,192.92
6690,2722,16,1,106.24,106.24
6691,2722,24,1,84.96,84.96
6692,2723,150,1,74.31,74.31
6693,2723,138,1,56.73,56.73
6694,2723,13,2,36.91,73.82
6695,2723,48,1,95.35,95.35
6696,2724,61,1,40.98,40.98
6697,2724,54,3,57.29,171.87
6698,2725,48,2,99.75,199.5
6699,2725,17,1,13.36,13.36
6700,2726,32,2,9.17,18.34
6701,2726,141,1,62.35,62.35
6702,2727,48,2,105.87,211.74
6703,2728,90,4,32.85,131.4
6704,2729,61,1,37.37,37.37
6705,2729,70,1,43.34,43.34
6706,2729,79,1,27.05,27.05
6707,2729,137,1,71.32,71.32
6708,2729,148,2,43.74,87.48
6709,2730,38,1,63.95,63.95
6710,2731,93,2,61.13,122.26
6711,2732,66,3,53.69,161.07
6712,2732,148,2,40.55,81.1
6713,2732,11,1,55.83,55.83
6714,2732,132,2,59.29,118.58
6715,2732,48,1,96.77,96.77
6716,2733,47,3,73.0,219.0
6717,2733,90,1,29.95,29.95
6718,2733,138,2,53.96,107.92
6719,2734,47,2,82.17,164.34
6720,2735,121,2,7.01,14.02
6721,2735,91,1,7.68,7.68
6722,2735,81,1,7.26,7.26
6723,2736,89,1,54.04,54.04
6724,2736,119,1,17.51,17.51
6725,2736,66,1,54.17,54.17
6726,2736,48,1,103.87,103.87
6727,2737,38,5,65.57,327.85
6728,2737,110,2,38.62,77.24
6729,2737,26,4,57.08,228.32
6730,2738,66,1,54.26,54.26
6731,2738,1,1,78.6,78.6
6732,2739,93,1,58.49,58.49
6733,2739,57,1,73.56,73.56
6734,2740,49,2,72.85,145.7
6735,2740,52,2,125.7,251.4
6736,2741,100,4,37.49,149.96
6737,2742,107,1,32.52,32.52
6738,2742,148,2,43.58,87.16
6739,2742,17,2,12.7,25.4
6740,2742,62,1,162.73,162.73
6741,2743,66,1,56.12,56.12
6742,2743,93,5,55.02,275.1
6743,2743,48,1,101.96,101.96
6744,2743,91,3,7.54,22.62
6745,2743,39,1,132.01,132.01
6746,2743,134,4,42.22,168.88
6747,2744,65,1,31.5,31.5
6748,2745,131,1,33.94,33.94
6749,2745,13,2,35.77,71.54
6750,2745,79,1,24.45,24.45
6751,2746,34,1,21.0,21.0
6752,2747,129,1,34.84,34.84
6753,2748,56,1,118.96,118.96
6754,2749,82,2,24.8,49.6
6755,2749,30,1,28.08,28.08
6756,2750,149,1,78.15,78.15
6757,2750,66,2,53.34,106.68
6758,2751,136,1,42.73,42.73
6759,2751,111,1,43.16,43.16
6760,2751,91,1,7.61,7.61
6761,2752,38,1,71.64,71.64
6762,2752,121,4,7.93,31.72
6763,2753,128,1,40.93,40.93
6764,2754,48,1,94.95,94.95
6765,2755,122,2,37.66,75.32
6766,2755,107,1,30.0,30.0
6767,2755,38,1,64.04,64.04
6768,2755,6,2,121.28,242.56
6769,2755,76,1,27.51,27.51
6770,2755,143,1,88.91,88.91
6771,2756,48,1,101.1,101.1
6772,2756,111,2,40.36,80.72
6773,2757,131,1,34.3,34.3
6774,2757,38,3,65.62,196.86
6775,2757,66,1,57.68,57.68
6776,2757,65,2,34.05,68.1
6777,2758,49,2,66.56,133.12
6778,2758,140,1,88.73,88.73
6779,2758,55,1,87.47,87.47
6780,2759,48,2,96.6,193.2
6781,2759,20,1,66.04,66.04
6782,2759,63,1,89.47,89.47
6783,2760,48,2,107.45,214.9
6784,2760,67,1,86.6,86.6
6785,2760,79,2,27.7,55.4
6786,2761,91,2,7.19,14.38
6787,2762,75,4,117.66,470.64
6788,2763,2,1,22.55,22.55
6789,2763,86,1,14.09,14.09
6790,2764,104,2,39.46,78.92
6791,2765,38,3,67.71,203.13
6792,2765,48,1,102.08,102.08
6793,2765,70,1,44.14,44.14
6794,2765,13,1,37.99,37.99
6795,2766,84,1,18.86,18.86
6796,2766,114,1,13.82,13.82
6797,2767,147,2,87.42,174.84
6798,2767,2,1,21.91,21.91
6799,2768,18,2,72.57,145.14
6800,2768,14,1,52.15,52.15
6801,2768,96,1,48.44,48.44
6802,2769,81,2,7.18,14.36
6803,2769,54,1,56.56,56.56
6804,2770,48,1,106.64,106.64
6805,2771,14,2,54.96,109.92
6806,2771,149,1,84.44,84.44
6807,2772,91,1,7.5,7.5
6808,2772,45,2,133.02,266.04
6809,2772,143,1,91.65,91.65
6810,2772,83,3,43.11,129.33
6811,2772,2,1,25.45,25.45
6812,2772,89,1,55.51,55.51
6813,2773,17,1,13.06,13.06
6814,2773,48,2,100.02,200.04
6815,2774,111,1,43.46,43.46
6816,2775,2,2,23.37,46.74
6817,2775,13,4,40.03,160.12
6818,2776,132,1,62.28,62.28
6819,2777,13,1,38.93,38.93
6820,2777,24,1,84.01,84.01
6821,2778,91,3,8.02,24.06
6822,2778,66,3,53.22,159.66
6823,2779,70,1,45.99,45.99
6824,2779,123,1,42.03,42.03
6825,2780,48,1,96.11,96.11
6826,2780,39,1,144.16,144.16
6827,2781,93,1,57.78,57.78
6828,2781,48,1,109.22,109.22
6829,2781,49,1,71.24,71.24
6830,2781,84,1,17.52,17.52
6831,2781,131,1,37.7,37.7
6832,2782,90,2,34.42,68.84
6833,2782,48,1,104.96,104.96
6834,2782,83,1,42.91,42.91
6835,2782,100,1,40.68,40.68
6836,2783,9,1,22.91,22.91
6837,2783,121,3,7.66,22.98
6838,2783,48,3,107.89,323.67
6839,2783,77,3,48.09,144.27
6840,2783,107,5,33.4,167.0
6841,2784,134,2,39.96,79.92
6842,2784,109,1,49.79,49.79
6843,2785,13,1,40.07,40.07
6844,2786,91,1,6.91,6.91
6845,2786,119,1,20.12,20.12
6846,2787,89,1,59.35,59.35
6847,2787,110,1,39.85,39.85
6848,2788,30,1,27.02,27.02
6849,2789,48,1,97.98,97.98
6850,2789,91,1,6.9,6.9
6851,2789,42,1,63.5,63.5
6852,2789,110,1,38.7,38.7
6853,2790,73,1,94.92,94.92
6854,2790,91,1,7.42,7.42
6855,2791,52,1,127.45,127.45
6856,2791,136,1,45.03,45.03
6857,2791,109,1,46.63,46.63
6858,2792,2,1,25.05,25.05
6859,2793,111,1,39.16,39.16
6860,2793,121,1,7.58,7.58
6861,2793,38,1,70.3,70.3
6862,2793,147,1,85.75,85.75
6863,2794,134,5,43.44,217.2
6864,2794,121,1,7.15,7.15
6865,2794,83,1,41.9,41.9
6866,2795,66,1,55.06,55.06
6867,2795,62,1,168.16,168.16
6868,2796,66,1,54.36,54.36
6869,2796,48,1,97.75,97.75
6870,2797,26,1,55.31,55.31
6871,2797,93,1,57.59,57.59
6872,2798,89,1,58.57,58.57
6873,2798,48,1,102.05,102.05
6874,2799,79,2,27.93,55.86
6875,2799,48,1,96.45,96.45
6876,2799,101,1,46.25,46.25
6877,2799,141,1,66.75,66.75
6878,2800,107,2,30.02,60.04
6879,2801,52,1,134.61,134.61
6880,2802,119,1,17.78,17.78
6881,2802,41,1,122.99,122.99
6882,2802,34,1,20.77,20.77
6883,2803,47,1,78.09,78.09
6884,2803,121,1,7.76,7.76
6885,2803,10,3,89.96,269.88
6886,2804,2,1,24.15,24.15
6887,2804,48,1,98.99,98.99
6888,2805,48,1,105.54,105.54
6889,2806,77,4,52.21,208.84
6890,2806,91,1,7.7,7.7
6891,2806,121,1,7.72,7.72
6892,2806,76,2,26.7,53.4
6893,2806,48,1,107.88,107.88
6894,2807,93,2,61.37,122.74
6895,2808,86,1,13.42,13.42
6896,2808,76,1,27.5,27.5
6897,2808,91,3,7.49,22.47
6898,2808,100,2,40.31,80.62
6899,2808,48,1,95.54,95.54
6900,2808,79,2,25.4,50.8
6901,2809,81,1,7.66,7.66
6902,2809,121,2,8.13,16.26
6903,2810,42,4,58.65,234.6
6904,2810,141,3,71.65,214.95
6905,2810,52,3,140.54,421.62
6906,2810,91,1,7.36,7.36
6907,2811,20,1,65.74,65.74
6908,2811,134,1,43.81,43.81
6909,2811,42,1,59.17,59.17
6910,2812,85,2,37.58,75.16
6911,2813,62,1,155.55,155.55
6912,2813,138,2,59.77,119.54
6913,2813,16,2,113.5,227.0
6914,2814,43,3,75.3,225.9
6915,2815,91,3,7.65,22.95
6916,2815,34,1,20.36,20.36
6917,2816,48,1,105.22,105.22
6918,2816,25,3,94.53,283.59
6919,2816,38,1,71.61,71.61
6920,2816,15,3,107.61,322.83
6921,2817,48,1,110.26,110.26
6922,2818,110,2,37.55,75.1
6923,2818,121,1,7.92,7.92
6924,2819,83,1,44.69,44.69
6925,2819,48,1,109.38,109.38
6926,2819,17,4,13.79,55.16
6927,2820,121,1,8.05,8.05
6928,2820,109,2,45.94,91.88
6929,2820,66,1,56.78,56.78
6930,2820,62,1,157.82,157.82
6931,2821,1,1,88.71,88.71
6932,2821,52,3,124.74,374.22
6933,2821,138,1,55.15,55.15
6934,2821,110,3,42.7,128.1
6935,2822,79,2,25.37,50.74
6936,2823,57,4,80.11,320.44
6937,2823,48,3,109.0,327.0
6938,2823,62,1,175.15,175.15
6939,2824,122,1,34.09,34.09
6940,2825,66,1,58.82,58.82
6941,2825,105,1,34.4,34.4
6942,2826,13,1,36.24,36.24
6943,2826,59,1,68.99,68.99
6944,2826,134,1,42.38,42.38
6945,2826,98,1,34.95,34.95
6946,2827,48,1,95.91,95.91
6947,2827,86,5,14.35,71.75
6948,2827,38,1,64.67,64.67
6949,2827,79,1,26.82,26.82
6950,2828,76,1,26.11,26.11
6951,2829,13,4,36.69,146.76
6952,2829,79,1,25.76,25.76
6953,2829,62,1,165.78,165.78
6954,2829,14,2,55.47,110.94
6955,2830,81,4,7.3,29.2
6956,2830,112,1,26.63,26.63
6957,2830,79,1,25.4,25.4
6958,2831,66,3,53.97,161.91
6959,2832,110,2,41.92,83.84
6960,2832,16,1,104.92,104.92
6961,2833,47,2,81.63,163.26
6962,2834,81,2,6.76,13.52
6963,2834,139,1,56.2,56.2
6964,2834,121,1,7.42,7.42
6965,2835,107,1,30.24,30.24
6966,2835,96,1,46.86,46.86
6967,2835,66,1,52.14,52.14
6968,2835,51,1,61.89,61.89
6969,2835,21,1,73.53,73.53
6970,2836,104,3,37.23,111.69
6971,2836,107,2,34.07,68.14
6972,2837,57,1,79.14,79.14
6973,2838,91,3,7.06,21.18
6974,2839,150,2,72.39,144.78
6975,2840,127,2,26.41,52.82
6976,2840,137,1,64.56,64.56
6977,2841,114,1,13.37,13.37
6978,2842,33,1,87.01,87.01
6979,2842,48,1,102.16,102.16
6980,2843,15,1,105.96,105.96
6981,2843,131,1,35.0,35.0
6982,2844,129,1,33.83,33.83
6983,2845,10,1,99.76,99.76
6984,2845,111,1,38.6,38.6
6985,2845,65,2,33.09,66.18
6986,2846,66,1,59.38,59.38
6987,2846,48,2,106.7,213.4
6988,2847,47,1,77.57,77.57
6989,2847,63,1,95.47,95.47
6990,2847,66,4,54.27,217.08
6991,2847,86,1,15.16,15.16
6992,2848,32,2,10.16,20.32
6993,2849,138,3,54.33,162.99
6994,2849,140,1,90.08,90.08
6995,2850,62,1,176.36,176.36
6996,2850,65,1,33.12,33.12
6997,2850,127,1,27.19,27.19
6998,2851,66,1,59.22,59.22
6999,2851,77,3,47.49,142.47
7000,2851,89,3,59.45,178.35
7001,2852,53,1,141.11,141.11
7002,2852,62,1,157.55,157.55
7003,2853,91,1,7.49,7.49
7004,2853,150,1,71.45,71.45
7005,2853,26,1,54.2,54.2
7006,2854,70,3,44.08,132.24
7007,2854,48,2,100.72,201.44
7008,2854,113,1,29.94,29.94
7009,2855,17,2,14.46,28.92
7010,2855,90,1,30.44,30.44
7011,2855,149,1,78.01,78.01
7012,2856,91,1,7.26,7.26
7013,2856,66,1,55.5,55.5
7014,2857,148,2,43.05,86.1
7015,2857,53,1,152.49,152.49
7016,2858,144,1,18.75,18.75
7017,2858,1,1,78.31,78.31
7018,2859,14,1,55.91,55.91
7019,2860,18,1,66.17,66.17
7020,2861,48,1,96.6,96.6
7021,2861,66,2,55.89,111.78
7022,2861,34,1,20.1,20.1
7023,2861,18,1,64.19,64.19
7024,2861,37,1,25.99,25.99
7025,2862,44,2,52.77,105.54
7026,2862,54,1,56.29,56.29
7027,2862,89,1,61.45,61.45
7028,2862,79,1,26.98,26.98
7029,2863,129,4,33.27,133.08
7030,2863,68,3,176.83,530.49
7031,2864,11,5,56.91,284.55
7032,2864,48,1,97.15,97.15
7033,2864,124,1,18.72,18.72
7034,2864,107,1,31.59,31.59
7035,2865,49,2,68.38,136.76
7036,2865,133,1,73.49,73.49
7037,2865,62,2,156.57,313.14
7038,2865,48,2,95.82,191.64
7039,2865,50,1,30.31,30.31
7040,2865,24,3,87.7,263.1
7041,2866,134,1,44.71,44.71
7042,2866,79,3,26.69,80.07
7043,2867,47,1,82.25,82.25
7044,2867,137,1,63.88,63.88
7045,2867,81,2,7.63,15.26
7046,2867,119,2,19.81,39.62
7047,2867,115,1,12.63,12.63
7048,2868,91,2,7.52,15.04
7049,2868,136,1,40.69,40.69
7050,2868,48,1,104.91,104.91
7051,2868,25,1,90.55,90.55
7052,2868,96,1,47.77,47.77
7053,2869,48,1,109.75,109.75
7054,2869,91,1,7.01,7.01
7055,2869,62,1,174.69,174.69
7056,2869,14,1,52.46,52.46
7057,2870,149,5,83.61,418.05
7058,2871,45,1,140.82,140.82
7059,2871,57,1,70.29,70.29
7060,2871,93,2,55.77,111.54
7061,2871,48,1,96.3,96.3
7062,2872,70,1,45.68,45.68
7063,2873,65,1,30.15,30.15
7064,2873,91,1,7.24,7.24
7065,2873,17,5,13.61,68.05
7066,2873,134,1,41.04,41.04
7067,2873,120,1,47.6,47.6
7068,2874,55,1,83.26,83.26
7069,2874,48,4,106.41,425.64
7070,2875,66,2,56.06,112.12
7071,2875,132,1,65.86,65.86
7072,2875,48,2,109.77,219.54
7073,2875,79,1,26.12,26.12
7074,2875,38,1,67.32,67.32
7075,2876,52,1,136.18,136.18
7076,2876,122,1,34.15,34.15
7077,2877,73,3,96.09,288.27
7078,2877,13,2,37.02,74.04
7079,2878,105,1,35.23,35.23
7080,2878,48,1,103.8,103.8
7081,2879,52,2,136.78,273.56
7082,2879,110,1,41.61,41.61
7083,2879,109,1,47.89,47.89
7084,2879,137,2,70.66,141.32
7085,2879,129,1,32.61,32.61
7086,2880,48,2,102.38,204.76
7087,2880,62,1,175.26,175.26
7088,2881,79,1,26.94,26.94
7089,2881,66,1,51.83,51.83
7090,2881,121,3,7.56,22.68
7091,2882,119,5,17.45,87.25
7092,2883,127,1,28.41,28.41
7093,2884,75,2,109.59,219.18
7094,2884,32,2,9.47,18.94
7095,2884,62,1,154.56,154.56
7096,2885,91,1,7.32,7.32
7097,2885,86,1,15.03,15.03
7098,2886,76,2,25.23,50.46
7099,2886,62,2,160.43,320.86
7100,2886,91,1,7.05,7.05
7101,2886,86,3,14.76,44.28
7102,2887,127,2,26.59,53.18
7103,2888,50,2,31.78,63.56
7104,2888,17,1,13.84,13.84
7105,2888,105,1,32.65,32.65
7106,2888,110,1,40.23,40.23
7107,2888,13,1,36.94,36.94
7108,2888,121,1,7.54,7.54
7109,2889,90,1,30.94,30.94
7110,2890,109,1,44.87,44.87
7111,2891,91,4,6.96,27.84
7112,2891,41,1,125.02,125.02
7113,2891,123,1,47.66,47.66
7114,2891,134,1,45.59,45.59
7115,2891,89,1,59.42,59.42
7116,2891,6,1,115.67,115.67
7117,2892,86,2,14.69,29.38
7118,2892,48,1,98.48,98.48
7119,2892,47,1,77.94,77.94
7120,2892,34,1,20.06,20.06
7121,2893,91,1,7.24,7.24
7122,2894,37,1,27.6,27.6
7123,2895,76,1,27.52,27.52
7124,2896,38,1,66.36,66.36
7125,2897,93,1,54.86,54.86
7126,2897,42,2,57.42,114.84
7127,2897,25,2,84.61,169.22
7128,2898,91,1,7.92,7.92
7129,2898,48,1,106.52,106.52
7130,2898,64,1,164.6,164.6
7131,2898,93,1,56.84,56.84
7132,2899,124,2,17.49,34.98
7133,2899,127,1,25.91,25.91
7134,2899,22,1,104.82,104.82
7135,2900,16,1,112.85,112.85
7136,2900,48,3,101.18,303.54
7137,2900,91,2,7.95,15.9
7138,2901,48,2,105.89,211.78
7139,2901,63,2,94.58,189.16
7140,2902,111,3,43.15,129.45
7141,2902,128,2,41.7,83.4
7142,2902,89,1,53.37,53.37
7143,2902,91,1,7.02,7.02
7144,2902,144,2,19.03,38.06
7145,2903,48,3,103.78,311.34
7146,2904,86,1,15.44,15.44
7147,2904,44,2,51.88,103.76
7148,2905,91,1,7.18,7.18
7149,2906,38,1,72.05,72.05
7150,2907,22,3,100.5,301.5
7151,2907,23,1,123.65,123.65
7152,2908,76,1,25.57,25.57
7153,2908,137,1,73.86,73.86
7154,2909,112,1,27.52,27.52
7155,2909,79,1,27.37,27.37
7156,2909,134,1,42.57,42.57
7157,2909,66,2,55.44,110.88
7158,2909,91,2,7.88,15.76
7159,2910,76,4,27.25,109.0
7160,2911,129,3,34.29,102.87
7161,2911,48,1,106.56,106.56
7162,2911,34,1,19.14,19.14
7163,2911,42,1,62.83,62.83
7164,2911,44,2,53.27,106.54
7165,2911,14,1,49.06,49.06
7166,2912,37,1,27.24,27.24
7167,2913,13,1,39.62,39.62
7168,2913,25,2,88.52,177.04
7169,2913,138,1,53.91,53.91
7170,2914,61,2,39.08,78.16
7171,2914,79,5,26.95,134.75
7172,2915,79,2,25.14,50.28
7173,2916,10,1,101.56,101.56
7174,2916,138,1,55.31,55.31
7175,2916,93,2,61.97,123.94
7176,2917,122,1,32.94,32.94
7177,2917,38,2,64.2,128.4
7178,2918,147,1,84.37,84.37
7179,2919,26,1,57.21,57.21
7180,2919,55,1,95.07,95.07
7181,2919,91,2,7.54,15.08
7182,2920,89,1,59.57,59.57
7183,2921,81,1,6.87,6.87
7184,2921,90,3,34.52,103.56
7185,2921,112,1,28.88,28.88
7186,2922,13,3,38.78,116.34
7187,2922,89,1,52.99,52.99
7188,2923,124,4,18.23,72.92
7189,2923,48,1,108.91,108.91
7190,2923,75,1,111.53,111.53
7191,2924,70,2,47.16,94.32
7192,2925,102,2,34.13,68.26
7193,2925,53,1,151.34,151.34
7194,2926,39,1,138.65,138.65
7195,2927,79,3,27.44,82.32
7196,2928,48,1,95.6,95.6
7197,2929,136,1,42.32,42.32
7198,2930,107,4,30.27,121.08
7199,2930,119,1,18.26,18.26
7200,2931,121,2,7.2,14.4
7201,2931,48,2,107.14,214.28
7202,2932,79,2,25.92,51.84
7203,2932,48,1,109.02,109.02
7204,2932,112,1,27.09,27.09
7205,2932,24,1,88.33,88.33
7206,2933,62,1,164.34,164.34
7207,2933,79,1,25.05,25.05
7208,2934,66,4,60.35,241.4
7209,2934,48,3,101.77,305.31
7210,2934,25,2,95.7,191.4
7211,2934,17,1,13.81,13.81
7212,2935,48,1,102.76,102.76
7213,2935,93,1,60.69,60.69
7214,2935,91,2,8.01,16.02
7215,2935,68,1,163.69,163.69
7216,2935,77,1,49.21,49.21
7217,2936,70,1,42.52,42.52
7218,2937,138,1,57.54,57.54
7219,2937,48,2,99.19,198.38
7220,2937,112,2,25.22,50.44
7221,2938,50,1,29.07,29.07
7222,2938,47,2,73.95,147.9
7223,2938,25,1,84.41,84.41
7224,2938,121,1,7.27,7.27
7225,2938,89,1,56.13,56.13
7226,2938,140,1,81.92,81.92
7227,2939,25,3,91.68,275.04
7228,2939,138,2,54.38,108.76
7229,2939,6,1,122.06,122.06
7230,2940,76,1,24.4,24.4
7231,2940,148,1,41.36,41.36
7232,2941,140,1,89.39,89.39
7233,2941,48,1,102.44,102.44
7234,2941,103,1,37.82,37.82
7235,2942,140,1,86.04,86.04
7236,2943,79,3,25.53,76.59
7237,2943,93,3,57.91,173.73
7238,2943,13,1,37.57,37.57
7239,2943,100,1,41.49,41.49
7240,2943,17,4,13.52,54.08
7241,2943,112,1,25.27,25.27
7242,2944,79,1,27.03,27.03
7243,2944,38,1,67.21,67.21
7244,2945,48,1,97.97,97.97
7245,2945,75,1,110.39,110.39
7246,2945,91,3,7.49,22.47
7247,2946,138,3,53.25,159.75
7248,2946,37,1,26.02,26.02
7249,2946,81,2,6.87,13.74
7250,2947,48,1,98.68,98.68
7251,2947,107,2,32.26,64.52
7252,2947,138,1,59.25,59.25
7253,2947,136,1,43.96,43.96
7254,2948,81,1,7.81,7.81
7255,2949,147,2,87.69,175.38
7256,2949,48,2,105.47,210.94
7257,2950,91,1,7.67,7.67
7258,2950,148,1,42.15,42.15
7259,2950,47,1,71.15,71.15
7260,2951,13,1,40.52,40.52
7261,2951,47,1,80.95,80.95
7262,2951,50,2,32.06,64.12
7263,2952,13,1,37.2,37.2
7264,2952,32,1,9.46,9.46
7265,2953,79,1,25.7,25.7
7266,2953,138,1,52.78,52.78
7267,2954,79,1,25.63,25.63
7268,2954,70,1,45.81,45.81
7269,2954,91,1,7.19,7.19
7270,2955,4,1,95.44,95.44
7271,2956,48,1,104.37,104.37
7272,2956,121,1,7.45,7.45
7273,2957,48,2,102.94,205.88
7274,2957,50,3,30.89,92.67
7275,2957,121,1,7.62,7.62
7276,2958,84,1,18.37,18.37
7277,2958,122,2,36.96,73.92
7278,2958,48,1,105.16,105.16
7279,2959,112,2,27.13,54.26
7280,2960,101,2,42.79,85.58
7281,2960,13,1,38.02,38.02
7282,2961,38,1,65.71,65.71
7283,2961,48,1,95.91,95.91
7284,2961,93,2,58.28,116.56
7285,2962,65,1,32.27,32.27
7286,2963,64,1,170.08,170.08
7287,2963,52,1,138.36,138.36
7288,2963,126,1,20.93,20.93
7289,2964,13,1,39.78,39.78
7290,2964,38,2,70.65,141.3
7291,2964,57,1,74.33,74.33
7292,2964,48,2,96.5,193.0
7293,2964,79,3,26.44,79.32
7294,2965,119,1,18.43,18.43
7295,2965,57,3,80.25,240.75
7296,2965,17,1,12.77,12.77
7297,2965,136,1,42.63,42.63
7298,2966,48,1,108.07,108.07
7299,2966,66,1,58.92,58.92
7300,2967,66,2,56.8,113.6
7301,2967,76,1,27.58,27.58
7302,2967,147,2,85.07,170.14
7303,2967,121,1,7.14,7.14
7304,2968,48,1,106.89,106.89
7305,2968,17,1,14.45,14.45
7306,2969,110,2,42.38,84.76
7307,2970,52,1,124.83,124.83
7308,2970,148,2,42.83,85.66
7309,2970,48,1,107.52,107.52
7310,2970,138,1,53.11,53.11
7311,2971,48,1,102.49,102.49
7312,2971,14,2,56.09,112.18
7313,2971,140,2,88.81,177.62
7314,2971,86,1,14.18,14.18
7315,2972,91,4,7.03,28.12
7316,2972,48,1,98.16,98.16
7317,2973,11,1,57.16,57.16
7318,2973,149,1,84.25,84.25
7319,2973,32,2,9.15,18.3
7320,2974,138,1,54.27,54.27
7321,2974,89,1,55.46,55.46
7322,2974,76,2,26.46,52.92
7323,2974,86,1,14.03,14.03
7324,2974,2,3,24.36,73.08
7325,2974,107,2,32.26,64.52
7326,2975,13,1,40.62,40.62
7327,2976,133,2,72.82,145.64
7328,2976,17,1,13.2,13.2
7329,2977,62,1,156.95,156.95
7330,2977,70,1,43.15,43.15
7331,2977,48,1,102.9,102.9
7332,2978,90,1,34.56,34.56
7333,2979,79,1,24.72,24.72
7334,2979,136,1,41.11,41.11
7335,2979,132,2,62.87,125.74
7336,2980,77,1,51.1,51.1
7337,2980,111,2,39.97,79.94
7338,2980,48,1,97.81,97.81
7339,2980,91,2,7.21,14.42
7340,2981,119,1,19.24,19.24
7341,2981,52,4,124.95,499.8
7342,2982,22,3,93.93,281.79
7343,2982,52,2,130.3,260.6
7344,2982,66,3,54.17,162.51
7345,2982,102,2,34.58,69.16
7346,2983,1,1,80.75,80.75
7347,2983,47,3,71.02,213.06
7348,2983,93,2,57.37,114.74
7349,2983,127,2,26.93,53.86
7350,2983,150,1,72.06,72.06
7351,2984,93,2,60.63,121.26
7352,2984,88,3,13.54,40.62
7353,2984,101,2,47.93,95.86
7354,2985,112,1,26.63,26.63
7355,2985,48,2,99.38,198.76
7356,2986,48,1,104.17,104.17
7357,2987,138,1,56.49,56.49
7358,2988,141,1,69.7,69.7
7359,2988,66,1,52.05,52.05
7360,2989,86,1,14.7,14.7
7361,2989,48,4,104.03,416.12
7362,2990,3,1,60.94,60.94
7363,2990,48,2,106.77,213.54
7364,2991,48,2,95.77,191.54
7365,2991,52,1,126.81,126.81
7366,2991,28,4,66.06,264.24
7367,2991,129,1,33.32,33.32
7368,2992,150,1,68.87,68.87
7369,2992,48,1,106.19,106.19
7370,2993,89,1,58.56,58.56
7371,2993,91,1,6.99,6.99
7372,2994,66,1,55.54,55.54
7373,2995,30,1,28.24,28.24
7374,2995,91,1,7.39,7.39
7375,2995,121,1,7.18,7.18
7376,2996,104,2,38.52,77.04
7377,2997,48,2,103.3,206.6
7378,2997,62,2,167.39,334.78
7379,2998,48,3,103.62,310.86
7380,2998,62,1,153.74,153.74
7381,2999,93,1,56.91,56.91
7382,2999,95,2,50.43,100.86
7383,2999,17,1,13.74,13.74
7384,3000,1,1,86.03,86.03
7385,3001,110,1,42.73,42.73
7386,3002,134,1,42.45,42.45
7387,3002,84,4,18.75,75.0
7388,3002,116,1,37.21,37.21
7389,3002,91,1,7.27,7.27
7390,3003,66,1,57.09,57.09
7391,3003,55,4,89.68,358.72
7392,3003,48,1,102.86,102.86
7393,3003,134,1,41.91,41.91
7394,3003,140,2,91.8,183.6
7395,3004,38,1,64.18,64.18
7396,3004,66,1,55.61,55.61
7397,3005,54,1,55.0,55.0
7398,3006,86,1,13.58,13.58
7399,3006,17,1,13.1,13.1
7400,3007,103,2,35.75,71.5
7401,3008,26,1,52.63,52.63
7402,3009,87,3,39.08,117.24
7403,3010,91,1,7.94,7.94
7404,3011,109,2,44.93,89.86
7405,3011,12,1,106.6,106.6
7406,3012,137,1,68.58,68.58
7407,3012,79,1,24.41,24.41
7408,3012,91,1,7.14,7.14
7409,3013,66,1,56.69,56.69
7410,3013,107,1,31.75,31.75
7411,3014,89,2,61.1,122.2
7412,3014,43,1,76.41,76.41
7413,3014,100,2,36.67,73.34
7414,3015,48,1,98.65,98.65
7415,3015,121,2,7.01,14.02
7416,3015,76,2,24.66,49.32
7417,3016,1,1,81.79,81.79
7418,3017,47,3,74.48,223.44
7419,3018,48,2,101.47,202.94
7420,3018,121,3,7.4,22.2
7421,3018,93,1,59.31,59.31
7422,3019,25,1,88.29,88.29
7423,3019,70,1,47.93,47.93
7424,3019,136,1,42.89,42.89
7425,3019,3,1,63.96,63.96
7426,3019,48,2,105.91,211.82
7427,3020,138,1,55.7,55.7
7428,3020,66,1,54.22,54.22
7429,3020,129,1,36.44,36.44
7430,3021,93,2,56.51,113.02
7431,3022,90,1,32.97,32.97
7432,3023,29,2,36.44,72.88
7433,3024,101,1,47.22,47.22
7434,3025,144,5,18.91,94.55
7435,3025,16,3,115.61,346.83
7436,3026,121,1,7.81,7.81
7437,3026,134,2,45.38,90.76
7438,3026,70,2,42.38,84.76
7439,3026,138,2,52.01,104.02
7440,3027,123,2,45.41,90.82
7441,3027,122,1,35.55,35.55
7442,3028,48,3,102.71,308.13
7443,3028,66,2,56.05,112.1
7444,3029,17,2,13.98,27.96
7445,3029,138,2,52.11,104.22
7446,3029,66,3,58.93,176.79
7447,3030,74,2,20.15,40.3
7448,3030,119,1,18.26,18.26
7449,3030,89,1,60.85,60.85
7450,3030,79,3,27.65,82.95
7451,3031,75,1,113.19,113.19
7452,3032,34,1,20.86,20.86
7453,3033,48,1,106.48,106.48
7454,3033,67,1,81.77,81.77
7455,3034,47,1,72.45,72.45
7456,3034,91,1,7.27,7.27
7457,3034,13,1,38.21,38.21
7458,3035,49,1,64.64,64.64
7459,3035,82,2,25.68,51.36
7460,3035,149,2,82.86,165.72
7461,3036,57,1,74.8,74.8
7462,3037,150,2,72.65,145.3
7463,3037,84,1,18.14,18.14
7464,3038,108,1,7.46,7.46
7465,3038,52,1,134.69,134.69
7466,3038,55,1,93.79,93.79
7467,3038,48,1,98.09,98.09
7468,3038,91,3,7.85,23.55
7469,3039,41,1,136.02,136.02
7470,3039,13,1,36.91,36.91
7471,3039,81,1,6.88,6.88
7472,3039,132,3,61.57,184.71
7473,3040,26,1,50.31,50.31
7474,3041,1,1,89.58,89.58
7475,3042,104,3,36.39,109.17
7476,3042,107,1,30.81,30.81
7477,3043,49,2,63.44,126.88
7478,3043,38,3,64.12,192.36
7479,3044,109,1,52.03,52.03
7480,3044,14,1,54.91,54.91
7481,3044,135,1,32.9,32.9
7482,3045,64,2,173.98,347.96
7483,3045,51,1,58.4,58.4
7484,3046,90,2,33.69,67.38
7485,3046,28,1,70.46,70.46
7486,3047,137,2,74.02,148.04
7487,3047,91,1,7.16,7.16
7488,3047,79,1,27.62,27.62
7489,3047,82,1,26.14,26.14
7490,3047,74,1,20.84,20.84
7491,3047,76,1,26.67,26.67
7492,3048,91,1,7.89,7.89
7493,3049,18,1,71.0,71.0
7494,3049,17,5,13.96,69.8
7495,3049,48,1,103.44,103.44
7496,3050,141,1,67.02,67.02
7497,3050,1,1,81.22,81.22
7498,3050,81,1,7.27,7.27
7499,3050,68,2,162.59,325.18
7500,3051,48,2,105.88,211.76
7501,3051,61,1,38.0,38.0
7502,3051,149,2,83.28,166.56
7503,3052,89,1,56.13,56.13
7504,3052,112,3,25.38,76.14
7505,3052,124,1,17.27,17.27
7506,3052,121,1,7.68,7.68
7507,3053,24,2,79.0,158.0
7508,3053,119,1,20.02,20.02
7509,3053,61,1,37.38,37.38
7510,3053,91,1,7.84,7.84
7511,3053,111,1,41.84,41.84
7512,3054,119,1,17.83,17.83
7513,3054,47,1,79.44,79.44
7514,3054,2,3,24.46,73.38
7515,3055,91,1,7.84,7.84
7516,3056,107,1,32.88,32.88
7517,3056,79,1,25.65,25.65
7518,3056,121,1,7.53,7.53
7519,3056,22,1,103.35,103.35
7520,3056,26,1,57.71,57.71
7521,3057,66,1,52.74,52.74
7522,3058,50,2,28.2,56.4
7523,3059,93,1,54.53,54.53
7524,3060,26,1,57.63,57.63
7525,3060,13,1,36.93,36.93
7526,3060,48,3,95.51,286.53
7527,3060,6,1,109.86,109.86
7528,3060,9,1,23.57,23.57
7529,3061,68,1,179.98,179.98
7530,3061,149,1,82.94,82.94
7531,3062,138,2,55.8,111.6
7532,3063,103,5,35.82,179.1
7533,3063,140,2,81.5,163.0
7534,3063,98,1,34.6,34.6
7535,3063,14,1,55.4,55.4
7536,3063,91,1,7.26,7.26
7537,3064,139,1,55.56,55.56
7538,3064,48,1,110.28,110.28
7539,3064,34,1,19.77,19.77
7540,3065,32,1,9.7,9.7
7541,3065,9,1,25.43,25.43
7542,3065,91,1,7.41,7.41
7543,3066,16,1,116.05,116.05
7544,3067,112,1,25.33,25.33
7545,3067,10,1,101.85,101.85
7546,3068,91,1,7.31,7.31
7547,3068,134,1,42.24,42.24
7548,3069,124,1,18.99,18.99
7549,3069,103,4,38.6,154.4
7550,3069,1,1,78.19,78.19
7551,3070,17,1,12.88,12.88
7552,3070,29,4,32.01,128.04
7553,3070,91,3,7.27,21.81
7554,3070,38,2,72.51,145.02
7555,3071,111,1,41.73,41.73
7556,3071,48,3,104.33,312.99
7557,3072,48,3,98.33,294.99
7558,3073,62,1,173.15,173.15
7559,3073,30,2,29.18,58.36
7560,3074,82,5,24.95,124.75
7561,3074,13,5,41.01,205.05
7562,3074,96,1,52.71,52.71
7563,3075,74,2,18.35,36.7
7564,3075,52,1,137.06,137.06
7565,3075,91,1,7.92,7.92
7566,3076,91,1,7.03,7.03
7567,3076,19,1,85.17,85.17
7568,3076,138,1,59.37,59.37
7569,3076,119,1,19.35,19.35
7570,3076,7,4,26.35,105.4
7571,3077,134,1,43.04,43.04
7572,3077,101,1,44.38,44.38
7573,3077,91,3,7.92,23.76
7574,3077,2,1,23.81,23.81
7575,3078,91,1,7.96,7.96
7576,3078,119,1,18.41,18.41
7577,3078,57,2,75.72,151.44
7578,3078,60,1,34.95,34.95
7579,3078,48,2,109.94,219.88
7580,3079,95,1,48.01,48.01
7581,3079,48,1,108.83,108.83
7582,3079,17,2,13.06,26.12
7583,3080,100,2,41.08,82.16
7584,3081,31,2,69.07,138.14
7585,3081,121,2,8.08,16.16
7586,3081,119,1,19.42,19.42
7587,3082,48,1,108.65,108.65
7588,3083,149,2,82.02,164.04
7589,3084,76,1,26.2,26.2
7590,3084,133,1,71.3,71.3
7591,3085,48,1,106.67,106.67
7592,3085,13,1,39.47,39.47
7593,3085,32,1,9.27,9.27
7594,3086,26,1,53.89,53.89
7595,3086,62,1,174.46,174.46
7596,3086,48,1,99.57,99.57
7597,3086,91,1,7.47,7.47
7598,3087,48,1,106.8,106.8
7599,3088,124,1,18.63,18.63
7600,3089,140,2,91.38,182.76
7601,3089,66,2,60.35,120.7
7602,3089,13,1,37.09,37.09
7603,3089,135,1,32.63,32.63
7604,3089,24,1,88.63,88.63
7605,3089,137,1,71.19,71.19
7606,3090,149,1,79.43,79.43
7607,3091,123,1,43.29,43.29
7608,3091,62,2,171.62,343.24
7609,3091,84,1,17.88,17.88
7610,3092,91,3,7.72,23.16
7611,3093,12,1,96.65,96.65
7612,3093,138,1,55.51,55.51
7613,3094,32,2,9.81,19.62
7614,3094,93,2,61.95,123.9
7615,3094,18,3,66.81,200.43
7616,3094,48,1,105.99,105.99
7617,3094,103,2,36.85,73.7
7618,3095,91,1,7.05,7.05
7619,3096,96,1,49.44,49.44
7620,3096,55,4,85.42,341.68
7621,3096,122,1,34.85,34.85
7622,3097,47,4,74.7,298.8
7623,3098,134,1,44.81,44.81
7624,3099,138,2,58.92,117.84
7625,3099,48,1,107.17,107.17
7626,3100,143,3,79.95,239.85
7627,3100,137,1,65.79,65.79
7628,3100,62,2,172.62,345.24
7629,3100,90,2,34.67,69.34
7630,3101,86,4,15.38,61.52
7631,3101,65,5,34.06,170.3
7632,3102,138,2,59.36,118.72
7633,3102,21,2,68.53,137.06
7634,3102,34,3,21.35,64.05
7635,3102,134,1,43.46,43.46
7636,3103,62,3,158.81,476.43
7637,3103,119,1,17.94,17.94
7638,3104,131,3,35.09,105.27
7639,3104,53,1,134.07,134.07
7640,3104,30,3,28.05,84.15
7641,3105,140,1,88.91,88.91
7642,3106,104,1,39.58,39.58
7643,3107,119,3,18.44,55.32
7644,3107,104,2,41.55,83.1
7645,3108,48,1,100.83,100.83
7646,3108,111,1,44.16,44.16
7647,3109,73,1,95.81,95.81
7648,3110,17,4,13.76,55.04
7649,3111,75,1,121.62,121.62
7650,3111,66,3,56.46,169.38
7651,3111,136,4,41.12,164.48
7652,3111,149,3,81.37,244.11
7653,3112,115,3,12.88,38.64
7654,3113,108,1,7.58,7.58
7655,3113,49,1,70.83,70.83
7656,3114,121,1,8.02,8.02
7657,3115,67,1,86.03,86.03
7658,3115,48,1,103.5,103.5
7659,3116,72,1,166.04,166.04
7660,3116,48,1,96.49,96.49
7661,3116,133,3,77.09,231.27
7662,3116,105,3,34.79,104.37
7663,3117,67,4,84.17,336.68
7664,3118,52,1,124.81,124.81
7665,3119,48,1,96.21,96.21
7666,3119,42,1,62.25,62.25
7667,3120,119,2,19.42,38.84
7668,3120,122,1,33.28,33.28
7669,3120,107,1,32.83,32.83
7670,3120,140,1,89.82,89.82
7671,3120,139,1,55.16,55.16
7672,3121,98,1,38.31,38.31
7673,3121,48,3,103.77,311.31
7674,3122,109,1,46.72,46.72
7675,3122,104,3,41.5,124.5
7676,3123,86,2,13.8,27.6
7677,3123,1,1,80.72,80.72
7678,3124,66,2,59.27,118.54
7679,3124,53,1,147.83,147.83
7680,3124,104,3,41.19,123.57
7681,3125,54,1,56.53,56.53
7682,3125,134,3,44.84,134.52
7683,3126,13,2,35.53,71.06
7684,3126,38,1,65.84,65.84
7685,3126,93,1,58.17,58.17
7686,3127,29,2,32.91,65.82
7687,3128,13,3,37.93,113.79
7688,3129,13,1,35.88,35.88
7689,3129,77,3,51.28,153.84
7690,3130,83,1,44.41,44.41
7691,3130,49,1,64.61,64.61
7692,3130,91,1,7.52,7.52
7693,3130,47,3,79.58,238.74
7694,3131,121,4,7.8,31.2
7695,3132,48,1,100.17,100.17
7696,3132,150,1,69.62,69.62
7697,3132,34,2,21.88,43.76
7698,3132,108,1,7.89,7.89
7699,3133,17,5,12.79,63.95
7700,3133,141,3,68.43,205.29
7701,3133,42,2,57.66,115.32
7702,3133,136,2,43.87,87.74
7703,3134,86,1,15.42,15.42
7704,3134,107,1,33.52,33.52
7705,3135,136,3,40.55,121.65
7706,3136,57,1,80.67,80.67
7707,3136,76,1,24.11,24.11
7708,3136,13,1,40.99,40.99
7709,3137,26,3,57.35,172.05
7710,3137,91,2,7.11,14.22
7711,3138,121,1,7.86,7.86
7712,3138,126,2,20.06,40.12
7713,3138,63,1,97.51,97.51
7714,3138,65,1,32.32,32.32
7715,3139,112,2,27.33,54.66
7716,3139,17,3,13.67,41.01
7717,3140,66,2,52.57,105.14
7718,3140,148,1,38.27,38.27
7719,3140,86,1,14.45,14.45
7720,3141,70,1,44.7,44.7
7721,3141,79,3,27.72,83.16
7722,3142,108,1,7.84,7.84
7723,3142,109,2,49.04,98.08
7724,3143,82,2,26.61,53.22
7725,3143,79,1,26.01,26.01
7726,3144,66,1,52.78,52.78
7727,3144,48,1,100.89,100.89
7728,3145,148,2,41.62,83.24
7729,3145,134,1,43.05,43.05
7730,3145,121,1,7.62,7.62
7731,3146,38,2,65.48,130.96
7732,3147,122,1,34.03,34.03
7733,3147,13,2,36.55,73.1
7734,3148,53,3,140.97,422.91
7735,3148,48,1,101.18,101.18
7736,3148,47,3,74.58,223.74
7737,3148,89,2,55.79,111.58
7738,3149,134,1,46.4,46.4
7739,3149,91,2,7.64,15.28
7740,3149,138,2,51.9,103.8
7741,3150,44,1,59.1,59.1
7742,3151,48,1,104.39,104.39
7743,3152,91,5,7.09,35.45
7744,3152,108,1,8.11,8.11
7745,3152,63,1,94.69,94.69
7746,3153,34,2,19.27,38.54
7747,3153,63,1,94.56,94.56
7748,3154,62,1,177.6,177.6
7749,3154,74,1,19.08,19.08
7750,3154,129,1,32.3,32.3
7751,3155,91,2,7.2,14.4
7752,3155,48,1,97.46,97.46
7753,3155,137,1,70.93,70.93
7754,3156,107,1,32.41,32.41
7755,3156,150,1,64.97,64.97
7756,3157,112,1,27.36,27.36
7757,3157,96,3,45.72,137.16
7758,3157,9,1,25.35,25.35
7759,3157,110,1,43.07,43.07
7760,3157,93,1,60.56,60.56
7761,3158,91,2,6.96,13.92
7762,3158,13,2,37.64,75.28
7763,3158,42,1,57.65,57.65
7764,3158,136,1,42.61,42.61
7765,3159,91,1,7.08,7.08
7766,3159,85,3,41.82,125.46
7767,3159,9,2,22.7,45.4
7768,3160,38,1,65.21,65.21
7769,3160,86,1,14.18,14.18
7770,3160,105,2,33.1,66.2
7771,3160,13,1,40.5,40.5
7772,3161,119,1,19.45,19.45
7773,3161,89,2,61.04,122.08
7774,3161,134,2,44.17,88.34
7775,3161,91,1,7.58,7.58
7776,3161,26,1,52.11,52.11
7777,3162,26,1,50.38,50.38
7778,3162,91,1,7.09,7.09
7779,3162,48,3,102.78,308.34
7780,3162,70,1,48.49,48.49
7781,3163,6,1,114.78,114.78
7782,3163,110,1,38.02,38.02
7783,3164,48,3,106.82,320.46
7784,3164,91,1,7.41,7.41
7785,3164,128,1,43.88,43.88
7786,3164,49,1,72.08,72.08
7787,3164,150,1,66.69,66.69
7788,3165,48,1,98.78,98.78
7789,3165,56,1,125.52,125.52
7790,3166,121,1,7.55,7.55
7791,3166,48,1,96.31,96.31
7792,3167,79,1,25.76,25.76
7793,3167,13,1,37.79,37.79
7794,3167,66,1,57.01,57.01
7795,3167,62,4,157.1,628.4
7796,3168,86,2,13.92,27.84
7797,3168,84,1,17.17,17.17
7798,3169,122,1,34.95,34.95
7799,3170,100,2,38.41,76.82
7800,3170,93,1,59.7,59.7
7801,3170,38,2,72.45,144.9
7802,3170,41,1,123.29,123.29
7803,3170,76,3,26.86,80.58
7804,3171,89,1,54.88,54.88
7805,3172,38,1,65.71,65.71
7806,3173,76,2,24.22,48.44
7807,3174,91,1,6.99,6.99
7808,3174,79,1,26.95,26.95
7809,3174,62,1,173.02,173.02
7810,3174,48,1,104.49,104.49
7811,3175,79,1,24.7,24.7
7812,3175,48,1,101.61,101.61
7813,3176,62,1,165.24,165.24
7814,3176,93,1,59.58,59.58
7815,3176,34,1,19.01,19.01
7816,3177,138,1,56.69,56.69
7817,3177,62,3,171.09,513.27
7818,3177,91,2,7.0,14.0
7819,3178,93,1,60.51,60.51
7820,3179,86,1,15.23,15.23
7821,3180,53,1,141.97,141.97
7822,3181,93,2,61.08,122.16
7823,3181,107,5,31.8,159.0
7824,3181,17,1,14.47,14.47
7825,3181,68,4,184.51,738.04
7826,3182,42,1,65.63,65.63
7827,3182,26,1,50.42,50.42
7828,3182,96,1,47.88,47.88
7829,3183,107,1,29.74,29.74
7830,3183,43,1,76.22,76.22
7831,3183,91,3,7.4,22.2
7832,3184,138,1,56.1,56.1
7833,3185,89,3,54.95,164.85
7834,3185,48,1,109.05,109.05
7835,3185,84,1,17.15,17.15
7836,3185,91,1,7.67,7.67
7837,3186,38,1,70.24,70.24
7838,3186,48,1,107.59,107.59
7839,3186,121,1,7.49,7.49
7840,3186,26,1,55.85,55.85
7841,3187,96,1,47.47,47.47
7842,3187,48,1,98.97,98.97
7843,3187,79,1,24.94,24.94
7844,3187,133,1,75.19,75.19
7845,3188,66,2,60.06,120.12
7846,3188,68,1,184.9,184.9
7847,3189,109,2,45.01,90.02
7848,3190,134,2,40.39,80.78
7849,3190,138,1,54.07,54.07
7850,3190,93,1,57.05,57.05
7851,3191,67,2,92.2,184.4
7852,3191,112,2,28.01,56.02
7853,3191,101,1,45.7,45.7
7854,3192,107,1,34.03,34.03
7855,3193,37,1,27.46,27.46
7856,3193,75,1,119.34,119.34
7857,3193,121,1,7.42,7.42
7858,3194,26,1,52.1,52.1
7859,3194,137,2,72.98,145.96
7860,3195,66,1,55.78,55.78
7861,3195,55,4,90.81,363.24
7862,3195,138,1,52.34,52.34
7863,3195,13,1,35.18,35.18
7864,3195,108,3,7.88,23.64
7865,3196,55,2,84.73,169.46
7866,3197,84,1,17.67,17.67
7867,3198,84,3,17.21,51.63
7868,3198,96,4,51.74,206.96
7869,3198,93,1,55.03,55.03
7870,3198,42,1,58.96,58.96
7871,3198,124,2,18.4,36.8
7872,3198,22,1,92.84,92.84
7873,3199,96,2,48.4,96.8
7874,3200,48,1,104.47,104.47
7875,3201,134,1,41.57,41.57
7876,3201,62,1,172.26,172.26
7877,3202,38,2,68.34,136.68
7878,3202,1,1,78.69,78.69
7879,3202,132,2,65.46,130.92
7880,3202,47,1,75.9,75.9
7881,3203,79,3,25.31,75.93
7882,3203,115,1,12.5,12.5
7883,3203,13,2,35.52,71.04
7884,3204,86,4,14.15,56.6
7885,3204,96,2,51.54,103.08
7886,3204,104,1,37.97,37.97
7887,3204,48,1,99.39,99.39
7888,3204,121,1,8.11,8.11
7889,3205,93,1,54.34,54.34
7890,3205,48,2,104.96,209.92
7891,3206,81,1,7.75,7.75
7892,3206,133,1,79.98,79.98
7893,3207,13,1,36.14,36.14
7894,3207,112,1,27.11,27.11
7895,3207,105,1,31.45,31.45
7896,3207,138,4,58.23,232.92
7897,3208,41,2,118.28,236.56
7898,3208,44,1,58.52,58.52
7899,3208,67,2,90.39,180.78
7900,3209,26,3,53.36,160.08
7901,3209,17,2,13.54,27.08
7902,3210,38,1,68.83,68.83
7903,3210,76,1,25.99,25.99
7904,3210,59,1,68.03,68.03
7905,3211,48,1,98.99,98.99
7906,3211,111,3,40.12,120.36
7907,3212,110,1,40.09,40.09
7908,3213,140,1,84.68,84.68
7909,3213,48,1,108.64,108.64
7910,3213,86,1,14.08,14.08
7911,3213,38,2,66.16,132.32
7912,3214,37,1,25.51,25.51
7913,3214,81,2,7.27,14.54
7914,3214,111,1,44.53,44.53
7915,3215,11,1,58.23,58.23
7916,3215,90,2,31.99,63.98
7917,3215,54,2,56.67,113.34
7918,3215,1,2,82.17,164.34
7919,3216,48,1,108.72,108.72
7920,3216,79,2,25.42,50.84
7921,3216,80,1,17.64,17.64
7922,3216,66,3,52.42,157.26
7923,3216,22,2,107.23,214.46
7924,3216,54,1,58.19,58.19
7925,3217,91,1,7.85,7.85
7926,3217,124,3,18.91,56.73
7927,3217,48,1,103.96,103.96
7928,3217,136,2,43.34,86.68
7929,3217,90,3,34.18,102.54
7930,3218,63,1,87.89,87.89
7931,3218,13,2,39.84,79.68
7932,3219,2,1,23.02,23.02
7933,3219,131,1,37.68,37.68
7934,3220,91,1,7.82,7.82
7935,3221,17,2,13.3,26.6
7936,3221,136,1,40.44,40.44
7937,3221,135,1,32.05,32.05
7938,3221,52,2,139.81,279.62
7939,3221,7,1,26.0,26.0
7940,3222,136,2,44.74,89.48
7941,3222,121,1,7.36,7.36
7942,3222,57,1,71.23,71.23
7943,3222,134,2,45.08,90.16
7944,3222,138,1,51.86,51.86
7945,3223,66,2,57.37,114.74
7946,3223,147,1,80.64,80.64
7947,3223,93,1,60.62,60.62
7948,3223,23,1,120.26,120.26
7949,3223,48,3,100.72,302.16
7950,3224,26,1,51.75,51.75
7951,3225,84,1,16.79,16.79
7952,3226,80,1,17.8,17.8
7953,3226,138,2,56.16,112.32
7954,3226,1,1,87.2,87.2
7955,3226,104,2,37.43,74.86
7956,3227,91,1,7.9,7.9
7957,3227,128,3,40.07,120.21
7958,3227,132,1,61.8,61.8
7959,3228,98,2,34.27,68.54
7960,3228,24,1,80.14,80.14
7961,3229,81,1,7.31,7.31
7962,3229,150,1,72.73,72.73
7963,3229,129,1,32.25,32.25
7964,3230,1,1,83.27,83.27
7965,3230,48,2,108.8,217.6
7966,3230,136,1,40.74,40.74
7967,3231,108,2,7.25,14.5
7968,3231,62,1,157.36,157.36
7969,3231,48,1,97.52,97.52
7970,3231,13,3,36.67,110.01
7971,3231,38,3,72.87,218.61
7972,3232,1,1,77.8,77.8
7973,3232,48,1,99.7,99.7
7974,3232,90,1,30.7,30.7
7975,3233,112,1,28.06,28.06
7976,3234,110,3,39.16,117.48
7977,3234,68,2,164.16,328.32
7978,3235,7,1,26.14,26.14
7979,3235,70,3,43.13,129.39
7980,3235,66,1,58.69,58.69
7981,3235,91,1,7.93,7.93
7982,3236,16,2,115.84,231.68
7983,3236,2,1,22.75,22.75
7984,3237,91,1,7.73,7.73
7985,3237,32,1,9.96,9.96
7986,3237,67,1,88.51,88.51
7987,3237,136,1,44.42,44.42
7988,3237,61,1,38.49,38.49
7989,3238,49,1,71.35,71.35
7990,3239,138,1,53.26,53.26
7991,3239,108,1,7.31,7.31
7992,3240,103,1,37.45,37.45
7993,3240,110,1,40.17,40.17
7994,3241,76,1,26.4,26.4
7995,3242,138,3,58.72,176.16
7996,3242,52,1,133.89,133.89
7997,3243,79,1,28.2,28.2
7998,3243,93,4,56.25,225.0
7999,3243,121,1,7.02,7.02
8000,3243,136,1,43.59,43.59
8001,3244,82,1,26.68,26.68
8002,3244,98,1,34.79,34.79
8003,3244,119,1,18.57,18.57
8004,3245,44,1,54.09,54.09
8005,3245,37,1,25.42,25.42
8006,3245,103,1,35.13,35.13
8007,3245,147,1,91.1,91.1
8008,3246,91,1,7.5,7.5
8009,3246,77,4,50.27,201.08
8010,3246,59,2,67.47,134.94
8011,3246,32,2,10.59,21.18
8012,3247,107,2,31.19,62.38
8013,3247,147,1,86.92,86.92
8014,3247,62,1,177.6,177.6
8015,3248,22,3,97.19,291.57
8016,3248,48,1,109.28,109.28
8017,3249,25,1,90.18,90.18
8018,3250,68,3,180.51,541.53
8019,3251,126,1,20.11,20.11
8020,3251,17,1,13.55,13.55
8021,3252,122,1,35.79,35.79
8022,3253,66,2,51.88,103.76
8023,3253,10,2,92.58,185.16
8024,3254,66,1,54.45,54.45
8025,3255,2,2,25.1,50.2
8026,3256,47,1,81.06,81.06
8027,3257,137,3,73.59,220.77
8028,3257,75,1,116.74,116.74
8029,3258,2,4,25.15,100.6
8030,3258,66,4,57.4,229.6
8031,3258,128,1,43.12,43.12
8032,3259,48,1,107.0,107.0
8033,3259,112,1,28.52,28.52
8034,3260,91,1,7.52,7.52
8035,3261,49,3,72.42,217.26
8036,3262,57,2,73.64,147.28
8037,3262,89,1,58.04,58.04
8038,3262,47,1,78.73,78.73
8039,3263,86,1,14.59,14.59
8040,3264,48,1,106.79,106.79
8041,3265,59,1,68.61,68.61
8042,3266,66,1,52.03,52.03
8043,3266,47,1,77.99,77.99
8044,3267,48,1,99.79,99.79
8045,3267,93,5,60.18,300.9
8046,3267,75,1,109.64,109.64
8047,3268,62,1,162.92,162.92
8048,3268,17,2,13.79,27.58
8049,3268,11,2,58.21,116.42
8050,3269,134,2,45.2,90.4
8051,3269,13,1,37.6,37.6
8052,3269,100,1,37.89,37.89
8053,3270,67,1,85.19,85.19
8054,3270,124,1,18.24,18.24
8055,3270,119,1,19.41,19.41
8056,3270,150,1,73.84,73.84
8057,3270,122,1,35.34,35.34
8058,3271,138,1,59.08,59.08
8059,3272,17,1,14.65,14.65
8060,3273,91,1,7.07,7.07
8061,3273,66,1,55.97,55.97
8062,3273,48,1,107.02,107.02
8063,3274,48,1,109.18,109.18
8064,3275,48,1,97.39,97.39
8065,3275,53,1,142.61,142.61
8066,3276,17,1,13.67,13.67
8067,3277,48,1,105.41,105.41
8068,3278,75,2,117.61,235.22
8069,3279,55,2,85.27,170.54
8070,3280,91,1,7.27,7.27
8071,3281,108,3,7.25,21.75
8072,3281,79,2,26.45,52.9
8073,3282,48,1,107.5,107.5
8074,3282,76,2,25.64,51.28
8075,3282,121,4,7.0,28.0
8076,3282,122,1,34.45,34.45
8077,3283,17,1,12.92,12.92
8078,3283,91,2,7.98,15.96
8079,3283,101,3,43.92,131.76
8080,3283,38,2,71.22,142.44
8081,3283,26,2,50.69,101.38
8082,3284,138,2,59.01,118.02
8083,3285,62,1,161.88,161.88
8084,3285,91,1,7.08,7.08
8085,3286,79,1,27.95,27.95
8086,3286,90,2,30.39,60.78
8087,3287,91,1,7.26,7.26
8088,3288,52,1,143.1,143.1
8089,3288,91,1,7.79,7.79
8090,3288,83,3,41.23,123.69
8091,3288,48,2,106.35,212.7
8092,3289,88,1,14.38,14.38
8093,3289,32,1,9.31,9.31
8094,3290,138,1,56.6,56.6
8095,3290,47,1,79.59,79.59
8096,3290,133,1,76.57,76.57
8097,3290,48,2,105.55,211.1
8098,3290,86,1,14.35,14.35
8099,3290,113,1,29.1,29.1
8100,3291,38,2,72.8,145.6
8101,3291,48,1,100.85,100.85
8102,3291,91,3,7.43,22.29
8103,3291,121,3,6.99,20.97
8104,3291,122,1,37.82,37.82
8105,3292,138,1,52.49,52.49
8106,3293,18,1,68.27,68.27
8107,3293,47,1,81.5,81.5
8108,3294,107,1,31.49,31.49
8109,3294,91,2,7.85,15.7
8110,3294,38,1,63.02,63.02
8111,3294,25,1,96.26,96.26
8112,3295,48,1,96.71,96.71
8113,3295,9,1,23.96,23.96
8114,3296,38,1,68.7,68.7
8115,3297,134,1,43.62,43.62
8116,3298,43,4,71.87,287.48
8117,3298,144,2,16.9,33.8
8118,3299,48,1,97.91,97.91
8119,3299,79,1,25.19,25.19
8120,3299,62,3,160.97,482.91
8121,3299,17,3,13.27,39.81
8122,3300,89,1,58.34,58.34
8123,3301,48,1,109.17,109.17
8124,3302,110,2,39.57,79.14
8125,3302,38,1,69.87,69.87
8126,3302,91,1,7.56,7.56
8127,3303,48,1,104.21,104.21
8128,3304,111,1,39.21,39.21
8129,3304,121,1,7.29,7.29
8130,3305,25,1,85.35,85.35
8131,3305,134,1,43.4,43.4
8132,3305,38,1,72.33,72.33
8133,3305,53,1,151.51,151.51
8134,3305,24,1,79.09,79.09
8135,3306,87,3,40.03,120.09
8136,3306,138,2,54.36,108.72
8137,3306,26,1,54.2,54.2
8138,3306,6,5,121.36,606.8
8139,3307,38,1,71.26,71.26
8140,3308,38,1,65.65,65.65
8141,3308,82,1,26.79,26.79
8142,3308,79,1,28.17,28.17
8143,3308,66,1,54.88,54.88
8144,3309,13,3,40.44,121.32
8145,3309,85,1,39.75,39.75
8146,3310,48,1,96.03,96.03
8147,3310,81,1,6.89,6.89
8148,3310,57,1,73.44,73.44
8149,3311,136,4,43.64,174.56
8150,3311,91,2,7.85,15.7
8151,3312,93,1,59.12,59.12
8152,3312,66,1,58.71,58.71
8153,3312,86,3,13.62,40.86
8154,3313,139,1,55.7,55.7
8155,3313,136,1,45.86,45.86
8156,3313,122,2,35.68,71.36
8157,3314,38,1,62.84,62.84
8158,3314,91,4,7.47,29.88
8159,3314,52,2,127.72,255.44
8160,3314,76,1,27.61,27.61
8161,3314,48,1,102.32,102.32
8162,3314,107,1,30.39,30.39
8163,3315,43,2,72.56,145.12
8164,3315,32,1,10.25,10.25
8165,3315,138,1,54.0,54.0
8166,3315,48,3,105.91,317.73
8167,3315,129,3,33.95,101.85
8168,3316,137,1,69.93,69.93
8169,3317,75,1,118.11,118.11
8170,3317,48,3,95.68,287.04
8171,3318,112,2,25.66,51.32
8172,3319,57,1,78.08,78.08
8173,3320,129,4,36.7,146.8
8174,3320,66,1,51.78,51.78
8175,3320,91,4,7.51,30.04
8176,3321,136,3,44.01,132.03
8177,3321,66,1,56.6,56.6
8178,3321,32,1,9.32,9.32
8179,3322,86,1,15.08,15.08
8180,3323,136,1,41.08,41.08
8181,3324,137,3,65.2,195.6
8182,3324,76,3,25.73,77.19
8183,3325,131,1,36.73,36.73
8184,3325,91,3,6.9,20.7
8185,3325,93,1,56.58,56.58
8186,3325,42,4,65.82,263.28
8187,3325,79,1,26.48,26.48
8188,3326,1,1,82.16,82.16
8189,3326,86,3,15.55,46.65
8190,3326,5,1,78.57,78.57
8191,3326,144,1,16.95,16.95
8192,3326,48,1,110.27,110.27
8193,3327,48,3,99.88,299.64
8194,3327,124,1,18.76,18.76
8195,3328,76,1,25.22,25.22
8196,3329,96,1,52.5,52.5
8197,3330,15,2,101.71,203.42
8198,3330,62,1,155.14,155.14
8199,3330,48,1,104.68,104.68
8200,3330,53,1,141.33,141.33
8201,3330,24,4,84.35,337.4
8202,3330,52,1,132.11,132.11
8203,3331,148,4,38.8,155.2
8204,3331,48,1,104.86,104.86
8205,3332,67,2,88.23,176.46
8206,3333,48,1,109.14,109.14
8207,3334,148,1,40.2,40.2
8208,3334,134,2,43.84,87.68
8209,3334,75,1,112.51,112.51
8210,3334,91,2,6.99,13.98
8211,3335,104,1,36.51,36.51
8212,3335,79,1,25.96,25.96
8213,3335,48,2,97.5,195.0
8214,3336,91,2,6.99,13.98
8215,3337,26,3,55.79,167.37
8216,3338,93,1,54.89,54.89
8217,3338,143,1,85.63,85.63
8218,3338,66,1,58.67,58.67
8219,3338,91,2,8.02,16.04
8220,3338,1,1,81.26,81.26
8221,3339,52,1,131.76,131.76
8222,3340,91,1,7.42,7.42
8223,3341,17,1,12.66,12.66
8224,3342,150,1,72.07,72.07
8225,3342,91,2,7.84,15.68
8226,3342,103,2,38.9,77.8
8227,3343,76,1,25.07,25.07
8228,3343,70,1,46.84,46.84
8229,3344,138,1,58.74,58.74
8230,3344,89,1,60.71,60.71
8231,3344,17,1,14.26,14.26
8232,3344,134,2,40.01,80.02
8233,3344,107,1,32.73,32.73
8234,3345,82,1,26.83,26.83
8235,3346,91,1,7.53,7.53
8236,3346,14,1,53.13,53.13
8237,3347,121,1,7.75,7.75
8238,3347,26,1,54.47,54.47
8239,3347,107,2,29.76,59.52
8240,3348,68,2,166.07,332.14
8241,3348,121,1,7.7,7.7
8242,3348,140,1,85.19,85.19
8243,3348,32,1,9.86,9.86
8244,3349,119,1,18.83,18.83
8245,3349,133,1,72.59,72.59
8246,3349,86,1,13.38,13.38
8247,3350,121,1,7.15,7.15
8248,3350,150,1,70.89,70.89
8249,3350,137,1,73.43,73.43
8250,3351,62,3,176.47,529.41
8251,3352,77,1,47.81,47.81
8252,3352,91,2,7.58,15.16
8253,3353,17,1,13.88,13.88
8254,3353,13,2,40.41,80.82
8255,3354,26,2,53.05,106.1
8256,3354,119,1,18.95,18.95
8257,3354,93,1,56.72,56.72
8258,3354,121,1,8.12,8.12
8259,3355,112,5,28.79,143.95
8260,3356,83,1,41.48,41.48
8261,3356,48,1,99.51,99.51
8262,3356,129,2,32.54,65.08
8263,3357,14,2,54.98,109.96
8264,3358,66,1,59.59,59.59
8265,3358,32,1,10.26,10.26
8266,3359,48,2,101.56,203.12
8267,3360,17,2,13.5,27.0
8268,3360,93,3,58.73,176.19
8269,3360,121,2,7.21,14.42
8270,3361,109,1,49.65,49.65
8271,3362,62,1,154.12,154.12
8272,3363,150,1,66.58,66.58
8273,3364,91,1,7.1,7.1
8274,3364,107,1,34.05,34.05
8275,3364,38,2,70.76,141.52
8276,3365,61,1,36.96,36.96
8277,3366,26,1,52.54,52.54
8278,3366,91,2,7.15,14.3
8279,3366,86,2,13.75,27.5
8280,3366,124,3,19.3,57.9
8281,3367,79,1,24.51,24.51
8282,3367,10,1,92.49,92.49
8283,3367,25,2,84.69,169.38
8284,3367,68,5,167.1,835.5
8285,3368,48,1,96.02,96.02
8286,3368,91,1,7.66,7.66
8287,3369,66,1,52.37,52.37
8288,3369,139,1,54.91,54.91
8289,3370,65,2,30.44,60.88
8290,3371,55,2,90.1,180.2
8291,3371,138,3,55.07,165.21
8292,3371,79,1,27.47,27.47
8293,3371,104,1,40.05,40.05
8294,3372,91,4,7.42,29.68
8295,3373,84,1,16.61,16.61
8296,3373,102,1,36.0,36.0
8297,3374,101,1,43.15,43.15
8298,3374,48,1,99.97,99.97
8299,3375,89,1,60.61,60.61
8300,3375,94,1,57.06,57.06
8301,3376,89,2,54.27,108.54
8302,3377,110,1,41.79,41.79
8303,3377,82,1,25.88,25.88
8304,3377,32,1,9.79,9.79
8305,3377,131,1,38.04,38.04
8306,3377,13,1,39.49,39.49
8307,3378,83,1,41.99,41.99
8308,3378,100,1,37.7,37.7
8309,3378,11,2,60.44,120.88
8310,3378,38,1,71.91,71.91
8311,3379,121,1,7.72,7.72
8312,3379,104,1,40.71,40.71
8313,3379,91,3,7.01,21.03
8314,3379,57,1,71.26,71.26
8315,3380,18,1,69.56,69.56
8316,3380,57,1,75.63,75.63
8317,3380,13,3,38.28,114.84
8318,3381,150,1,70.95,70.95
8319,3381,47,2,71.35,142.7
8320,3381,48,2,97.06,194.12
8321,3381,80,1,17.35,17.35
8322,3382,82,1,24.7,24.7
8323,3383,91,1,7.65,7.65
8324,3384,25,1,89.53,89.53
8325,3384,13,1,38.39,38.39
8326,3384,93,1,60.91,60.91
8327,3384,111,1,42.54,42.54
8328,3385,134,1,43.27,43.27
8329,3385,138,2,51.95,103.9
8330,3385,79,1,27.92,27.92
8331,3386,47,3,74.11,222.33
8332,3387,137,1,68.74,68.74
8333,3388,131,1,37.19,37.19
8334,3388,14,1,51.32,51.32
8335,3389,144,1,16.62,16.62
8336,3389,2,1,21.92,21.92
8337,3390,129,1,33.64,33.64
8338,3390,17,1,14.11,14.11
8339,3391,112,2,26.57,53.14
8340,3392,61,1,38.72,38.72
8341,3392,96,5,47.02,235.1
8342,3392,62,3,175.74,527.22
8343,3392,11,1,59.53,59.53
8344,3393,111,1,39.29,39.29
8345,3393,23,3,108.93,326.79
8346,3394,66,1,53.73,53.73
8347,3394,101,2,48.28,96.56
8348,3394,134,2,45.21,90.42
8349,3395,57,1,76.25,76.25
8350,3395,91,3,7.95,23.85
8351,3395,24,1,85.37,85.37
8352,3396,83,2,41.2,82.4
8353,3396,17,1,12.81,12.81
8354,3396,47,1,75.65,75.65
8355,3396,48,1,105.75,105.75
8356,3397,48,1,109.41,109.41
8357,3398,134,2,45.82,91.64
8358,3398,144,1,17.52,17.52
8359,3398,143,5,81.19,405.95
8360,3399,66,4,57.56,230.24
8361,3399,3,1,56.49,56.49
8362,3399,119,1,20.18,20.18
8363,3399,67,1,85.79,85.79
8364,3399,13,3,40.93,122.79
8365,3400,102,1,35.53,35.53
8366,3400,1,1,82.55,82.55
8367,3400,48,3,95.83,287.49
8368,3400,137,2,70.89,141.78
8369,3401,66,1,53.13,53.13
8370,3401,48,1,98.45,98.45
8371,3401,91,2,7.5,15.0
8372,3401,103,1,34.67,34.67
8373,3402,122,2,33.62,67.24
8374,3402,67,1,81.25,81.25
8375,3402,13,5,39.89,199.45
8376,3402,96,3,46.0,138.0
8377,3402,82,1,27.03,27.03
8378,3402,93,1,60.54,60.54
8379,3403,148,4,42.56,170.24
8380,3403,26,1,51.16,51.16
8381,3403,91,4,6.98,27.92
8382,3404,48,1,101.9,101.9
8383,3404,129,2,32.27,64.54
8384,3404,86,2,14.3,28.6
8385,3404,136,1,43.56,43.56
8386,3404,66,1,52.6,52.6
8387,3404,126,1,21.14,21.14
8388,3405,91,2,7.47,14.94
8389,3406,86,1,14.24,14.24
8390,3406,1,1,85.29,85.29
8391,3406,124,1,17.13,17.13
8392,3407,48,2,105.86,211.72
8393,3408,26,1,58.17,58.17
8394,3409,100,1,41.72,41.72
8395,3409,89,1,59.58,59.58
8396,3410,48,1,102.33,102.33
8397,3410,34,2,21.4,42.8
8398,3410,86,1,14.69,14.69
8399,3410,119,4,19.62,78.48
8400,3410,139,1,55.45,55.45
8401,3410,96,1,51.04,51.04
8402,3411,14,2,50.73,101.46
8403,3411,107,1,33.1,33.1
8404,3412,119,4,19.61,78.44
8405,3412,86,1,15.35,15.35
8406,3412,66,5,54.43,272.15
8407,3413,13,1,39.38,39.38
8408,3413,43,3,70.02,210.06
8409,3413,32,1,9.94,9.94
8410,3413,55,1,92.38,92.38
8411,3414,86,3,14.61,43.83
8412,3414,135,1,35.76,35.76
8413,3415,121,2,7.76,15.52
8414,3415,13,1,39.34,39.34
8415,3415,134,1,40.29,40.29
8416,3416,3,2,64.3,128.6
8417,3416,32,1,10.35,10.35
8418,3417,140,1,90.2,90.2
8419,3417,26,1,53.99,53.99
8420,3418,121,1,7.47,7.47
8421,3418,14,1,51.9,51.9
8422,3419,48,1,105.87,105.87
8423,3419,68,1,165.74,165.74
8424,3419,79,2,27.35,54.7
8425,3419,103,1,37.6,37.6
8426,3419,93,1,61.35,61.35
8427,3420,62,3,167.51,502.53
8428,3421,119,1,17.5,17.5
8429,3421,149,1,81.09,81.09
8430,3422,79,1,25.82,25.82
8431,3422,54,2,52.71,105.42
8432,3422,38,1,67.03,67.03
8433,3423,17,1,13.29,13.29
8434,3423,48,1,105.44,105.44
8435,3423,147,2,89.56,179.12
8436,3423,65,1,29.66,29.66
8437,3423,86,2,14.3,28.6
8438,3423,38,4,72.44,289.76
8439,3424,96,1,48.74,48.74
8440,3425,70,1,47.02,47.02
8441,3425,10,2,99.26,198.52
8442,3425,48,1,98.73,98.73
8443,3425,17,1,14.56,14.56
8444,3426,34,1,19.92,19.92
8445,3427,49,1,66.81,66.81
8446,3427,93,2,62.33,124.66
8447,3427,144,2,17.27,34.54
8448,3427,134,1,43.21,43.21
8449,3428,47,1,76.7,76.7
8450,3429,30,1,27.58,27.58
8451,3430,119,2,17.88,35.76
8452,3430,66,1,52.44,52.44
8453,3430,107,1,29.95,29.95
8454,3430,65,2,30.43,60.86
8455,3431,110,1,37.91,37.91
8456,3431,93,3,59.15,177.45
8457,3432,62,1,172.71,172.71
8458,3432,48,2,106.55,213.1
8459,3432,81,1,7.36,7.36
8460,3433,114,1,14.36,14.36
8461,3433,47,1,73.85,73.85
8462,3433,93,1,60.38,60.38
8463,3434,76,1,27.48,27.48
8464,3434,122,2,34.95,69.9
8465,3434,86,2,13.35,26.7
8466,3434,138,2,57.74,115.48
8467,3434,79,1,27.45,27.45
8468,3435,38,1,71.79,71.79
8469,3436,86,2,14.98,29.96
8470,3437,138,1,58.17,58.17
8471,3437,76,1,24.67,24.67
8472,3437,134,1,44.45,44.45
8473,3438,86,2,14.46,28.92
8474,3438,107,1,33.02,33.02
8475,3439,138,2,53.89,107.78
8476,3439,121,1,7.95,7.95
8477,3440,112,1,28.09,28.09
8478,3441,81,2,7.49,14.98
8479,3441,96,1,48.11,48.11
8480,3442,80,1,17.67,17.67
8481,3442,114,1,13.84,13.84
8482,3442,150,1,65.7,65.7
8483,3442,91,3,7.16,21.48
8484,3443,53,2,139.5,279.0
8485,3444,77,1,49.07,49.07
8486,3445,119,1,19.64,19.64
8487,3445,13,2,38.27,76.54
8488,3445,91,1,7.92,7.92
8489,3445,70,1,42.41,42.41
8490,3445,121,2,7.45,14.9
8491,3445,17,1,14.26,14.26
8492,3446,91,1,7.02,7.02
8493,3446,121,4,7.3,29.2
8494,3447,1,1,81.38,81.38
8495,3447,76,1,26.68,26.68
8496,3447,98,4,37.77,151.08
8497,3447,136,1,43.06,43.06
8498,3447,112,1,27.72,27.72
8499,3447,48,2,105.55,211.1
8500,3448,140,1,87.88,87.88
8501,3448,134,1,44.02,44.02
8502,3448,121,2,7.8,15.6
8503,3449,136,1,39.96,39.96
8504,3449,91,1,7.57,7.57
8505,3449,134,1,44.55,44.55
8506,3449,111,2,39.25,78.5
8507,3450,17,1,12.78,12.78
8508,3450,134,2,41.36,82.72
8509,3450,126,1,21.47,21.47
8510,3450,96,2,49.38,98.76
8511,3451,121,3,7.61,22.83
8512,3451,100,1,39.49,39.49
8513,3451,48,1,106.44,106.44
8514,3452,112,1,25.18,25.18
8515,3452,110,3,38.48,115.44
8516,3453,63,1,87.25,87.25
8517,3454,108,2,7.17,14.34
8518,3455,25,1,86.84,86.84
8519,3455,79,4,28.12,112.48
8520,3456,38,3,66.54,199.62
8521,3456,89,1,59.0,59.0
8522,3457,1,1,76.86,76.86
8523,3457,127,4,27.88,111.52
8524,3457,91,1,7.39,7.39
8525,3458,102,1,33.92,33.92
8526,3458,34,5,21.68,108.4
8527,3459,66,1,57.73,57.73
8528,3459,48,2,94.65,189.3
8529,3460,131,2,35.44,70.88
8530,3460,18,2,64.22,128.44
8531,3460,109,1,48.42,48.42
8532,3461,68,1,164.09,164.09
8533,3461,66,1,57.52,57.52
8534,3461,138,1,51.9,51.9
8535,3461,10,2,98.12,196.24
8536,3462,84,1,17.65,17.65
8537,3462,138,1,55.74,55.74
8538,3462,91,1,8.02,8.02
8539,3462,62,1,168.84,168.84
8540,3462,110,3,38.9,116.7
8541,3463,55,1,90.52,90.52
8542,3464,121,2,7.86,15.72
8543,3464,13,1,35.23,35.23
8544,3464,66,2,52.96,105.92
8545,3465,17,1,14.13,14.13
8546,3465,48,2,96.68,193.36
8547,3466,74,1,18.27,18.27
8548,3467,43,2,78.01,156.02
8549,3468,47,1,72.67,72.67
8550,3469,48,4,99.64,398.56
8551,3469,17,1,13.29,13.29
8552,3469,86,1,14.67,14.67
8553,3469,83,1,43.23,43.23
8554,3469,91,1,7.8,7.8
8555,3470,101,1,45.51,45.51
8556,3470,48,2,108.2,216.4
8557,3470,136,1,42.77,42.77
8558,3471,117,1,31.99,31.99
8559,3472,136,1,41.87,41.87
8560,3472,48,1,109.0,109.0
8561,3472,47,1,78.15,78.15
8562,3472,93,3,60.06,180.18
8563,3472,104,1,38.62,38.62
8564,3472,37,3,25.7,77.1
8565,3473,26,1,52.29,52.29
8566,3473,121,2,8.03,16.06
8567,3473,11,1,57.35,57.35
8568,3473,32,1,10.23,10.23
8569,3473,140,2,83.38,166.76
8570,3473,48,1,98.53,98.53
8571,3474,2,4,22.8,91.2
8572,3475,76,1,26.88,26.88
8573,3475,144,1,18.97,18.97
8574,3475,26,1,54.99,54.99
8575,3475,18,1,65.92,65.92
8576,3476,67,1,93.24,93.24
8577,3477,91,1,7.5,7.5
8578,3477,68,2,173.39,346.78
8579,3477,73,1,86.92,86.92
8580,3477,111,2,44.15,88.3
8581,3478,121,1,7.64,7.64
8582,3478,139,1,53.84,53.84
8583,3478,48,1,97.69,97.69
8584,3478,1,2,77.96,155.92
8585,3479,133,2,71.48,142.96
8586,3479,118,1,41.79,41.79
8587,3479,91,1,7.12,7.12
8588,3479,13,2,40.58,81.16
8589,3479,96,2,48.47,96.94
8590,3480,55,1,83.05,83.05
8591,3480,48,2,98.93,197.86
8592,3480,144,1,17.07,17.07
8593,3480,117,1,32.02,32.02
8594,3480,110,4,39.71,158.84
8595,3480,14,2,53.52,107.04
8596,3481,32,2,9.8,19.6
8597,3481,108,1,7.69,7.69
8598,3481,17,3,12.91,38.73
8599,3482,82,1,25.72,25.72
8600,3483,13,1,35.4,35.4
8601,3484,25,1,92.89,92.89
8602,3484,48,1,106.02,106.02
8603,3484,148,5,40.57,202.85
8604,3484,137,1,70.49,70.49
8605,3484,13,2,39.79,79.58
8606,3485,119,3,17.48,52.44
8607,3486,86,1,15.51,15.51
8608,3487,90,1,32.39,32.39
8609,3488,83,1,42.32,42.32
8610,3488,1,1,82.93,82.93
8611,3488,124,1,18.33,18.33
8612,3489,76,4,26.3,105.2
8613,3489,26,1,56.13,56.13
8614,3490,48,1,95.44,95.44
8615,3490,66,5,56.73,283.65
8616,3490,44,3,55.38,166.14
8617,3490,122,1,35.26,35.26
8618,3491,44,1,55.6,55.6
8619,3491,141,1,72.07,72.07
8620,3492,121,2,7.59,15.18
8621,3492,86,1,14.34,14.34
8622,3493,57,4,77.44,309.76
8623,3494,38,2,63.5,127.0
8624,3494,79,1,26.91,26.91
8625,3494,10,2,92.69,185.38
8626,3494,93,1,56.73,56.73
8627,3494,114,1,14.54,14.54
8628,3495,48,1,108.28,108.28
8629,3495,93,1,55.24,55.24
8630,3495,108,2,8.04,16.08
8631,3496,13,1,40.12,40.12
8632,3497,79,2,27.61,55.22
8633,3497,91,1,7.37,7.37
8634,3498,91,1,7.23,7.23
8635,3499,107,1,30.57,30.57
8636,3499,91,2,7.62,15.24
8637,3500,48,1,108.86,108.86
8638,3500,34,2,21.73,43.46
8639,3501,70,1,43.26,43.26
8640,3501,81,1,7.49,7.49
8641,3501,32,1,9.11,9.11
8642,3501,103,2,38.16,76.32
8643,3502,48,2,95.48,190.96
8644,3503,79,2,24.57,49.14
8645,3503,113,1,30.36,30.36
8646,3503,128,1,45.68,45.68
8647,3504,131,5,39.47,197.35
8648,3505,73,1,85.13,85.13
8649,3505,34,1,21.75,21.75
8650,3505,91,1,7.77,7.77
8651,3505,48,1,94.59,94.59
8652,3506,112,1,28.74,28.74
8653,3507,55,1,91.57,91.57
8654,3507,48,2,97.57,195.14
8655,3507,91,2,7.89,15.78
8656,3507,14,1,52.64,52.64
8657,3508,57,2,71.07,142.14
8658,3508,48,1,100.52,100.52
8659,3508,107,5,32.12,160.6
8660,3508,62,2,155.72,311.44
8661,3509,13,2,38.29,76.58
8662,3509,14,1,53.24,53.24
8663,3509,132,2,66.32,132.64
8664,3509,104,1,41.12,41.12
8665,3509,144,2,18.96,37.92
8666,3509,17,2,13.67,27.34
8667,3510,122,1,32.98,32.98
8668,3511,91,2,7.82,15.64
8669,3511,96,2,51.85,103.7
8670,3512,13,1,40.2,40.2
8671,3512,91,2,7.77,15.54
8672,3513,91,1,7.2,7.2
8673,3514,85,1,37.5,37.5
8674,3514,38,1,69.83,69.83
8675,3514,48,4,97.86,391.44
8676,3514,47,1,70.67,70.67
8677,3515,66,1,54.07,54.07
8678,3516,86,1,14.28,14.28
8679,3517,86,3,15.47,46.41
8680,3517,62,1,157.7,157.7
8681,3517,48,3,96.82,290.46
8682,3517,66,1,53.53,53.53
8683,3518,65,2,32.5,65.0
8684,3518,48,5,99.46,497.3
8685,3519,48,2,95.45,190.9
8686,3519,1,2,85.98,171.96
8687,3519,29,1,31.91,31.91
8688,3519,79,1,27.0,27.0
8689,3520,55,1,92.2,92.2
8690,3520,17,1,14.38,14.38
8691,3521,91,1,7.0,7.0
8692,3522,93,1,57.22,57.22
8693,3522,22,1,106.88,106.88
8694,3523,150,2,68.62,137.24
8695,3523,83,1,41.33,41.33
8696,3524,138,2,56.67,113.34
8697,3524,13,2,36.43,72.86
8698,3525,14,1,50.8,50.8
8699,3526,48,1,109.51,109.51
8700,3527,48,1,108.51,108.51
8701,3527,13,1,38.81,38.81
8702,3527,150,1,67.23,67.23
8703,3527,76,2,24.22,48.44
8704,3527,147,1,89.68,89.68
8705,3528,14,1,51.32,51.32
8706,3528,41,1,132.23,132.23
8707,3529,25,1,92.08,92.08
8708,3529,67,3,93.12,279.36
8709,3529,48,1,100.74,100.74
8710,3530,75,1,115.76,115.76
8711,3530,13,1,37.59,37.59
8712,3531,91,1,7.15,7.15
8713,3531,121,1,7.34,7.34
8714,3531,140,1,89.75,89.75
8715,3531,138,1,58.08,58.08
8716,3531,107,3,29.8,89.4
8717,3532,134,1,40.94,40.94
8718,3533,38,2,69.21,138.42
8719,3534,89,1,54.63,54.63
8720,3535,93,2,61.07,122.14
8721,3535,52,3,136.56,409.68
8722,3536,108,1,7.33,7.33
8723,3537,136,3,43.5,130.5
8724,3537,13,2,40.57,81.14
8725,3537,48,1,106.21,106.21
8726,3537,91,2,7.67,15.34
8727,3538,91,1,7.47,7.47
8728,3538,86,1,14.87,14.87
8729,3539,24,1,84.2,84.2
8730,3539,127,2,27.44,54.88
8731,3540,38,1,63.35,63.35
8732,3541,81,1,7.8,7.8
8733,3542,89,1,60.72,60.72
8734,3542,93,2,58.85,117.7
8735,3542,66,4,57.49,229.96
8736,3543,13,3,35.42,106.26
8737,3543,62,1,172.93,172.93
8738,3544,38,1,68.32,68.32
8739,3544,121,1,7.75,7.75
8740,3545,108,1,8.17,8.17
8741,3545,91,1,7.65,7.65
8742,3545,53,3,140.26,420.78
8743,3545,127,4,26.39,105.56
8744,3546,121,2,7.31,14.62
8745,3546,48,1,106.77,106.77
8746,3547,17,3,14.29,42.87
8747,3548,66,1,56.46,56.46
8748,3548,101,1,45.01,45.01
8749,3548,150,1,68.83,68.83
8750,3548,124,1,18.21,18.21
8751,3549,48,1,107.54,107.54
8752,3549,138,1,53.52,53.52
8753,3550,134,2,40.02,80.04
8754,3551,93,1,61.81,61.81
8755,3552,133,1,74.8,74.8
8756,3552,38,2,66.74,133.48
8757,3552,28,3,72.68,218.04
8758,3552,138,1,53.6,53.6
8759,3553,43,1,68.55,68.55
8760,3554,79,2,28.23,56.46
8761,3555,96,1,49.31,49.31
8762,3556,48,1,96.62,96.62
8763,3556,62,1,155.26,155.26
8764,3556,32,1,9.64,9.64
8765,3557,29,1,31.5,31.5
8766,3557,150,2,72.09,144.18
8767,3557,48,3,95.98,287.94
8768,3558,134,1,45.84,45.84
8769,3558,119,2,18.12,36.24
8770,3559,79,2,25.34,50.68
8771,3560,14,2,49.5,99.0
8772,3561,111,2,41.22,82.44
8773,3561,112,1,25.35,25.35
8774,3561,91,1,6.98,6.98
8775,3562,104,1,40.8,40.8
8776,3562,67,1,82.73,82.73
8777,3563,55,1,88.12,88.12
8778,3563,41,2,129.76,259.52
8779,3564,53,1,135.33,135.33
8780,3565,61,1,40.82,40.82
8781,3565,91,1,7.54,7.54
8782,3565,134,3,43.17,129.51
8783,3565,84,1,18.63,18.63
8784,3566,136,3,43.56,130.68
8785,3567,68,1,167.75,167.75
8786,3568,48,1,105.35,105.35
8787,3569,43,3,68.72,206.16
8788,3569,38,1,65.75,65.75
8789,3569,19,1,88.37,88.37
8790,3569,138,1,58.35,58.35
8791,3569,61,1,37.86,37.86
8792,3569,137,1,65.41,65.41
8793,3570,48,2,105.69,211.38
8794,3570,38,1,66.93,66.93
8795,3571,13,1,37.29,37.29
8796,3572,18,2,66.06,132.12
8797,3573,38,1,65.81,65.81
8798,3573,48,2,95.77,191.54
8799,3573,127,3,26.74,80.22
8800,3573,89,2,59.09,118.18
8801,3573,18,1,72.47,72.47
8802,3574,38,1,72.87,72.87
8803,3575,143,1,91.01,91.01
8804,3576,38,1,69.72,69.72
8805,3576,134,2,45.45,90.9
8806,3577,48,3,97.06,291.18
8807,3577,82,1,25.37,25.37
8808,3577,91,1,7.1,7.1
8809,3578,111,1,41.48,41.48
8810,3579,48,2,102.17,204.34
8811,3579,91,2,7.37,14.74
8812,3579,86,3,13.59,40.77
8813,3579,77,1,50.32,50.32
8814,3580,68,1,160.97,160.97
8815,3580,96,1,52.48,52.48
8816,3581,89,1,57.12,57.12
8817,3581,41,1,121.43,121.43
8818,3582,12,2,102.01,204.02
8819,3582,32,1,9.93,9.93
8820,3583,123,1,45.88,45.88
8821,3583,91,1,7.43,7.43
8822,3583,23,2,123.67,247.34
8823,3583,32,2,9.28,18.56
8824,3584,93,1,54.97,54.97
8825,3584,91,2,7.61,15.22
8826,3584,48,4,100.04,400.16
8827,3584,137,1,70.6,70.6
8828,3584,2,1,23.56,23.56
8829,3585,90,2,30.75,61.5
8830,3586,25,1,91.91,91.91
8831,3587,144,2,18.39,36.78
8832,3587,148,3,40.65,121.95
8833,3587,18,1,63.47,63.47
8834,3587,86,1,14.87,14.87
8835,3588,91,3,7.93,23.79
8836,3588,48,2,98.92,197.84
8837,3589,91,4,7.56,30.24
8838,3590,86,2,14.21,28.42
8839,3590,93,3,61.31,183.93
8840,3590,87,2,40.3,80.6
8841,3590,89,1,60.22,60.22
8842,3591,119,5,18.39,91.95
8843,3591,25,1,87.7,87.7
8844,3591,115,1,12.78,12.78
8845,3591,73,1,96.17,96.17
8846,3591,91,2,7.1,14.2
8847,3592,124,3,19.49,58.47
8848,3592,83,1,46.69,46.69
8849,3593,76,2,26.71,53.42
8850,3593,112,2,28.72,57.44
8851,3594,14,2,56.23,112.46
8852,3594,126,1,22.94,22.94
8853,3594,112,1,28.36,28.36
8854,3594,137,3,63.54,190.62
8855,3595,121,1,7.84,7.84
8856,3595,137,1,73.04,73.04
8857,3595,34,2,19.36,38.72
8858,3595,112,1,25.88,25.88
8859,3595,77,1,50.4,50.4
8860,3596,90,1,33.21,33.21
8861,3596,109,1,47.11,47.11
8862,3596,48,1,98.56,98.56
8863,3596,80,5,16.36,81.8
8864,3597,13,3,40.22,120.66
8865,3597,17,2,14.29,28.58
8866,3597,93,3,60.59,181.77
8867,3597,70,1,43.99,43.99
8868,3598,48,1,105.72,105.72
8869,3598,34,2,19.91,39.82
8870,3598,91,2,6.96,13.92
8871,3598,41,5,126.42,632.1
8872,3599,137,1,67.31,67.31
8873,3599,25,1,95.89,95.89
8874,3600,90,1,32.46,32.46
8875,3600,150,1,68.11,68.11
8876,3600,124,2,17.45,34.9
8877,3600,93,1,58.34,58.34
8878,3601,91,3,7.11,21.33
8879,3602,136,1,42.26,42.26
8880,3602,98,2,37.9,75.8
8881,3603,13,2,38.73,77.46
8882,3604,147,1,83.37,83.37
8883,3605,121,4,7.21,28.84
8884,3606,100,1,36.67,36.67
8885,3607,91,1,7.54,7.54
8886,3607,48,1,96.85,96.85
8887,3607,77,2,51.35,102.7
8888,3607,79,2,24.34,48.68
8889,3607,81,1,7.81,7.81
8890,3608,115,1,14.14,14.14
8891,3609,104,1,38.01,38.01
8892,3609,147,1,80.68,80.68
8893,3609,138,1,60.26,60.26
8894,3610,140,1,86.65,86.65
8895,3610,13,2,36.44,72.88
8896,3611,133,1,73.86,73.86
8897,3611,110,1,41.92,41.92
8898,3612,48,1,110.17,110.17
8899,3612,90,1,31.97,31.97
8900,3612,149,1,77.79,77.79
8901,3612,32,4,9.96,39.84
8902,3612,91,2,7.61,15.22
8903,3613,33,1,90.45,90.45
8904,3614,89,2,56.51,113.02
8905,3614,107,2,30.58,61.16
8906,3614,48,1,95.0,95.0
8907,3615,38,1,64.63,64.63
8908,3615,55,1,90.59,90.59
8909,3615,111,1,43.96,43.96
8910,3615,68,1,170.51,170.51
8911,3616,134,1,41.26,41.26
8912,3616,55,2,86.23,172.46
8913,3616,93,2,61.33,122.66
8914,3617,13,1,35.72,35.72
8915,3617,107,1,30.66,30.66
8916,3618,66,2,57.96,115.92
8917,3618,90,1,30.41,30.41
8918,3618,79,1,24.9,24.9
8919,3619,139,1,58.99,58.99
8920,3619,68,1,181.78,181.78
8921,3619,6,3,116.22,348.66
8922,3619,57,1,74.0,74.0
8923,3619,134,2,43.1,86.2
8924,3620,144,4,18.25,73.0
8925,3620,121,1,7.81,7.81
8926,3620,79,2,24.8,49.6
8927,3621,136,1,44.85,44.85
8928,3621,48,1,101.29,101.29
8929,3621,89,1,61.21,61.21
8930,3622,119,2,17.81,35.62
8931,3622,62,1,160.86,160.86
8932,3623,67,1,82.56,82.56
8933,3624,38,1,72.53,72.53
8934,3624,133,1,73.94,73.94
8935,3625,48,1,99.08,99.08
8936,3625,114,1,15.4,15.4
8937,3626,48,1,96.33,96.33
8938,3626,80,1,15.67,15.67
8939,3626,76,1,24.2,24.2
8940,3626,17,1,14.07,14.07
8941,3627,75,1,111.5,111.5
8942,3627,13,2,38.96,77.92
8943,3628,93,1,55.08,55.08
8944,3629,122,1,33.1,33.1
8945,3629,47,3,80.3,240.9
8946,3629,91,1,7.5,7.5
8947,3630,34,2,21.65,43.3
8948,3630,26,2,50.77,101.54
8949,3631,148,1,38.76,38.76
8950,3631,112,2,25.58,51.16
8951,3631,54,3,54.86,164.58
8952,3631,64,1,172.85,172.85
8953,3631,132,1,64.46,64.46
8954,3632,81,2,6.99,13.98
8955,3632,44,1,52.46,52.46
8956,3633,38,3,63.09,189.27
8957,3633,119,4,17.58,70.32
8958,3633,48,2,97.81,195.62
8959,3633,66,2,59.21,118.42
8960,3633,124,1,18.07,18.07
8961,3633,102,2,38.55,77.1
8962,3634,136,1,42.96,42.96
8963,3634,91,2,7.54,15.08
8964,3634,93,2,61.94,123.88
8965,3635,65,1,29.9,29.9
8966,3635,2,2,24.71,49.42
8967,3636,84,1,18.69,18.69
8968,3636,82,3,26.19,78.57
8969,3636,91,1,7.04,7.04
8970,3637,79,1,24.8,24.8
8971,3637,47,1,79.28,79.28
8972,3638,38,1,65.63,65.63
8973,3638,52,1,135.81,135.81
8974,3638,53,2,137.6,275.2
8975,3638,47,1,74.06,74.06
8976,3638,25,1,89.43,89.43
8977,3638,136,1,44.07,44.07
8978,3639,148,3,43.64,130.92
8979,3639,91,2,7.2,14.4
8980,3640,1,1,78.25,78.25
8981,3640,68,2,177.74,355.48
8982,3641,79,1,24.78,24.78
8983,3641,49,3,70.33,210.99
8984,3641,48,2,99.59,199.18
8985,3641,66,1,57.88,57.88
8986,3641,149,1,86.73,86.73
8987,3641,30,1,27.92,27.92
8988,3642,48,1,103.98,103.98
8989,3643,48,1,104.98,104.98
8990,3643,67,3,87.27,261.81
8991,3644,121,1,7.66,7.66
8992,3645,102,1,36.03,36.03
8993,3646,79,1,27.87,27.87
8994,3646,2,2,24.83,49.66
8995,3646,140,2,81.88,163.76
8996,3646,1,2,84.98,169.96
8997,3646,83,1,41.62,41.62
8998,3647,144,1,17.25,17.25
8999,3647,107,1,29.39,29.39
9000,3647,108,2,7.29,14.58
9001,3648,48,1,100.24,100.24
9002,3648,18,1,67.88,67.88
9003,3649,25,1,87.65,87.65
9004,3649,89,2,57.01,114.02
9005,3650,121,1,7.02,7.02
9006,3650,136,1,44.46,44.46
9007,3651,93,4,61.33,245.32
9008,3651,91,1,7.41,7.41
9009,3652,68,1,176.16,176.16
9010,3652,138,3,52.24,156.72
9011,3653,111,1,44.46,44.46
9012,3653,41,1,122.78,122.78
9013,3653,48,1,109.32,109.32
9014,3653,38,1,64.81,64.81
9015,3654,137,1,65.65,65.65
9016,3654,63,1,96.45,96.45
9017,3654,34,1,20.22,20.22
9018,3654,48,1,99.17,99.17
9019,3655,38,1,70.8,70.8
9020,3655,150,4,75.17,300.68
9021,3655,13,2,40.87,81.74
9022,3656,13,1,38.8,38.8
9023,3656,124,2,19.16,38.32
9024,3656,76,1,24.52,24.52
9025,3656,68,1,169.45,169.45
9026,3657,47,1,73.95,73.95
9027,3657,25,1,90.16,90.16
9028,3657,66,4,60.11,240.44
9029,3658,112,1,27.89,27.89
9030,3658,38,1,67.37,67.37
9031,3658,57,1,76.95,76.95
9032,3659,122,2,34.6,69.2
9033,3659,104,2,37.27,74.54
9034,3659,32,1,9.97,9.97
9035,3660,135,1,31.82,31.82
9036,3661,93,1,57.52,57.52
9037,3662,47,1,74.65,74.65
9038,3662,24,1,79.95,79.95
9039,3663,25,2,88.57,177.14
9040,3663,138,1,59.35,59.35
9041,3664,129,1,35.93,35.93
9042,3664,107,1,32.54,32.54
9043,3665,1,1,79.26,79.26
9044,3666,17,1,14.18,14.18
9045,3666,134,3,40.9,122.7
9046,3667,104,1,36.2,36.2
9047,3667,101,1,45.32,45.32
9048,3668,90,1,33.05,33.05
9049,3669,119,3,19.13,57.39
9050,3669,11,1,62.0,62.0
9051,3669,138,1,52.7,52.7
9052,3669,89,1,60.37,60.37
9053,3670,121,1,7.38,7.38
9054,3670,135,1,34.57,34.57
9055,3670,148,1,38.1,38.1
9056,3670,81,2,7.01,14.02
9057,3670,30,1,27.97,27.97
9058,3671,31,2,77.48,154.96
9059,3671,103,3,36.73,110.19
9060,3671,137,2,68.75,137.5
9061,3672,107,1,29.78,29.78
9062,3673,48,2,100.63,201.26
9063,3673,134,3,42.84,128.52
9064,3673,21,1,71.77,71.77
9065,3674,1,1,81.15,81.15
9066,3674,98,2,38.23,76.46
9067,3674,38,1,66.04,66.04
9068,3674,134,1,40.28,40.28
9069,3675,68,1,163.85,163.85
9070,3675,48,1,96.99,96.99
9071,3675,129,2,32.37,64.74
9072,3675,150,1,70.01,70.01
9073,3675,100,2,39.84,79.68
9074,3676,48,2,100.37,200.74
9075,3676,61,1,41.31,41.31
9076,3676,2,4,24.23,96.92
9077,3677,66,2,54.84,109.68
9078,3677,48,1,95.27,95.27
9079,3678,48,1,95.7,95.7
9080,3678,32,1,10.28,10.28
9081,3678,86,3,15.27,45.81
9082,3679,139,2,59.72,119.44
9083,3679,29,1,32.83,32.83
9084,3680,110,2,41.42,82.84
9085,3680,13,3,39.04,117.12
9086,3680,84,3,17.98,53.94
9087,3680,91,2,7.62,15.24
9088,3680,144,1,17.46,17.46
9089,3681,48,1,95.55,95.55
9090,3681,32,1,10.5,10.5
9091,3681,100,1,37.32,37.32
9092,3681,84,1,17.96,17.96
9093,3681,134,5,45.83,229.15
9094,3682,96,1,48.44,48.44
9095,3683,91,2,7.07,14.14
9096,3683,83,1,46.6,46.6
9097,3684,91,2,7.34,14.68
9098,3685,107,2,32.8,65.6
9099,3685,91,1,7.72,7.72
9100,3685,38,4,62.71,250.84
9101,3685,93,2,60.68,121.36
9102,3686,48,2,102.6,205.2
9103,3686,121,1,7.35,7.35
9104,3686,136,2,43.75,87.5
9105,3687,26,1,55.88,55.88
9106,3688,2,1,24.9,24.9
9107,3689,91,1,7.52,7.52
9108,3690,68,1,170.39,170.39
9109,3690,13,1,40.42,40.42
9110,3691,48,1,109.47,109.47
9111,3691,83,2,44.43,88.86
9112,3691,141,5,65.27,326.35
9113,3692,52,2,130.61,261.22
9114,3693,91,1,6.9,6.9
9115,3694,121,4,7.73,30.92
9116,3695,66,1,59.37,59.37
9117,3696,16,2,116.93,233.86
9118,3696,57,1,79.29,79.29
9119,3696,83,1,42.39,42.39
9120,3697,13,1,36.02,36.02
9121,3698,48,1,98.72,98.72
9122,3698,76,4,26.37,105.48
9123,3698,77,1,47.53,47.53
9124,3698,150,1,70.87,70.87
9125,3699,75,1,109.89,109.89
9126,3699,134,1,42.02,42.02
9127,3699,76,5,25.45,127.25
9128,3700,48,1,103.14,103.14
9129,3700,26,1,57.55,57.55
9130,3701,49,1,68.01,68.01
9131,3701,112,1,27.99,27.99
9132,3702,128,2,45.7,91.4
9133,3702,96,2,48.31,96.62
9134,3703,132,1,65.44,65.44
9135,3703,81,2,7.71,15.42
9136,3703,93,2,61.43,122.86
9137,3704,121,4,7.91,31.64
9138,3705,137,4,70.74,282.96
9139,3705,17,1,13.3,13.3
9140,3705,2,2,24.61,49.22
9141,3706,75,2,122.48,244.96
9142,3707,91,1,7.3,7.3
9143,3707,75,1,110.31,110.31
9144,3707,83,1,47.35,47.35
9145,3708,48,1,98.94,98.94
9146,3709,48,2,95.33,190.66
9147,3709,91,2,7.14,14.28
9148,3709,126,1,21.85,21.85
9149,3710,79,1,27.68,27.68
9150,3710,59,1,74.68,74.68
9151,3710,84,1,18.58,18.58
9152,3710,121,2,7.61,15.22
9153,3711,100,2,37.36,74.72
9154,3711,93,1,62.27,62.27
9155,3711,104,3,39.3,117.9
9156,3712,127,2,28.72,57.44
9157,3713,7,1,27.2,27.2
9158,3714,48,1,95.39,95.39
9159,3714,11,1,59.29,59.29
9160,3714,38,1,72.5,72.5
9161,3714,134,1,45.21,45.21
9162,3714,74,1,19.7,19.7
9163,3714,127,1,25.24,25.24
9164,3715,107,1,29.87,29.87
9165,3716,129,2,35.74,71.48
9166,3717,17,1,14.05,14.05
9167,3717,9,1,24.0,24.0
9168,3718,55,2,92.7,185.4
9169,3719,138,1,59.64,59.64
9170,3720,79,3,25.1,75.3
9171,3720,68,1,168.27,168.27
9172,3721,32,1,10.57,10.57
9173,3721,93,1,62.47,62.47
9174,3721,66,1,52.39,52.39
9175,3721,91,1,7.58,7.58
9176,3721,54,1,54.27,54.27
9177,3722,49,1,70.44,70.44
9178,3723,89,2,53.3,106.6
9179,3723,48,5,104.65,523.25
9180,3724,102,2,38.07,76.14
9181,3725,140,1,84.07,84.07
9182,3726,62,1,168.77,168.77
9183,3727,91,1,7.1,7.1
9184,3728,91,2,7.95,15.9
9185,3728,89,1,56.53,56.53
9186,3729,89,1,57.8,57.8
9187,3730,86,3,14.46,43.38
9188,3730,122,2,35.34,70.68
9189,3730,91,2,6.94,13.88
9190,3730,132,4,66.2,264.8
9191,3731,48,1,103.08,103.08
9192,3731,63,1,93.29,93.29
9193,3731,134,1,40.48,40.48
9194,3731,126,1,20.98,20.98
9195,3732,93,1,55.22,55.22
9196,3732,108,2,8.19,16.38
9197,3732,138,2,52.22,104.44
9198,3732,66,1,56.88,56.88
9199,3732,75,1,108.12,108.12
9200,3733,80,5,17.11,85.55
9201,3733,100,1,41.78,41.78
9202,3734,91,1,7.38,7.38
9203,3734,55,3,93.96,281.88
9204,3735,48,1,102.69,102.69
9205,3736,14,2,49.79,99.58
9206,3737,112,1,28.16,28.16
9207,3738,121,1,7.51,7.51
9208,3738,83,1,44.91,44.91
9209,3739,37,1,28.64,28.64
9210,3739,91,3,7.02,21.06
9211,3739,109,1,51.1,51.1
9212,3739,134,1,41.04,41.04
9213,3739,81,1,7.23,7.23
9214,3740,47,2,73.79,147.58
9215,3740,55,2,90.05,180.1
9216,3740,32,1,10.28,10.28
9217,3740,13,1,36.1,36.1
9218,3740,48,1,103.11,103.11
9219,3741,30,5,26.62,133.1
9220,3741,18,1,64.91,64.91
9221,3741,79,2,26.8,53.6
9222,3741,38,2,68.47,136.94
9223,3742,13,2,37.74,75.48
9224,3743,48,1,99.01,99.01
9225,3744,91,1,7.57,7.57
9226,3744,149,1,80.05,80.05
9227,3744,81,1,7.13,7.13
9228,3744,80,1,16.74,16.74
9229,3745,91,1,7.73,7.73
9230,3745,96,1,48.99,48.99
9231,3746,79,2,25.97,51.94
9232,3746,81,1,7.15,7.15
9233,3746,4,1,92.48,92.48
9234,3747,93,2,62.2,124.4
9235,3747,138,2,57.27,114.54
9236,3748,22,1,98.94,98.94
9237,3748,48,1,104.29,104.29
9238,3749,48,5,109.35,546.75
9239,3749,13,1,38.71,38.71
9240,3750,38,2,70.8,141.6
9241,3751,13,1,40.4,40.4
9242,3751,62,2,170.43,340.86
9243,3752,103,1,39.32,39.32
9244,3753,79,1,25.41,25.41
9245,3754,93,1,57.28,57.28
9246,3754,104,3,36.83,110.49
9247,3754,13,2,40.6,81.2
9248,3754,77,1,52.92,52.92
9249,3755,91,1,7.54,7.54
9250,3755,48,1,98.25,98.25
9251,3755,66,5,57.19,285.95
9252,3755,33,2,85.1,170.2
9253,3755,21,2,75.03,150.06
9254,3755,98,1,38.2,38.2
9255,3756,43,1,72.84,72.84
9256,3756,84,2,17.75,35.5
9257,3756,144,5,18.65,93.25
9258,3756,121,1,7.54,7.54
9259,3756,91,1,7.58,7.58
9260,3757,48,1,102.93,102.93
9261,3757,103,1,40.16,40.16
9262,3758,52,2,126.31,252.62
9263,3759,96,1,45.73,45.73
9264,3759,9,1,24.28,24.28
9265,3760,32,1,9.23,9.23
9266,3760,14,1,49.76,49.76
9267,3761,96,4,52.18,208.72
9268,3762,38,1,64.22,64.22
9269,3763,150,1,69.43,69.43
9270,3763,129,1,33.85,33.85
9271,3764,91,2,7.48,14.96
9272,3764,86,1,14.01,14.01
9273,3765,1,1,84.92,84.92
9274,3766,81,1,7.47,7.47
9275,3766,112,1,26.19,26.19
9276,3767,86,4,13.5,54.0
9277,3768,73,1,88.26,88.26
9278,3768,100,4,36.29,145.16
9279,3768,119,3,18.98,56.94
9280,3768,29,1,32.15,32.15
9281,3768,13,2,38.73,77.46
9282,3769,135,1,33.46,33.46
9283,3770,132,1,59.25,59.25
9284,3770,3,1,62.39,62.39
9285,3771,89,2,56.48,112.96
9286,3772,112,1,28.19,28.19
9287,3772,48,1,107.77,107.77
9288,3772,2,1,22.59,22.59
9289,3773,86,1,13.75,13.75
9290,3773,53,2,148.05,296.1
9291,3773,17,1,13.29,13.29
9292,3774,100,2,37.48,74.96
9293,3774,91,1,7.2,7.2
9294,3775,141,2,68.24,136.48
9295,3775,44,1,54.55,54.55
9296,3776,52,1,135.72,135.72
9297,3776,47,2,76.16,152.32
9298,3777,104,2,38.97,77.94
9299,3777,134,1,46.4,46.4
9300,3777,75,1,119.58,119.58
9301,3777,2,1,23.56,23.56
9302,3777,90,1,33.45,33.45
9303,3778,66,3,57.78,173.34
9304,3778,111,3,40.0,120.0
9305,3778,89,3,56.1,168.3
9306,3778,48,1,95.73,95.73
9307,3779,41,1,119.35,119.35
9308,3780,121,1,7.27,7.27
9309,3780,110,1,37.8,37.8
9310,3780,76,2,26.06,52.12
9311,3780,66,2,60.16,120.32
9312,3781,103,1,34.7,34.7
9313,3781,66,1,55.17,55.17
9314,3781,43,3,75.56,226.68
9315,3781,93,1,60.63,60.63
9316,3782,140,3,91.07,273.21
9317,3782,45,1,134.91,134.91
9318,3783,140,2,81.02,162.04
9319,3783,48,3,100.91,302.73
9320,3783,86,1,13.42,13.42
9321,3784,76,1,27.83,27.83
9322,3785,131,1,36.59,36.59
9323,3785,74,1,20.09,20.09
9324,3785,75,1,117.45,117.45
9325,3785,119,1,18.21,18.21
9326,3786,121,1,6.99,6.99
9327,3786,1,2,80.34,160.68
9328,3786,79,1,24.38,24.38
9329,3786,48,2,103.67,207.34
9330,3786,91,1,7.67,7.67
9331,3787,88,1,14.06,14.06
9332,3787,48,1,106.36,106.36
9333,3788,48,1,106.54,106.54
9334,3788,91,1,7.83,7.83
9335,3789,62,1,153.94,153.94
9336,3790,104,1,39.75,39.75
9337,3790,48,1,103.5,103.5
9338,3790,38,2,65.22,130.44
9339,3790,13,1,35.91,35.91
9340,3790,20,1,74.66,74.66
9341,3791,86,3,14.44,43.32
9342,3791,91,1,7.97,7.97
9343,3791,150,1,72.47,72.47
9344,3791,79,1,27.9,27.9
9345,3792,26,1,54.32,54.32
9346,3793,110,1,42.81,42.81
9347,3793,48,1,108.62,108.62
9348,3793,62,1,174.42,174.42
9349,3793,89,1,59.84,59.84
9350,3794,133,2,79.86,159.72
9351,3794,47,2,77.3,154.6
9352,3795,38,2,64.34,128.68
9353,3795,44,1,58.95,58.95
9354,3795,48,2,106.1,212.2
9355,3796,97,1,36.76,36.76
9356,3796,86,1,13.58,13.58
9357,3797,134,3,44.69,134.07
9358,3797,119,1,17.75,17.75
9359,3798,48,1,104.11,104.11
9360,3799,134,3,44.38,133.14
9361,3799,93,1,54.52,54.52
9362,3799,89,2,55.96,111.92
9363,3799,48,3,97.2,291.6
9364,3800,66,1,52.3,52.3
9365,3801,48,1,100.62,100.62
9366,3801,91,1,7.38,7.38
9367,3801,89,1,53.73,53.73
9368,3802,1,2,78.84,157.68
9369,3803,122,2,35.26,70.52
9370,3803,136,1,43.35,43.35
9371,3803,86,2,14.82,29.64
9372,3804,91,2,7.74,15.48
9373,3804,134,3,44.28,132.84
9374,3804,100,1,36.53,36.53
9375,3804,138,1,58.84,58.84
9376,3805,26,1,50.48,50.48
9377,3806,48,1,94.58,94.58
9378,3806,104,1,38.64,38.64
9379,3806,26,1,50.82,50.82
9380,3806,65,1,33.06,33.06
9381,3807,66,1,59.46,59.46
9382,3808,138,2,52.67,105.34
9383,3809,91,2,7.38,14.76
9384,3809,90,3,31.08,93.24
9385,3810,147,2,86.93,173.86
9386,3811,66,1,59.3,59.3
9387,3811,62,1,170.59,170.59
9388,3811,139,1,60.09,60.09
9389,3811,14,1,54.25,54.25
9390,3812,32,1,10.35,10.35
9391,3813,48,2,99.15,198.3
9392,3813,122,1,35.13,35.13
9393,3813,22,1,97.7,97.7
9394,3814,93,4,59.56,238.24
9395,3815,32,1,10.04,10.04
9396,3815,91,3,7.72,23.16
9397,3816,48,1,96.77,96.77
9398,3816,41,2,125.78,251.56
9399,3816,112,1,25.38,25.38
9400,3816,103,3,35.34,106.02
9401,3817,91,1,7.82,7.82
9402,3817,65,5,31.54,157.7
9403,3818,64,1,161.56,161.56
9404,3818,57,1,80.57,80.57
9405,3819,91,1,7.74,7.74
9406,3820,32,2,9.9,19.8
9407,3820,133,2,81.34,162.68
9408,3821,54,1,50.62,50.62
9409,3821,109,1,50.64,50.64
9410,3822,129,1,36.77,36.77
9411,3822,26,1,55.17,55.17
9412,3822,48,1,104.3,104.3
9413,3823,76,1,24.31,24.31
9414,3823,16,1,106.23,106.23
9415,3823,96,1,52.22,52.22
9416,3824,75,4,121.45,485.8
9417,3824,38,2,65.97,131.94
9418,3825,62,1,155.94,155.94
9419,3825,63,4,92.72,370.88
9420,3826,121,1,7.79,7.79
9421,3827,13,1,36.66,36.66
9422,3827,82,2,25.49,50.98
9423,3827,17,1,12.84,12.84
9424,3828,79,1,25.12,25.12
9425,3828,5,1,72.78,72.78
9426,3828,83,1,43.52,43.52
9427,3828,38,1,72.04,72.04
9428,3828,91,1,6.91,6.91
9429,3829,140,1,83.79,83.79
9430,3830,66,1,58.23,58.23
9431,3831,108,1,8.27,8.27
9432,3831,48,1,95.8,95.8
9433,3832,66,2,55.19,110.38
9434,3833,48,5,96.64,483.2
9435,3833,13,1,40.52,40.52
9436,3833,1,1,79.74,79.74
9437,3833,129,2,36.91,73.82
9438,3834,42,1,59.2,59.2
9439,3834,124,1,19.34,19.34
9440,3835,66,1,58.95,58.95
9441,3836,112,1,28.23,28.23
9442,3836,96,1,51.0,51.0
9443,3836,90,2,31.28,62.56
9444,3837,84,1,18.77,18.77
9445,3837,52,2,140.8,281.6
9446,3838,48,1,106.61,106.61
9447,3838,81,1,7.09,7.09
9448,3838,127,2,27.57,55.14
9449,3839,121,2,7.89,15.78
9450,3840,48,1,109.21,109.21
9451,3840,126,1,22.94,22.94
9452,3841,62,4,153.4,613.6
9453,3841,48,1,100.3,100.3
9454,3842,101,3,43.08,129.24
9455,3843,89,3,56.95,170.85
9456,3843,62,5,159.89,799.45
9457,3844,89,2,56.31,112.62
9458,3845,107,1,32.99,32.99
9459,3846,86,3,13.78,41.34
9460,3847,48,1,100.87,100.87
9461,3847,91,1,7.44,7.44
9462,3847,18,1,66.98,66.98
9463,3847,103,1,40.0,40.0
9464,3848,38,1,69.3,69.3
9465,3848,138,1,58.34,58.34
9466,3849,66,3,53.34,160.02
9467,3849,111,1,38.23,38.23
9468,3850,138,1,55.2,55.2
9469,3850,48,1,96.97,96.97
9470,3850,62,1,170.76,170.76
9471,3850,66,2,58.76,117.52
9472,3851,144,1,17.53,17.53
9473,3851,1,2,81.32,162.64
9474,3851,48,1,104.22,104.22
9475,3852,91,1,7.28,7.28
9476,3852,61,1,38.2,38.2
9477,3852,96,1,46.43,46.43
9478,3852,79,1,28.22,28.22
9479,3853,79,1,26.52,26.52
9480,3854,112,2,28.82,57.64
9481,3855,86,2,13.61,27.22
9482,3856,48,1,109.52,109.52
9483,3856,138,1,54.12,54.12
9484,3856,91,1,7.47,7.47
9485,3856,76,1,26.52,26.52
9486,3857,48,1,107.79,107.79
9487,3857,96,3,53.13,159.39
9488,3858,63,1,87.44,87.44
9489,3859,17,3,13.44,40.32
9490,3859,66,2,56.51,113.02
9491,3859,38,2,63.49,126.98
9492,3859,93,1,54.94,54.94
9493,3859,98,2,34.99,69.98
9494,3860,138,1,60.31,60.31
9495,3861,90,1,30.39,30.39
9496,3861,107,2,31.73,63.46
9497,3862,13,2,36.7,73.4
9498,3862,84,1,17.78,17.78
9499,3862,38,2,68.85,137.7
9500,3862,91,1,8.02,8.02
9501,3863,89,1,53.26,53.26
9502,3863,112,1,24.93,24.93
9503,3863,2,1,22.16,22.16
9504,3863,38,1,69.66,69.66
9505,3863,111,1,41.19,41.19
9506,3864,48,1,97.16,97.16
9507,3865,119,4,19.39,77.56
9508,3866,91,2,7.02,14.04
9509,3867,66,1,56.24,56.24
9510,3868,67,2,87.23,174.46
9511,3869,119,1,18.58,18.58
9512,3870,48,1,106.67,106.67
9513,3870,91,1,7.91,7.91
9514,3871,62,1,163.83,163.83
9515,3871,32,1,10.05,10.05
9516,3871,79,1,25.29,25.29
9517,3871,48,1,105.74,105.74
9518,3871,66,2,58.03,116.06
9519,3872,14,4,52.08,208.32
9520,3872,73,1,85.79,85.79
9521,3872,134,1,45.64,45.64
9522,3872,48,1,104.32,104.32
9523,3872,119,2,18.62,37.24
9524,3872,86,4,15.41,61.64
9525,3873,150,4,71.39,285.56
9526,3873,1,3,78.44,235.32
9527,3873,15,1,104.9,104.9
9528,3874,129,1,35.71,35.71
9529,3875,81,1,7.78,7.78
9530,3875,93,1,57.15,57.15
9531,3876,91,1,7.01,7.01
9532,3876,150,1,68.76,68.76
9533,3876,126,1,21.82,21.82
9534,3877,149,1,78.55,78.55
9535,3877,65,1,33.59,33.59
9536,3877,84,2,18.49,36.98
9537,3877,91,2,6.99,13.98
9538,3878,48,1,105.45,105.45
9539,3878,91,1,7.4,7.4
9540,3879,53,1,143.0,143.0
9541,3879,48,1,103.23,103.23
9542,3879,126,1,22.65,22.65
9543,3879,93,1,57.04,57.04
9544,3880,32,1,9.21,9.21
9545,3880,14,2,55.59,111.18
9546,3881,111,2,39.81,79.62
9547,3881,146,1,36.93,36.93
9548,3881,3,1,57.83,57.83
9549,3881,86,1,13.83,13.83
9550,3881,32,3,9.55,28.65
9551,3881,48,1,96.53,96.53
9552,3882,32,2,10.57,21.14
9553,3883,127,2,27.87,55.74
9554,3883,115,1,14.34,14.34
9555,3883,48,5,103.39,516.95
9556,3884,55,1,82.9,82.9
9557,3885,13,1,38.7,38.7
9558,3886,29,1,34.26,34.26
9559,3886,138,1,56.33,56.33
9560,3887,91,1,6.91,6.91
9561,3887,76,1,25.68,25.68
9562,3887,111,1,41.66,41.66
9563,3887,48,1,99.95,99.95
9564,3887,38,1,71.79,71.79
9565,3888,55,1,95.99,95.99
9566,3889,4,3,97.4,292.2
9567,3889,48,2,104.22,208.44
9568,3890,122,3,36.7,110.1
9569,3890,12,3,92.31,276.93
9570,3891,39,1,132.14,132.14
9571,3892,108,3,7.89,23.67
9572,3892,121,1,7.99,7.99
9573,3892,89,3,52.89,158.67
9574,3892,91,3,7.31,21.93
9575,3892,45,1,123.79,123.79
9576,3893,83,4,46.77,187.08
9577,3893,135,1,31.19,31.19
9578,3893,112,1,25.43,25.43
9579,3893,134,3,46.22,138.66
9580,3894,48,1,105.97,105.97
9581,3895,57,2,78.24,156.48
9582,3895,48,1,99.68,99.68
9583,3896,68,1,185.86,185.86
9584,3896,124,1,18.88,18.88
9585,3897,91,1,7.65,7.65
9586,3897,57,1,73.51,73.51
9587,3897,48,3,107.32,321.96
9588,3898,138,1,56.09,56.09
9589,3899,104,3,36.16,108.48
9590,3900,134,1,45.18,45.18
9591,3900,140,1,86.2,86.2
9592,3901,84,1,18.16,18.16
9593,3901,18,5,70.85,354.25
9594,3901,90,1,34.08,34.08
9595,3901,20,1,68.75,68.75
9596,3902,65,2,31.31,62.62
9597,3902,104,1,40.98,40.98
9598,3902,91,1,7.43,7.43
9599,3903,48,1,98.83,98.83
9600,3904,144,1,16.96,16.96
9601,3904,89,1,55.95,55.95
9602,3904,81,1,6.88,6.88
9603,3904,13,5,39.47,197.35
9604,3904,119,1,18.23,18.23
9605,3905,91,4,7.03,28.12
9606,3905,114,1,14.52,14.52
9607,3906,68,1,178.31,178.31
9608,3906,91,1,7.29,7.29
9609,3906,48,1,109.67,109.67
9610,3906,121,1,7.03,7.03
9611,3906,63,1,91.71,91.71
9612,3907,129,1,34.22,34.22
9613,3907,32,1,9.54,9.54
9614,3908,79,1,26.78,26.78
9615,3908,132,3,58.96,176.88
9616,3908,48,1,107.53,107.53
9617,3908,91,1,7.53,7.53
9618,3908,111,1,42.44,42.44
9619,3909,89,2,57.2,114.4
9620,3909,138,2,54.17,108.34
9621,3909,34,1,21.37,21.37
9622,3910,62,1,168.9,168.9
9623,3911,134,1,42.45,42.45
9624,3911,98,1,39.51,39.51
9625,3911,48,2,96.83,193.66
9626,3912,124,1,18.24,18.24
9627,3912,136,1,45.54,45.54
9628,3912,48,1,102.44,102.44
9629,3912,49,3,71.66,214.98
9630,3912,75,2,116.12,232.24
9631,3913,67,1,92.4,92.4
9632,3913,17,1,12.7,12.7
9633,3914,93,1,58.92,58.92
9634,3914,47,1,74.93,74.93
9635,3914,65,1,29.37,29.37
9636,3915,38,1,68.7,68.7
9637,3915,138,1,54.65,54.65
9638,3916,13,1,39.73,39.73
9639,3917,103,1,35.88,35.88
9640,3917,134,1,46.53,46.53
9641,3917,148,1,38.08,38.08
9642,3917,141,1,69.54,69.54
9643,3918,76,1,27.55,27.55
9644,3918,48,2,95.13,190.26
9645,3918,112,1,25.15,25.15
9646,3918,79,2,26.2,52.4
9647,3919,48,1,104.27,104.27
9648,3919,79,1,27.73,27.73
9649,3920,2,2,24.48,48.96
9650,3920,32,2,9.17,18.34
9651,3920,75,1,116.04,116.04
9652,3921,115,1,12.95,12.95
9653,3921,32,1,9.16,9.16
9654,3921,144,2,16.58,33.16
9655,3922,17,3,14.31,42.93
9656,3922,13,1,37.85,37.85
9657,3923,119,1,18.88,18.88
9658,3923,96,1,52.25,52.25
9659,3923,83,1,42.43,42.43
9660,3923,91,1,7.56,7.56
9661,3924,48,1,98.17,98.17
9662,3924,93,3,58.68,176.04
9663,3924,91,2,7.96,15.92
9664,3925,53,1,137.15,137.15
9665,3926,16,1,113.48,113.48
9666,3926,48,1,97.6,97.6
9667,3926,38,2,68.52,137.04
9668,3926,140,1,86.52,86.52
9669,3927,30,1,30.2,30.2
9670,3927,90,1,34.05,34.05
9671,3928,79,1,26.57,26.57
9672,3928,110,1,40.5,40.5
9673,3929,76,3,26.15,78.45
9674,3929,134,2,41.52,83.04
9675,3929,121,1,7.76,7.76
9676,3929,96,1,50.5,50.5
9677,3930,140,1,79.19,79.19
9678,3931,117,1,30.49,30.49
9679,3931,131,3,39.42,118.26
9680,3932,14,1,53.41,53.41
9681,3933,48,1,96.93,96.93
9682,3933,13,1,38.58,38.58
9683,3934,84,2,16.8,33.6
9684,3935,79,1,24.99,24.99
9685,3935,17,1,13.73,13.73
9686,3935,100,1,37.05,37.05
9687,3936,48,2,100.87,201.74
9688,3936,38,1,72.89,72.89
9689,3936,21,1,70.62,70.62
9690,3936,148,1,39.65,39.65
9691,3936,100,2,37.89,75.78
9692,3937,13,2,37.06,74.12
9693,3937,54,1,57.29,57.29
9694,3937,129,2,33.67,67.34
9695,3937,91,1,7.02,7.02
9696,3938,96,2,48.87,97.74
9697,3938,91,1,7.71,7.71
9698,3938,112,1,28.02,28.02
9699,3938,136,1,40.76,40.76
9700,3939,48,1,98.6,98.6
9701,3940,62,3,154.18,462.54
9702,3941,86,3,13.96,41.88
9703,3942,119,3,18.67,56.01
9704,3942,57,1,76.11,76.11
9705,3943,54,1,55.59,55.59
9706,3944,42,3,65.5,196.5
9707,3944,17,3,13.17,39.51
9708,3944,79,1,26.65,26.65
9709,3944,62,1,157.51,157.51
9710,3944,11,1,62.19,62.19
9711,3945,48,1,95.36,95.36
9712,3945,79,1,26.67,26.67
9713,3946,67,1,92.73,92.73
9714,3947,66,4,60.06,240.24
9715,3947,48,1,109.18,109.18
9716,3948,112,1,25.1,25.1
9717,3948,17,3,14.3,42.9
9718,3948,2,2,21.98,43.96
9719,3949,14,1,50.33,50.33
9720,3949,138,1,52.83,52.83
9721,3950,15,3,104.94,314.82
9722,3951,1,1,81.12,81.12
9723,3951,75,1,107.25,107.25
9724,3952,48,2,94.7,189.4
9725,3952,139,1,56.6,56.6
9726,3952,79,1,28.08,28.08
9727,3952,129,1,36.77,36.77
9728,3952,89,2,60.25,120.5
9729,3953,38,2,72.73,145.46
9730,3953,13,1,39.69,39.69
9731,3954,150,1,73.13,73.13
9732,3954,132,2,64.94,129.88
9733,3955,121,1,7.65,7.65
9734,3956,86,3,13.72,41.16
9735,3957,66,1,59.88,59.88
9736,3957,48,1,103.79,103.79
9737,3957,13,1,37.14,37.14
9738,3957,81,3,6.92,20.76
9739,3958,41,1,123.43,123.43
9740,3958,12,1,102.88,102.88
9741,3958,138,1,54.55,54.55
9742,3958,91,1,7.92,7.92
9743,3959,48,1,106.49,106.49
9744,3959,119,1,17.69,17.69
9745,3959,47,1,72.91,72.91
9746,3959,121,1,7.49,7.49
9747,3960,134,3,40.45,121.35
9748,3960,121,5,7.61,38.05
9749,3960,127,1,25.97,25.97
9750,3960,79,1,27.01,27.01
9751,3960,57,1,73.11,73.11
9752,3961,82,1,25.81,25.81
9753,3962,79,1,24.82,24.82
9754,3963,93,1,59.01,59.01
9755,3963,79,1,25.13,25.13
9756,3964,148,1,43.0,43.0
9757,3965,98,1,36.12,36.12
9758,3965,68,2,174.83,349.66
9759,3965,89,2,60.73,121.46
9760,3965,38,1,66.43,66.43
9761,3966,47,3,77.28,231.84
9762,3966,6,1,115.56,115.56
9763,3966,13,2,39.61,79.22
9764,3966,89,1,56.29,56.29
9765,3967,91,2,7.48,14.96
9766,3968,49,1,69.33,69.33
9767,3968,91,3,7.27,21.81
9768,3969,133,1,81.48,81.48
9769,3970,66,1,55.43,55.43
9770,3970,91,4,7.58,30.32
9771,3970,48,2,96.68,193.36
9772,3970,16,2,102.33,204.66
9773,3971,122,1,37.37,37.37
9774,3971,76,2,26.43,52.86
9775,3971,43,2,77.7,155.4
9776,3972,124,2,18.28,36.56
9777,3973,138,5,57.34,286.7
9778,3973,121,1,7.14,7.14
9779,3974,91,1,7.9,7.9
9780,3974,38,3,71.38,214.14
9781,3974,1,1,78.54,78.54
9782,3974,48,1,98.62,98.62
9783,3975,148,3,38.3,114.9
9784,3976,48,2,105.8,211.6
9785,3977,136,1,40.12,40.12
9786,3977,11,1,57.21,57.21
9787,3977,32,1,10.14,10.14
9788,3978,48,1,107.98,107.98
9789,3978,66,1,52.3,52.3
9790,3979,38,1,72.52,72.52
9791,3979,52,1,126.88,126.88
9792,3979,48,1,101.66,101.66
9793,3980,75,1,114.94,114.94
9794,3980,93,2,55.58,111.16
9795,3981,144,1,18.64,18.64
9796,3981,119,1,20.21,20.21
9797,3982,102,1,34.36,34.36
9798,3983,110,1,42.98,42.98
9799,3983,12,1,98.84,98.84
9800,3983,49,2,70.34,140.68
9801,3984,138,1,59.53,59.53
9802,3984,48,1,101.23,101.23
9803,3984,91,1,7.53,7.53
9804,3984,84,4,17.76,71.04
9805,3984,93,1,54.86,54.86
9806,3985,136,1,44.81,44.81
9807,3985,138,1,56.39,56.39
9808,3986,48,2,94.88,189.76
9809,3986,134,1,44.66,44.66
9810,3986,112,1,27.18,27.18
9811,3987,66,2,57.49,114.98
9812,3988,96,2,49.14,98.28
9813,3988,127,1,26.28,26.28
9814,3989,17,1,14.17,14.17
9815,3989,90,1,30.06,30.06
9816,3990,13,1,35.26,35.26
9817,3990,137,3,71.94,215.82
9818,3990,79,1,28.0,28.0
9819,3990,26,1,57.3,57.3
9820,3991,89,1,54.66,54.66
9821,3991,48,1,105.24,105.24
9822,3991,86,1,15.12,15.12
9823,3991,140,3,80.11,240.33
9824,3992,48,1,94.84,94.84
9825,3992,13,5,39.36,196.8
9826,3992,79,2,26.94,53.88
9827,3992,140,1,81.79,81.79
9828,3992,32,1,10.61,10.61
9829,3992,91,2,7.4,14.8
9830,3993,137,1,67.44,67.44
9831,3993,38,3,70.7,212.1
9832,3994,48,1,109.19,109.19
9833,3994,38,3,67.0,201.0
9834,3995,134,1,42.22,42.22
9835,3995,67,1,93.76,93.76
9836,3996,48,1,108.71,108.71
9837,3996,62,1,152.41,152.41
9838,3997,30,2,28.32,56.64
9839,3997,48,4,101.69,406.76
9840,3997,79,3,26.08,78.24
9841,3998,140,1,86.95,86.95
9842,3998,93,1,56.36,56.36
9843,3999,93,1,53.85,53.85
9844,3999,48,1,105.15,105.15
9845,3999,1,1,80.18,80.18
9846,3999,82,3,27.34,82.02
9847,4000,48,2,94.71,189.42
9848,4000,79,1,27.13,27.13
