ticket_id,customer_id,order_id,channel,message_text,category,ai_predicted_category,classification_confidence,priority,status,decision_path,resolution_type,sentiment_score,created_at,decision_at,first_response_at,resolved_at,updated_at
1,820,,Phone,This is the second issue I've had and I'm frustrated with the service.,Complaint,,,Medium,Resolved,,Human,,2023-03-13 12:00:00,,2023-03-13 18:38:26.648397,2023-03-16 21:00:53.754731,2023-03-16 21:00:53.754731
2,721,3480,Email,Just checking in on when my package will arrive.,Order Status Inquiry,,,Low,New,,,,2026-06-30 01:21:20,,2026-06-30 18:13:37.462119,,2026-06-30 18:13:37.462119
3,822,1972,Email,I'm still waiting on my delivery and the expected date has already passed.,Delivery Delay,,,Medium,Closed,,Human,,2026-01-01 15:22:37,,2026-01-02 05:16:30.995891,2026-01-05 10:35:29.153312,2026-01-05 10:35:29.153312
4,438,3277,Phone,I want to raise a formal complaint about how my order was handled.,Complaint,,,Urgent,Closed,,Human,,2026-01-10 09:19:48,,2026-01-10 11:41:48.893395,2026-01-11 08:21:58.195212,2026-01-11 08:21:58.195212
5,187,2174,Email,Please process a refund for the order I placed.,Refund Request,,,Medium,Closed,,Human,,2025-04-10 14:34:02,,2025-04-11 23:39:38.013662,2025-04-13 16:40:11.057542,2025-04-13 16:40:11.057542
6,859,2023,Phone,I'm missing an item from my order.,Missing Item,,,High,Closed,,Human,,2026-02-15 13:04:59,,2026-02-16 00:36:47.609761,2026-02-17 00:45:01.814223,2026-02-17 00:45:01.814223
7,243,2758,Chat,Please process a refund for the order I placed.,Refund Request,,,Medium,Closed,,Human,,2026-05-27 00:55:32,,2026-05-27 02:14:49.826389,2026-05-31 01:45:08.874569,2026-05-31 01:45:08.874569
8,396,,Social Media,Is this product compatible with other accessories I own?,Product Question,,,Low,Resolved,,Human,,2026-06-19 12:00:00,,2026-06-19 22:30:35.297195,2026-06-22 02:11:58.076763,2026-06-22 02:11:58.076763
9,162,3190,Phone,Please process a refund for the order I placed.,Refund Request,,,High,Reopened,,Human,,2025-12-01 14:09:08,,2025-12-02 04:40:33.471202,2025-12-04 04:34:01.076567,2025-12-04 04:34:01.076567
10,559,2567,Chat,Just checking in on when my package will arrive.,Order Status Inquiry,,,Low,New,,,,2026-06-30 18:33:21,,,,2026-06-30 18:33:21.000000
11,229,219,Phone,Just checking in on when my package will arrive.,Order Status Inquiry,,,Low,New,,,,2026-06-30 01:15:37,,,,2026-06-30 01:15:37.000000
12,291,3435,Chat,Please process a refund for the order I placed.,Refund Request,,,Medium,Resolved,,Human,,2026-05-31 10:48:51,,2026-05-31 16:03:58.030052,2026-06-01 17:28:34.764734,2026-06-01 17:28:34.764734
13,369,1319,Email,I was charged twice for the same order.,Payment Problem,,,High,Escalated,,,,2026-01-28 12:04:08,,2026-01-28 12:54:31.351918,,2026-01-28 12:54:31.351918
14,692,,Chat,I want to raise a formal complaint about how my order was handled.,Complaint,,,Medium,Resolved,,Human,,2025-09-02 16:00:00,,2025-09-03 03:35:50.736610,2025-09-05 13:10:38.964340,2025-09-05 13:10:38.964340
15,938,1782,Email,My order was supposed to arrive days ago and it still hasn't shown up.,Delivery Delay,,,Medium,Closed,,Human,,2026-01-24 18:58:33,,2026-01-24 20:45:13.426334,2026-01-27 09:32:35.019078,2026-01-27 09:32:35.019078
16,203,,Phone,The tracking says my package is delayed. What's going on?,Delivery Delay,,,Medium,Closed,,Human,,2025-05-29 19:00:00,,2025-05-30 07:19:29.759136,2025-06-01 07:07:02.290162,2025-06-01 07:07:02.290162
17,660,2786,Chat,One of the items in my order is defective.,Damaged Product,,,Medium,Closed,,Human,,2025-09-05 23:49:53,,2025-09-07 01:52:13.196897,2025-09-08 15:59:04.777884,2025-09-08 15:59:04.777884
18,693,2868,Phone,My order showed up with visible damage to the packaging and product.,Damaged Product,,,High,Closed,,Human,,2024-10-16 21:06:24,,2024-10-16 23:12:30.963286,2024-10-18 01:50:24.483103,2024-10-18 01:50:24.483103
19,390,1130,Phone,Please process a refund for the order I placed.,Refund Request,,,Medium,Resolved,,Human,,2025-10-28 15:55:47,,2025-10-29 23:05:43.756043,2025-11-01 20:49:20.215388,2025-11-01 20:49:20.215388
20,121,2250,Phone,The tracking says my package is delayed. What's going on?,Delivery Delay,,,Medium,Escalated,,,,2026-02-13 10:42:39,,2026-02-14 18:48:54.474803,,2026-02-14 18:48:54.474803
21,789,2216,Phone,My order was supposed to arrive days ago and it still hasn't shown up.,Delivery Delay,,,Medium,Closed,,Human,,2025-04-27 19:21:34,,2025-04-29 03:51:33.643581,2025-05-01 06:16:10.062859,2025-05-01 06:16:10.062859
22,4,31,Chat,The item I received arrived broken/damaged.,Damaged Product,,,Low,Closed,,Human,,2026-03-05 06:52:17,,2026-03-07 15:55:20.671956,2026-03-09 04:58:43.536741,2026-03-09 04:58:43.536741
23,316,3419,Chat,I'm very unhappy with my recent experience and want to file a complaint.,Complaint,,,Urgent,Resolved,,Human,,2025-06-03 02:42:47,,2025-06-03 06:38:56.602774,2025-06-04 05:36:39.860620,2025-06-04 05:36:39.860620
24,477,,Chat,I'm very unhappy with my recent experience and want to file a complaint.,Complaint,,,Urgent,Closed,,Human,,2025-01-25 15:00:00,,2025-01-25 15:53:55.581679,2025-01-26 00:41:03.146079,2025-01-26 00:41:03.146079
25,937,2640,Chat,There's an issue with the charge on my card for this order.,Payment Problem,,,High,Resolved,,Human,,2026-06-20 03:31:01,,2026-06-20 09:51:55.051871,2026-06-22 06:15:16.893695,2026-06-22 06:15:16.893695
26,243,3353,Chat,Just checking in on when my package will arrive.,Order Status Inquiry,,,Low,New,,,,2026-06-30 05:06:04,,2026-06-30 19:18:49.325745,,2026-06-30 19:18:49.325745
27,867,2132,Email,I'm missing an item from my order.,Missing Item,,,High,Closed,,Human,,2025-12-09 16:19:56,,2025-12-09 23:08:43.735296,2025-12-10 07:36:06.139105,2025-12-10 07:36:06.139105
28,528,,Chat,Just have a quick question for your support team.,Other,,,Low,Closed,,Human,,2026-02-24 16:00:00,,2026-02-26 09:42:11.912525,2026-02-28 12:15:15.286110,2026-02-28 12:15:15.286110
29,60,2474,Chat,"I'd like an update on my order tracking, please.",Order Status Inquiry,,,Low,New,,,,2026-06-30 00:17:28,,2026-06-30 07:12:59.549213,,2026-06-30 07:12:59.549213
30,733,3886,Contact Form,One of the items in my order is defective.,Damaged Product,,,High,Closed,,Human,,2025-12-02 08:32:59,,2025-12-02 11:13:36.041373,2025-12-04 02:58:00.216189,2025-12-04 02:58:00.216189
31,660,,Chat,I want to raise a formal complaint about how my order was handled.,Complaint,,,Urgent,Closed,,Human,,2024-09-07 11:00:00,,2024-09-07 12:48:09.692064,2024-09-08 03:17:10.129383,2024-09-08 03:17:10.129383
32,770,477,Chat,My package arrived but one of the products wasn't inside.,Missing Item,,,High,Closed,,Human,,2025-06-15 19:20:06,,2025-06-16 05:36:48.369077,2025-06-17 10:56:59.855448,2025-06-17 10:56:59.855448
33,316,959,Email,This is the second issue I've had and I'm frustrated with the service.,Complaint,,,Urgent,Pending Customer,,,,2026-06-27 21:59:37,,2026-06-27 23:36:00.170698,,2026-06-27 23:36:00.170698
34,164,299,Email,"I'd like an update on my order tracking, please.",Order Status Inquiry,,,Low,Resolved,,Human,,2026-06-26 08:12:48,,2026-06-27 12:21:10.686723,2026-06-29 16:08:24.536152,2026-06-29 16:08:24.536152
35,263,,Email,This is the second issue I've had and I'm frustrated with the service.,Complaint,,,Urgent,Reopened,,Human,,2025-07-26 11:00:00,,2025-07-26 13:41:48.178457,2025-07-26 20:07:20.339664,2025-07-26 20:07:20.339664
36,931,1297,Chat,I only received part of my order — something is missing.,Missing Item,,,Low,Closed,,Human,,2025-11-02 19:07:15,,2025-11-03 16:17:56.934060,2025-11-05 04:16:20.736830,2025-11-05 04:16:20.736830
37,871,,Email,"Hi, can you tell me the current status of my order? It hasn't updated in a while.",Order Status Inquiry,,,Low,Closed,,Human,,2026-02-25 08:00:00,,2026-02-27 19:16:34.123411,2026-02-28 08:04:26.596053,2026-02-28 08:04:26.596053
38,242,,Email,I can't log into my account anymore.,Account Problem,,,Low,Closed,,Human,,2024-04-10 12:00:00,,2024-04-10 22:44:34.011882,2024-04-12 08:33:45.233759,2024-04-12 08:33:45.233759
39,114,1631,Email,Please process a refund for the order I placed.,Refund Request,,,Medium,Closed,,Human,,2026-03-23 18:01:50,,2026-03-24 20:22:54.000420,2026-03-26 18:20:26.398219,2026-03-26 18:20:26.398219
40,269,3682,Chat,Just checking in on when my package will arrive.,Order Status Inquiry,,,Low,In Progress,,,,2026-06-30 18:30:00,,,,2026-06-30 18:30:00.000000
41,669,,Chat,I need help resetting my password.,Account Problem,,,Medium,Closed,,Human,,2026-04-08 17:00:00,,2026-04-09 19:50:32.252540,2026-04-10 06:22:26.013091,2026-04-10 06:22:26.013091
42,571,2859,Email,I only received part of my order — something is missing.,Missing Item,,,Low,Reopened,,Human,,2026-02-28 03:03:00,,2026-02-28 14:57:13.376641,2026-03-01 10:04:50.518717,2026-03-01 10:04:50.518717
43,35,3124,Email,The tracking says my package is delayed. What's going on?,Delivery Delay,,,Medium,Resolved,,Human,,2026-06-12 19:34:06,,2026-06-13 15:15:38.164857,2026-06-15 08:10:58.443429,2026-06-15 08:10:58.443429
44,902,3205,Chat,"This item didn't meet my expectations, can I get my money back?",Refund Request,,,Medium,Closed,,Human,,2025-05-24 11:11:31,,2025-05-24 20:54:37.603949,2025-05-28 19:51:06.766041,2025-05-28 19:51:06.766041
45,196,,Chat,I was charged twice for the same order.,Payment Problem,,,High,Closed,,Human,,2024-07-29 13:00:00,,2024-07-30 03:22:30.147277,2024-07-31 18:45:03.084131,2024-07-31 18:45:03.084131
46,771,2561,Phone,I'm very unhappy with my recent experience and want to file a complaint.,Complaint,,,Urgent,Closed,,Human,,2026-04-08 10:47:18,,2026-04-08 16:19:24.847940,2026-04-09 14:13:12.839197,2026-04-09 14:13:12.839197
47,239,2487,Email,I'd like to request a refund for my recent order.,Refund Request,,,Medium,Closed,,Human,,2025-06-21 18:51:37,,2025-06-21 20:41:23.531966,2025-06-24 01:08:41.968219,2025-06-24 01:08:41.968219
48,94,3574,Email,This is the second issue I've had and I'm frustrated with the service.,Complaint,,,Urgent,Resolved,,Human,,2025-03-17 23:45:05,,2025-03-18 03:51:00.154032,2025-03-18 07:23:34.238032,2025-03-18 07:23:34.238032
49,938,,Chat,Just checking in on when my package will arrive.,Order Status Inquiry,,,Low,Closed,,Human,,2026-04-01 19:00:00,,2026-04-03 21:08:12.263460,2026-04-06 17:55:26.354431,2026-04-06 17:55:26.354431
50,308,1970,Email,My order was supposed to arrive days ago and it still hasn't shown up.,Delivery Delay,,,Medium,Closed,,Human,,2025-12-12 22:02:19,,2025-12-14 02:42:06.661560,2025-12-15 06:41:40.535706,2025-12-15 06:41:40.535706
51,581,457,Email,I'm very unhappy with my recent experience and want to file a complaint.,Complaint,,,Urgent,Closed,,Human,,2025-12-07 22:07:33,,2025-12-08 00:43:15.763069,2025-12-08 12:34:46.625437,2025-12-08 12:34:46.625437
52,61,,Chat,Can you tell me more about the materials used in this item?,Product Question,,,Low,Closed,,Human,,2025-10-09 10:00:00,,2025-10-10 08:45:06.696036,2025-10-11 20:40:49.538577,2025-10-11 20:40:49.538577
53,198,2781,Email,My package arrived but one of the products wasn't inside.,Missing Item,,,High,Closed,,Human,,2026-01-05 04:31:35,,2026-01-05 07:06:30.134505,2026-01-06 11:58:08.343348,2026-01-06 11:58:08.343348
54,655,2572,Email,Please process a refund for the order I placed.,Refund Request,,,Medium,Reopened,,Human,,2024-11-13 10:32:51,,2024-11-13 22:35:20.755856,2024-11-16 02:56:30.879042,2024-11-16 02:56:30.879042
55,165,,Email,Does this product come in other sizes or colors?,Product Question,,,Low,Closed,,Human,,2025-10-16 14:00:00,,2025-10-16 23:33:05.834197,2025-10-17 09:15:30.075400,2025-10-17 09:15:30.075400
56,199,3509,Chat,I'd like to request a refund for my recent order.,Refund Request,,,Medium,Closed,,Human,,2025-08-11 23:19:23,,2025-08-12 00:45:44.223304,2025-08-12 18:12:59.125385,2025-08-12 18:12:59.125385
57,790,,Contact Form,This is the second issue I've had and I'm frustrated with the service.,Complaint,,,Urgent,Closed,,Human,,2026-05-04 09:00:00,,2026-05-04 12:06:35.652760,2026-05-04 14:08:34.835979,2026-05-04 14:08:34.835979
58,274,,Chat,Can you tell me more about the materials used in this item?,Product Question,,,Medium,Closed,,Human,,2026-01-28 14:00:00,,2026-01-28 20:36:44.367638,2026-02-01 11:32:43.055876,2026-02-01 11:32:43.055876
59,249,173,Email,I was charged twice for the same order.,Payment Problem,,,High,Resolved,,Human,,2025-09-11 13:53:48,,2025-09-11 16:45:27.129245,2025-09-12 07:46:06.670588,2025-09-12 07:46:06.670588
60,34,1563,Chat,Please process a refund for the order I placed.,Refund Request,,,Medium,Resolved,,Human,,2025-11-25 15:28:47,,2025-11-26 22:24:43.388764,2025-11-29 17:38:29.411921,2025-11-29 17:38:29.411921
61,289,,Contact Form,Does this product come in other sizes or colors?,Product Question,,,Low,Closed,,Human,,2025-08-05 12:00:00,,2025-08-06 05:21:46.092021,2025-08-08 19:57:13.440763,2025-08-08 19:57:13.440763
62,402,2519,Chat,My payment failed but the amount was still deducted from my account.,Payment Problem,,,High,Closed,,Human,,2026-04-17 08:43:29,,2026-04-18 02:08:14.311173,2026-04-19 09:26:59.962578,2026-04-19 09:26:59.962578
63,766,,Chat,Is this product compatible with other accessories I own?,Product Question,,,Low,Closed,,Human,,2025-10-14 20:00:00,,2025-10-15 14:47:04.034098,2025-10-16 17:48:58.142107,2025-10-16 17:48:58.142107
64,874,,Email,Just checking in on when my package will arrive.,Order Status Inquiry,,,Low,Closed,,Human,,2024-09-10 12:00:00,,2024-09-10 22:39:52.977165,2024-09-13 16:42:52.237894,2024-09-13 16:42:52.237894
65,322,1726,Email,I'm still waiting on my delivery and the expected date has already passed.,Delivery Delay,,,Medium,Reopened,,Human,,2026-04-12 13:13:11,,2026-04-12 15:17:05.671101,2026-04-13 14:23:41.486097,2026-04-13 14:23:41.486097
66,669,3887,Phone,"I'd like an update on my order tracking, please.",Order Status Inquiry,,,Low,In Progress,,,,2026-06-27 22:10:14,,2026-06-30 07:09:08.582132,,2026-06-30 07:09:08.582132
67,594,,Email,My payment failed but the amount was still deducted from my account.,Payment Problem,,,Urgent,Resolved,,Human,,2026-04-07 12:00:00,,2026-04-07 12:43:13.320641,2026-04-07 17:15:14.058582,2026-04-07 17:15:14.058582
68,400,3329,Chat,"I'd like an update on my order tracking, please.",Order Status Inquiry,,,Low,New,,,,2026-06-29 01:48:06,,2026-06-29 14:07:58.267026,,2026-06-29 14:07:58.267026
69,4,31,Chat,This is the second issue I've had and I'm frustrated with the service.,Complaint,,,Urgent,Escalated,,,,2026-01-17 09:47:27,,2026-01-17 11:16:09.965478,,2026-01-17 11:16:09.965478
70,612,3232,Chat,There's an issue with the charge on my card for this order.,Payment Problem,,,High,Closed,,Human,,2026-06-03 00:36:47,,2026-06-03 10:36:26.388043,2026-06-04 00:04:04.188818,2026-06-04 00:04:04.188818
71,500,,Phone,Does this product come in other sizes or colors?,Product Question,,,Low,Closed,,Human,,2025-05-09 15:00:00,,2025-05-11 09:20:28.523255,2025-05-14 04:19:20.498608,2025-05-14 04:19:20.498608
72,105,1903,Chat,My package arrived but one of the products wasn't inside.,Missing Item,,,High,Closed,,Human,,2026-03-23 05:21:07,,2026-03-23 15:02:01.356743,2026-03-25 02:18:22.844673,2026-03-25 02:18:22.844673
73,956,,Chat,"Hi, can you tell me the current status of my order? It hasn't updated in a while.",Order Status Inquiry,,,Low,Closed,,Human,,2023-09-25 18:00:00,,2023-09-27 23:11:04.472048,2023-09-28 11:26:53.479763,2023-09-28 11:26:53.479763
74,310,,Email,I have a general question that doesn't fit the other categories.,Other,,,Medium,Resolved,,Human,,2026-05-19 19:00:00,,2026-05-21 04:34:36.434232,2026-05-24 13:06:37.434058,2026-05-24 13:06:37.434058
75,222,2027,Email,I'm very unhappy with my recent experience and want to file a complaint.,Complaint,,,Urgent,Closed,,Human,,2025-07-01 21:32:34,,2025-07-02 00:54:57.426386,2025-07-02 10:56:30.338135,2025-07-02 10:56:30.338135
76,89,903,Contact Form,The item I received arrived broken/damaged.,Damaged Product,,,High,Resolved,,Human,,2025-11-21 23:37:50,,2025-11-22 00:11:43.187631,2025-11-23 23:12:12.391133,2025-11-23 23:12:12.391133
77,191,501,Email,Just checking in on when my package will arrive.,Order Status Inquiry,,,Medium,New,,,,2026-06-29 18:23:12,,2026-06-30 10:50:42.234414,,2026-06-30 10:50:42.234414
78,888,,Contact Form,Does this product come in other sizes or colors?,Product Question,,,Medium,Closed,,Human,,2026-06-03 17:00:00,,2026-06-04 18:11:10.880916,2026-06-08 08:17:08.661321,2026-06-08 08:17:08.661321
79,443,,Chat,I'd like to request a refund for my recent order.,Refund Request,,,Medium,Resolved,,Human,,2026-04-23 19:00:00,,2026-04-24 20:49:59.391228,2026-04-25 15:13:27.811603,2026-04-25 15:13:27.811603
80,999,1759,Email,I only received part of my order — something is missing.,Missing Item,,,High,Closed,,Human,,2025-07-25 06:41:59,,2025-07-25 15:07:27.290697,2025-07-26 04:18:50.358863,2025-07-26 04:18:50.358863
81,342,565,Chat,I'd like to request a refund for my recent order.,Refund Request,,,Medium,Resolved,,Human,,2026-03-10 17:59:32,,2026-03-11 01:01:34.938357,2026-03-14 01:03:51.653755,2026-03-14 01:03:51.653755
82,331,,Email,This is the second issue I've had and I'm frustrated with the service.,Complaint,,,Urgent,Closed,,Human,,2026-05-07 09:00:00,,2026-05-07 12:16:10.299161,2026-05-08 00:09:21.851520,2026-05-08 00:09:21.851520
83,988,3844,Chat,My order was supposed to arrive days ago and it still hasn't shown up.,Delivery Delay,,,Medium,Escalated,,,,2026-06-15 10:29:20,,2026-06-15 13:38:10.322537,,2026-06-15 13:38:10.322537
84,662,,Chat,"I'd like an update on my order tracking, please.",Order Status Inquiry,,,Low,Closed,,Human,,2026-04-30 19:00:00,,2026-05-01 07:13:49.916197,2026-05-01 15:39:34.544690,2026-05-01 15:39:34.544690
85,135,3340,Chat,My order was supposed to arrive days ago and it still hasn't shown up.,Delivery Delay,,,Medium,Reopened,,Human,,2025-10-26 23:13:35,,2025-10-28 00:43:57.524255,2025-10-31 08:47:57.935831,2025-10-31 08:47:57.935831
86,396,3318,Chat,One of the items in my order is defective.,Damaged Product,,,High,Escalated,,,,2026-06-02 10:31:30,,2026-06-02 23:28:05.311714,,2026-06-02 23:28:05.311714
87,444,937,Contact Form,My order showed up with visible damage to the packaging and product.,Damaged Product,,,High,Closed,,Human,,2026-06-07 21:56:48,,2026-06-08 07:09:12.056124,2026-06-08 23:18:40.019733,2026-06-08 23:18:40.019733
88,69,,Email,This is the second issue I've had and I'm frustrated with the service.,Complaint,,,Urgent,Resolved,,Human,,2026-06-17 16:00:00,,2026-06-17 16:48:01.394681,2026-06-18 00:55:20.257668,2026-06-18 00:55:20.257668
89,100,3261,Email,I'm missing an item from my order.,Missing Item,,,High,Resolved,,Human,,2023-08-27 08:47:58,,2023-08-27 12:11:39.970130,2023-08-29 10:02:58.993908,2023-08-29 10:02:58.993908
90,836,1603,Chat,Just checking in on when my package will arrive.,Order Status Inquiry,,,Low,Escalated,,,,2026-06-26 16:22:23,,2026-06-28 02:20:30.927506,,2026-06-28 02:20:30.927506
91,160,305,Email,Does this product come in other sizes or colors?,Product Question,,,Low,Closed,,Human,,2025-06-05 18:13:08,,2025-06-06 08:23:35.360736,2025-06-06 15:34:51.072551,2025-06-06 15:34:51.072551
92,859,2491,Phone,The tracking says my package is delayed. What's going on?,Delivery Delay,,,Medium,Closed,,Human,,2025-12-18 18:12:45,,2025-12-19 23:51:49.866204,2025-12-22 11:43:11.543400,2025-12-22 11:43:11.543400
93,903,,Phone,I have a general question that doesn't fit the other categories.,Other,,,Low,Closed,,Human,,2025-12-29 17:00:00,,2025-12-31 13:14:03.851764,2026-01-02 21:21:27.899949,2026-01-02 21:21:27.899949
94,308,2535,Email,The item I received arrived broken/damaged.,Damaged Product,,,High,Closed,,Human,,2025-12-30 14:42:52,,2025-12-30 16:53:40.839536,2025-12-31 19:29:06.622698,2025-12-31 19:29:06.622698
95,946,790,Contact Form,Can you tell me more about the materials used in this item?,Product Question,,,Low,Closed,,Human,,2025-02-26 21:59:35,,2025-02-28 15:13:13.858519,2025-03-02 14:34:50.560067,2025-03-02 14:34:50.560067
96,708,1575,Email,I'd like to request a refund for my recent order.,Refund Request,,,Medium,Closed,,Human,,2025-06-22 19:22:54,,2025-06-23 00:58:13.942565,2025-06-25 16:51:28.695188,2025-06-25 16:51:28.695188
97,837,,Chat,I can't log into my account anymore.,Account Problem,,,Medium,Reopened,,Human,,2025-03-31 17:00:00,,2025-04-01 12:08:13.033253,2025-04-04 15:09:52.818803,2025-04-04 15:09:52.818803
98,234,,Chat,"Hi, can you tell me the current status of my order? It hasn't updated in a while.",Order Status Inquiry,,,Low,Closed,,Human,,2025-05-05 08:00:00,,2025-05-06 18:15:25.568299,2025-05-09 11:17:35.350151,2025-05-09 11:17:35.350151
99,711,,Email,"I'd like an update on my order tracking, please.",Order Status Inquiry,,,Low,Closed,,Human,,2024-01-06 08:00:00,,2024-01-07 20:17:29.988370,2024-01-09 00:02:19.983980,2024-01-09 00:02:19.983980
100,378,894,Email,My package arrived but one of the products wasn't inside.,Missing Item,,,Low,Closed,,Human,,2025-08-13 17:02:02,,2025-08-15 22:51:51.413661,2025-08-17 16:53:35.260135,2025-08-17 16:53:35.260135
101,250,2084,Chat,The tracking says my package is delayed. What's going on?,Delivery Delay,,,Medium,In Progress,,,,2026-06-22 21:42:18,,2026-06-23 02:59:31.731303,,2026-06-23 02:59:31.731303
102,141,993,Chat,I'd like to request a refund for my recent order.,Refund Request,,,Medium,Closed,,Human,,2026-03-30 19:52:52,,2026-03-31 05:33:08.971769,2026-04-01 13:30:47.459986,2026-04-01 13:30:47.459986
103,102,3413,Email,Please process a refund for the order I placed.,Refund Request,,,Medium,Closed,,Human,,2026-05-21 16:37:44,,2026-05-23 01:18:51.175560,2026-05-24 14:57:38.256644,2026-05-24 14:57:38.256644
104,691,1730,Email,The tracking says my package is delayed. What's going on?,Delivery Delay,,,High,Escalated,,,,2025-03-25 21:04:27,,2025-03-26 12:17:35.386493,,2025-03-26 12:17:35.386493
105,342,,Phone,"Hi, can you tell me the current status of my order? It hasn't updated in a while.",Order Status Inquiry,,,Low,Closed,,Human,,2026-02-25 10:00:00,,2026-02-26 19:21:11.570401,2026-03-01 06:04:34.289083,2026-03-01 06:04:34.289083
106,127,,Contact Form,I need help resetting my password.,Account Problem,,,Medium,Resolved,,Human,,2026-03-08 08:00:00,,2026-03-08 17:40:37.034426,2026-03-11 10:04:59.130504,2026-03-11 10:04:59.130504
107,71,2319,Email,My package arrived but one of the products wasn't inside.,Missing Item,,,High,Resolved,,Human,,2026-06-23 17:51:13,,2026-06-24 03:23:24.266193,2026-06-25 03:52:28.891637,2026-06-25 03:52:28.891637
108,647,545,Chat,My order was supposed to arrive days ago and it still hasn't shown up.,Delivery Delay,,,Medium,Closed,,Human,,2025-11-02 18:02:22,,2025-11-03 00:51:22.829038,2025-11-06 01:54:50.156270,2025-11-06 01:54:50.156270
109,988,3844,Phone,My order was supposed to arrive days ago and it still hasn't shown up.,Delivery Delay,,,Medium,Closed,,Human,,2026-05-17 23:16:07,,2026-05-18 19:42:27.565800,2026-05-20 08:29:42.015978,2026-05-20 08:29:42.015978
110,367,3932,Chat,"This item didn't meet my expectations, can I get my money back?",Refund Request,,,Medium,Closed,,Human,,2025-06-24 11:39:05,,2025-06-25 10:39:58.661799,2025-06-26 09:46:49.663422,2025-06-26 09:46:49.663422
111,414,12,Contact Form,"I'd like an update on my order tracking, please.",Order Status Inquiry,,,Low,In Progress,,,,2026-06-27 17:36:03,,2026-06-28 09:56:17.297784,,2026-06-28 09:56:17.297784
112,52,3696,Chat,"Hi, can you tell me the current status of my order? It hasn't updated in a while.",Order Status Inquiry,,,Low,Closed,,Human,,2026-06-21 12:38:28,,2026-06-22 07:12:14.556634,2026-06-24 20:11:00.236461,2026-06-24 20:11:00.236461
113,102,,Email,Is this product compatible with other accessories I own?,Product Question,,,Medium,Closed,,Human,,2026-05-23 08:00:00,,2026-05-23 12:16:30.657109,2026-05-24 07:40:03.644071,2026-05-24 07:40:03.644071
114,852,,Email,I was charged twice for the same order.,Payment Problem,,,High,Closed,,Human,,2025-06-16 13:00:00,,2025-06-16 22:57:40.833105,2025-06-17 22:28:22.285984,2025-06-17 22:28:22.285984
115,4,,Phone,There's an issue with the charge on my card for this order.,Payment Problem,,,High,Resolved,,Human,,2026-02-14 16:00:00,,2026-02-15 03:44:05.144952,2026-02-15 15:28:08.103777,2026-02-15 15:28:08.103777
116,6,2093,Email,Please process a refund for the order I placed.,Refund Request,,,Medium,Closed,,Human,,2026-04-13 22:17:22,,2026-04-14 20:28:59.795990,2026-04-18 01:13:30.471077,2026-04-18 01:13:30.471077
117,6,,Phone,I'm very unhappy with my recent experience and want to file a complaint.,Complaint,,,Urgent,Closed,,Human,,2026-06-01 08:00:00,,2026-06-01 12:15:54.219303,2026-06-02 10:49:35.526207,2026-06-02 10:49:35.526207
118,671,579,Chat,Just checking in on when my package will arrive.,Order Status Inquiry,,,Low,Pending Customer,,,,2026-06-28 10:20:37,,2026-06-30 08:13:06.562331,,2026-06-30 08:13:06.562331
119,760,,Phone,I need help resetting my password.,Account Problem,,,Medium,Closed,,Human,,2026-01-02 18:00:00,,2026-01-03 11:01:52.368339,2026-01-04 11:45:13.118256,2026-01-04 11:45:13.118256
120,187,3812,Chat,I only received part of my order — something is missing.,Missing Item,,,Low,New,,,,2026-06-30 04:59:24,,2026-06-30 23:41:56.293505,,2026-06-30 23:41:56.293505
121,134,,Email,My payment failed but the amount was still deducted from my account.,Payment Problem,,,Medium,Closed,,Human,,2026-03-04 11:00:00,,2026-03-04 17:50:05.307274,2026-03-07 14:07:29.468308,2026-03-07 14:07:29.468308
122,833,2115,Email,Just checking in on when my package will arrive.,Order Status Inquiry,,,Low,Pending Customer,,,,2026-06-26 05:30:05,,2026-06-27 16:25:39.483419,,2026-06-27 16:25:39.483419
123,200,1569,Chat,My order showed up with visible damage to the packaging and product.,Damaged Product,,,High,Closed,,Human,,2025-07-21 12:29:15,,2025-07-22 02:25:58.107684,2025-07-22 06:10:48.880789,2025-07-22 06:10:48.880789
124,77,2213,Phone,This is the second issue I've had and I'm frustrated with the service.,Complaint,,,Urgent,Closed,,Human,,2025-08-09 21:48:23,,2025-08-10 00:50:51.575611,2025-08-10 10:37:39.025170,2025-08-10 10:37:39.025170
125,680,,Email,Can you tell me more about the materials used in this item?,Product Question,,,Low,Resolved,,Human,,2025-10-18 15:00:00,,2025-10-20 04:51:50.123774,2025-10-23 00:20:53.331944,2025-10-23 00:20:53.331944
126,47,2461,Chat,I'm missing an item from my order.,Missing Item,,,High,Closed,,Human,,2025-10-07 15:56:42,,2025-10-08 05:08:47.042978,2025-10-08 21:33:32.481327,2025-10-08 21:33:32.481327
127,489,268,Chat,The item I received arrived broken/damaged.,Damaged Product,,,High,Resolved,,Human,,2025-08-12 13:02:52,,2025-08-12 21:55:31.164127,2025-08-14 03:17:40.728016,2025-08-14 03:17:40.728016
128,105,2425,Chat,I'm still waiting on my delivery and the expected date has already passed.,Delivery Delay,,,Medium,Reopened,,Human,,2026-03-11 06:35:10,,2026-03-12 06:13:55.642664,2026-03-15 03:03:55.808265,2026-03-15 03:03:55.808265
129,538,970,Phone,Please process a refund for the order I placed.,Refund Request,,,Urgent,Closed,,Human,,2026-06-03 08:28:21,,2026-06-03 10:22:18.099944,2026-06-03 13:23:10.282198,2026-06-03 13:23:10.282198
130,180,,Contact Form,My account information seems to be incorrect and I can't update it.,Account Problem,,,Medium,Closed,,Human,,2024-03-11 09:00:00,,2024-03-11 16:57:08.541346,2024-03-12 15:38:53.876890,2024-03-12 15:38:53.876890
131,892,2705,Chat,My order was supposed to arrive days ago and it still hasn't shown up.,Delivery Delay,,,Medium,Resolved,,Human,,2026-06-04 00:24:17,,2026-06-05 11:52:26.932138,2026-06-07 03:55:50.609773,2026-06-07 03:55:50.609773
132,744,,Chat,"Hi, can you tell me the current status of my order? It hasn't updated in a while.",Order Status Inquiry,,,Low,Closed,,Human,,2026-01-03 14:00:00,,2026-01-04 17:14:15.229814,2026-01-05 14:37:27.413021,2026-01-05 14:37:27.413021
133,885,1011,Chat,The item I received arrived broken/damaged.,Damaged Product,,,Medium,Resolved,,Human,,2025-08-05 20:32:33,,2025-08-07 04:21:27.330874,2025-08-10 10:19:08.337159,2025-08-10 10:19:08.337159
134,391,,Chat,"Hi, can you tell me the current status of my order? It hasn't updated in a while.",Order Status Inquiry,,,Urgent,Resolved,,Human,,2024-08-09 17:00:00,,2024-08-09 22:58:31.288380,2024-08-10 20:32:49.486510,2024-08-10 20:32:49.486510
135,570,,Email,Can you tell me more about the materials used in this item?,Product Question,,,Low,Closed,,Human,,2025-12-20 12:00:00,,2025-12-21 03:28:17.490887,2025-12-23 04:12:51.993563,2025-12-23 04:12:51.993563
136,189,2447,Chat,My payment failed but the amount was still deducted from my account.,Payment Problem,,,High,Closed,,Human,,2026-05-18 06:36:25,,2026-05-18 21:36:09.906527,2026-05-19 20:58:06.662985,2026-05-19 20:58:06.662985
137,754,1516,Contact Form,"This item didn't meet my expectations, can I get my money back?",Refund Request,,,Medium,Escalated,,,,2025-10-28 14:57:53,,2025-10-29 17:14:35.218306,,2025-10-29 17:14:35.218306
138,379,678,Email,This is the second issue I've had and I'm frustrated with the service.,Complaint,,,Low,In Progress,,,,2026-06-30 08:34:03,,,,2026-06-30 08:34:03.000000
139,188,417,Contact Form,"This item didn't meet my expectations, can I get my money back?",Refund Request,,,Medium,Closed,,Human,,2026-04-15 16:15:18,,2026-04-17 00:17:52.430126,2026-04-18 09:08:05.676647,2026-04-18 09:08:05.676647
140,973,,Email,Just have a quick question for your support team.,Other,,,Low,Closed,,Human,,2026-03-22 09:00:00,,2026-03-24 02:15:39.714166,2026-03-26 12:52:06.106997,2026-03-26 12:52:06.106997
141,892,2879,Chat,I'm missing an item from my order.,Missing Item,,,High,In Progress,,,,2026-06-27 21:25:03,,2026-06-28 04:08:07.399175,,2026-06-28 04:08:07.399175
142,652,359,Email,My order showed up with visible damage to the packaging and product.,Damaged Product,,,High,Closed,,Human,,2025-03-03 15:25:50,,2025-03-03 20:32:56.793898,2025-03-04 17:57:13.457858,2025-03-04 17:57:13.457858
143,563,,Chat,Is this product compatible with other accessories I own?,Product Question,,,Low,Closed,,Human,,2026-05-28 13:00:00,,2026-05-30 01:41:52.999995,2026-05-31 00:57:44.679907,2026-05-31 00:57:44.679907
144,907,,Email,Does this product come in other sizes or colors?,Product Question,,,Low,Closed,,Human,,2026-01-27 15:00:00,,2026-01-29 06:21:35.959995,2026-01-30 14:20:02.290533,2026-01-30 14:20:02.290533
145,848,829,Email,"I'd like an update on my order tracking, please.",Order Status Inquiry,,,Low,New,,,,2026-06-30 23:42:35,,,,2026-06-30 23:42:35.000000
146,177,,Chat,Does this product come in other sizes or colors?,Product Question,,,Medium,Resolved,,Human,,2025-07-13 17:00:00,,2025-07-15 03:08:45.074670,2025-07-15 22:29:34.322900,2025-07-15 22:29:34.322900
147,337,2465,Chat,I'm missing an item from my order.,Missing Item,,,High,Resolved,,Human,,2025-11-25 16:39:16,,2025-11-25 21:30:09.920195,2025-11-27 13:08:38.669249,2025-11-27 13:08:38.669249
148,105,2208,Social Media,I'd like to request a refund for my recent order.,Refund Request,,,Medium,Pending Customer,,,,2026-06-28 23:49:20,,2026-06-29 01:57:04.655337,,2026-06-29 01:57:04.655337
149,953,3533,Email,"I'd like an update on my order tracking, please.",Order Status Inquiry,,,Low,In Progress,,,,2026-06-29 13:40:14,,2026-06-30 05:35:48.574471,,2026-06-30 05:35:48.574471
150,42,,Email,My account information seems to be incorrect and I can't update it.,Account Problem,,,Medium,Resolved,,Human,,2026-02-07 18:00:00,,2026-02-09 03:36:01.469750,2026-02-11 15:20:34.925854,2026-02-11 15:20:34.925854
151,797,686,Chat,My package arrived but one of the products wasn't inside.,Missing Item,,,High,Closed,,Human,,2026-05-09 08:02:20,,2026-05-09 10:14:06.790702,2026-05-10 06:30:30.600911,2026-05-10 06:30:30.600911
152,236,3616,Chat,Please process a refund for the order I placed.,Refund Request,,,High,In Progress,,,,2026-06-28 08:01:04,,2026-06-28 18:50:14.333413,,2026-06-28 18:50:14.333413
153,229,1070,Social Media,"I'd like an update on my order tracking, please.",Order Status Inquiry,,,Low,In Progress,,,,2026-06-30 07:08:10,,,,2026-06-30 07:08:10.000000
154,610,2629,Chat,My payment failed but the amount was still deducted from my account.,Payment Problem,,,High,Closed,,Human,,2026-01-31 05:04:24,,2026-01-31 16:11:40.607625,2026-02-02 07:20:21.930066,2026-02-02 07:20:21.930066
155,154,,Chat,Can you tell me more about the materials used in this item?,Product Question,,,Low,Closed,,Human,,2026-04-06 18:00:00,,2026-04-08 10:14:35.452768,2026-04-09 14:07:49.633367,2026-04-09 14:07:49.633367
156,34,238,Chat,My package arrived but one of the products wasn't inside.,Missing Item,,,High,Closed,,Human,,2026-01-10 17:58:05,,2026-01-10 20:01:35.041326,2026-01-12 06:19:22.865432,2026-01-12 06:19:22.865432
157,229,780,Social Media,"Hi, can you tell me the current status of my order? It hasn't updated in a while.",Order Status Inquiry,,,Low,In Progress,,,,2026-06-29 21:02:16,,,,2026-06-29 21:02:16.000000
158,554,3660,Chat,The item I received arrived broken/damaged.,Damaged Product,,,High,Resolved,,Human,,2025-11-24 23:45:58,,2025-11-25 14:41:14.210929,2025-11-26 10:51:11.656383,2025-11-26 10:51:11.656383
159,368,1438,Chat,My order showed up with visible damage to the packaging and product.,Damaged Product,,,High,Escalated,,,,2026-05-20 11:36:08,,2026-05-20 21:23:10.829371,,2026-05-20 21:23:10.829371
160,891,,Chat,I need help resetting my password.,Account Problem,,,Medium,Reopened,,Human,,2025-06-13 15:00:00,,2025-06-14 01:22:42.113785,2025-06-15 21:18:07.594471,2025-06-15 21:18:07.594471
161,644,,Phone,I'm very unhappy with my recent experience and want to file a complaint.,Complaint,,,Urgent,Closed,,Human,,2025-03-29 11:00:00,,2025-03-29 15:04:19.674891,2025-03-30 04:53:54.471184,2025-03-30 04:53:54.471184
162,305,206,Email,Just checking in on when my package will arrive.,Order Status Inquiry,,,Low,In Progress,,,,2026-06-30 19:40:20,,,,2026-06-30 19:40:20.000000
163,733,3800,Email,The tracking says my package is delayed. What's going on?,Delivery Delay,,,Medium,Closed,,Human,,2025-07-14 22:45:13,,2025-07-14 23:50:12.736594,2025-07-17 12:35:13.165108,2025-07-17 12:35:13.165108
164,229,2881,Chat,"Hi, can you tell me the current status of my order? It hasn't updated in a while.",Order Status Inquiry,,,Low,Pending Customer,,,,2026-06-28 10:35:58,,2026-06-28 18:48:13.891804,,2026-06-28 18:48:13.891804
165,306,1838,Social Media,I'm very unhappy with my recent experience and want to file a complaint.,Complaint,,,Urgent,Closed,,Human,,2025-02-26 03:15:19,,2025-02-26 07:17:43.852771,2025-02-27 01:11:46.437068,2025-02-27 01:11:46.437068
166,716,,Email,I have a general question that doesn't fit the other categories.,Other,,,Medium,Closed,,Human,,2025-11-21 08:00:00,,2025-11-22 03:09:28.003555,2025-11-24 22:06:32.484963,2025-11-24 22:06:32.484963
167,552,2395,Chat,I'd like to request a refund for my recent order.,Refund Request,,,Medium,Closed,,Human,,2026-02-23 14:44:53,,2026-02-24 02:56:02.230201,2026-02-26 14:36:28.878286,2026-02-26 14:36:28.878286
168,563,,Chat,My account information seems to be incorrect and I can't update it.,Account Problem,,,Medium,Closed,,Human,,2025-06-06 19:00:00,,2025-06-07 15:02:03.599066,2025-06-09 04:37:05.552444,2025-06-09 04:37:05.552444
169,117,571,Phone,Please process a refund for the order I placed.,Refund Request,,,Medium,In Progress,,,,2026-06-30 21:07:31,,,,2026-06-30 21:07:31.000000
170,52,1865,Phone,My order was supposed to arrive days ago and it still hasn't shown up.,Delivery Delay,,,Medium,Escalated,,,,2026-06-28 13:51:22,,2026-06-29 07:25:58.796860,,2026-06-29 07:25:58.796860
171,99,385,Email,I'm missing an item from my order.,Missing Item,,,High,Escalated,,,,2026-06-28 14:43:35,,2026-06-28 16:41:29.280641,,2026-06-28 16:41:29.280641
172,514,1860,Phone,Just checking in on when my package will arrive.,Order Status Inquiry,,,Low,In Progress,,,,2026-06-30 19:22:30,,,,2026-06-30 19:22:30.000000
173,499,1848,Chat,I'm still waiting on my delivery and the expected date has already passed.,Delivery Delay,,,Medium,Resolved,,Human,,2026-04-24 11:43:38,,2026-04-25 22:22:16.981119,2026-04-28 05:38:16.895371,2026-04-28 05:38:16.895371
174,197,726,Chat,The item I received arrived broken/damaged.,Damaged Product,,,High,Reopened,,Human,,2025-04-07 12:25:58,,2025-04-08 04:48:52.020308,2025-04-08 18:50:53.196296,2025-04-08 18:50:53.196296
175,867,2950,Email,"This item didn't meet my expectations, can I get my money back?",Refund Request,,,High,Resolved,,Human,,2026-06-28 17:33:51,,2026-06-29 04:55:11.855596,2026-06-30 21:13:09.284458,2026-06-30 21:13:09.284458
176,647,545,Email,I'm still waiting on my delivery and the expected date has already passed.,Delivery Delay,,,Medium,Closed,,Human,,2025-12-02 17:54:36,,2025-12-03 04:31:24.798678,2025-12-06 10:46:36.180575,2025-12-06 10:46:36.180575
177,771,,Email,"Hi, can you tell me the current status of my order? It hasn't updated in a while.",Order Status Inquiry,,,Low,Closed,,Human,,2025-03-27 12:00:00,,2025-03-29 16:35:30.522619,2025-03-29 23:48:49.640273,2025-03-29 23:48:49.640273
178,724,,Email,Does this product come in other sizes or colors?,Product Question,,,Low,Closed,,Human,,2024-11-24 14:00:00,,2024-11-24 23:05:37.579287,2024-11-27 21:20:54.803285,2024-11-27 21:20:54.803285
179,857,,Social Media,I'm missing an item from my order.,Missing Item,,,High,Closed,,Human,,2024-05-11 12:00:00,,2024-05-12 00:15:53.954073,2024-05-14 00:12:08.732699,2024-05-14 00:12:08.732699
180,737,2737,Chat,"Hi, can you tell me the current status of my order? It hasn't updated in a while.",Order Status Inquiry,,,Medium,New,,,,2026-06-30 18:27:03,,,,2026-06-30 18:27:03.000000
181,64,3237,Phone,Just checking in on when my package will arrive.,Order Status Inquiry,,,Low,New,,,,2026-06-30 16:26:00,,,,2026-06-30 16:26:00.000000
182,902,768,Email,I'm missing an item from my order.,Missing Item,,,Urgent,Escalated,,,,2025-03-17 11:53:49,,2025-03-17 16:56:22.545533,,2025-03-17 16:56:22.545533
183,711,3077,Contact Form,The tracking says my package is delayed. What's going on?,Delivery Delay,,,Low,Reopened,,Human,,2024-06-23 23:43:54,,2024-06-25 00:43:40.426384,2024-06-26 14:49:24.837061,2024-06-26 14:49:24.837061
184,269,3425,Email,The tracking says my package is delayed. What's going on?,Delivery Delay,,,Medium,Closed,,Human,,2026-03-31 13:56:16,,2026-04-01 17:14:57.321140,2026-04-03 19:43:54.282902,2026-04-03 19:43:54.282902
185,249,2230,Email,"This item didn't meet my expectations, can I get my money back?",Refund Request,,,Medium,Closed,,Human,,2026-05-31 01:30:50,,2026-06-01 06:50:33.394009,2026-06-03 16:56:33.742250,2026-06-03 16:56:33.742250
186,229,3759,Email,Just checking in on when my package will arrive.,Order Status Inquiry,,,Low,Pending Customer,,,,2026-06-25 13:20:37,,2026-06-27 11:32:08.771656,,2026-06-27 11:32:08.771656
187,274,2866,Chat,I'm missing an item from my order.,Missing Item,,,High,Closed,,Human,,2026-06-07 12:27:59,,2026-06-08 02:57:05.169200,2026-06-10 02:18:24.215493,2026-06-10 02:18:24.215493
188,179,118,Email,Just checking in on when my package will arrive.,Order Status Inquiry,,,Low,In Progress,,,,2026-06-29 18:17:45,,,,2026-06-29 18:17:45.000000
189,832,1024,Chat,I'm still waiting on my delivery and the expected date has already passed.,Delivery Delay,,,Medium,Resolved,,Human,,2026-02-19 07:09:58,,2026-02-19 13:55:35.128477,2026-02-21 15:41:14.599795,2026-02-21 15:41:14.599795
190,754,1516,Email,My order showed up with visible damage to the packaging and product.,Damaged Product,,,High,Escalated,,,,2025-10-30 01:08:45,,2025-10-30 12:11:50.114147,,2025-10-30 12:11:50.114147
191,650,747,Email,I only received part of my order — something is missing.,Missing Item,,,High,Closed,,Human,,2025-11-22 19:38:05,,2025-11-23 03:14:16.613809,2025-11-25 01:41:26.935549,2025-11-25 01:41:26.935549
192,892,3766,Phone,I only received part of my order — something is missing.,Missing Item,,,High,Closed,,Human,,2026-06-14 12:46:10,,2026-06-14 19:50:54.717428,2026-06-16 08:39:49.776834,2026-06-16 08:39:49.776834
193,269,3425,Chat,The tracking says my package is delayed. What's going on?,Delivery Delay,,,Medium,Closed,,Human,,2026-03-31 00:16:54,,2026-03-31 08:16:21.317933,2026-04-03 02:16:00.930939,2026-04-03 02:16:00.930939
194,422,,Chat,I need help resetting my password.,Account Problem,,,Medium,Closed,,Human,,2026-03-15 10:00:00,,2026-03-15 21:22:21.179949,2026-03-16 14:33:04.432430,2026-03-16 14:33:04.432430
195,616,806,Contact Form,The item I received arrived broken/damaged.,Damaged Product,,,High,Closed,,Human,,2025-07-31 05:12:18,,2025-07-31 11:06:17.147042,2025-08-02 03:20:31.895677,2025-08-02 03:20:31.895677
196,649,1231,Email,"Hi, can you tell me the current status of my order? It hasn't updated in a while.",Order Status Inquiry,,,Low,In Progress,,,,2026-06-30 13:50:02,,,,2026-06-30 13:50:02.000000
197,541,2421,Email,Please process a refund for the order I placed.,Refund Request,,,Medium,Resolved,,Human,,2026-06-13 14:23:37,,2026-06-13 16:45:10.133558,2026-06-15 17:19:27.166100,2026-06-15 17:19:27.166100
198,814,3029,Chat,"Hi, can you tell me the current status of my order? It hasn't updated in a while.",Order Status Inquiry,,,Low,Escalated,,,,2026-06-26 09:14:18,,2026-06-27 17:11:52.490929,,2026-06-27 17:11:52.490929
199,961,2347,Phone,The item I received arrived broken/damaged.,Damaged Product,,,High,Escalated,,,,2026-02-12 04:35:04,,2026-02-12 07:34:43.590720,,2026-02-12 07:34:43.590720
200,368,1551,Phone,I only received part of my order — something is missing.,Missing Item,,,High,Resolved,,Human,,2026-06-25 21:28:40,,2026-06-26 13:14:07.934782,2026-06-28 08:51:50.926780,2026-06-28 08:51:50.926780
201,957,,Social Media,Reaching out about something unrelated to a specific order.,Other,,,Low,In Progress,,,,2026-06-15 09:00:00,,2026-06-17 00:25:40.084678,,2026-06-17 00:25:40.084678
202,797,2201,Social Media,This is the second issue I've had and I'm frustrated with the service.,Complaint,,,Urgent,Resolved,,Human,,2026-05-17 00:15:46,,2026-05-17 04:40:13.255703,2026-05-17 20:45:41.229342,2026-05-17 20:45:41.229342
203,509,3741,Email,Please process a refund for the order I placed.,Refund Request,,,Low,Resolved,,Human,,2026-06-12 13:43:28,,2026-06-14 18:38:44.793310,2026-06-16 07:48:01.473557,2026-06-16 07:48:01.473557
204,756,2217,Chat,I'm still waiting on my delivery and the expected date has already passed.,Delivery Delay,,,Medium,Escalated,,,,2026-06-10 03:42:52,,2026-06-10 07:50:53.748911,,2026-06-10 07:50:53.748911
205,765,,Chat,Is this product compatible with other accessories I own?,Product Question,,,Medium,Closed,,Human,,2026-02-28 13:00:00,,2026-03-02 00:31:48.486976,2026-03-05 07:16:11.203612,2026-03-05 07:16:11.203612
206,236,3965,Email,"Hi, can you tell me the current status of my order? It hasn't updated in a while.",Order Status Inquiry,,,Low,In Progress,,,,2026-06-30 14:33:48,,,,2026-06-30 14:33:48.000000
207,191,501,Phone,"Hi, can you tell me the current status of my order? It hasn't updated in a while.",Order Status Inquiry,,,Low,In Progress,,,,2026-06-28 20:39:55,,2026-06-29 22:22:01.608665,,2026-06-29 22:22:01.608665
208,104,33,Email,I'm still waiting on my delivery and the expected date has already passed.,Delivery Delay,,,Medium,Resolved,,Human,,2026-02-24 05:10:50,,2026-02-25 07:41:58.579714,2026-02-25 23:09:16.234225,2026-02-25 23:09:16.234225
209,840,,Chat,"Hi, can you tell me the current status of my order? It hasn't updated in a while.",Order Status Inquiry,,,Low,Closed,,Human,,2025-05-20 10:00:00,,2025-05-21 20:59:05.951305,2025-05-23 19:44:11.243365,2025-05-23 19:44:11.243365
210,396,917,Email,I'd like to request a refund for my recent order.,Refund Request,,,Medium,Closed,,Human,,2026-05-28 02:59:59,,2026-05-29 05:13:21.915556,2026-05-30 10:42:53.606803,2026-05-30 10:42:53.606803
211,534,2633,Email,I'm missing an item from my order.,Missing Item,,,High,Closed,,Human,,2025-08-18 09:57:38,,2025-08-18 22:46:42.273912,2025-08-20 22:24:57.614913,2025-08-20 22:24:57.614913
212,801,,Email,I want to raise a formal complaint about how my order was handled.,Complaint,,,Urgent,Closed,,Human,,2024-02-17 14:00:00,,2024-02-17 19:51:49.459603,2024-02-17 21:00:07.756785,2024-02-17 21:00:07.756785
213,958,,Email,My payment failed but the amount was still deducted from my account.,Payment Problem,,,High,Resolved,,Human,,2023-07-04 10:00:00,,2023-07-04 17:44:57.870704,2023-07-06 17:43:07.402401,2023-07-06 17:43:07.402401
214,749,1479,Social Media,Just checking in on when my package will arrive.,Order Status Inquiry,,,Low,Pending Customer,,,,2026-06-28 09:48:26,,2026-06-30 16:29:49.952952,,2026-06-30 16:29:49.952952
215,414,12,Email,"Hi, can you tell me the current status of my order? It hasn't updated in a while.",Order Status Inquiry,,,High,In Progress,,,,2026-06-29 02:20:54,,2026-06-29 10:47:26.862863,,2026-06-29 10:47:26.862863
216,110,2367,Contact Form,There's an issue with the charge on my card for this order.,Payment Problem,,,High,In Progress,,,,2026-06-28 13:31:35,,2026-06-29 01:44:24.896066,,2026-06-29 01:44:24.896066
217,448,546,Email,One of the items in my order is defective.,Damaged Product,,,Urgent,Closed,,Human,,2023-07-22 04:48:30,,2023-07-22 10:00:59.612972,2023-07-23 00:17:03.768416,2023-07-23 00:17:03.768416
218,848,926,Phone,I want to raise a formal complaint about how my order was handled.,Complaint,,,Urgent,Closed,,Human,,2026-02-20 16:45:16,,2026-02-20 21:29:35.435995,2026-02-21 08:30:25.699010,2026-02-21 08:30:25.699010
219,953,3515,Chat,"Hi, can you tell me the current status of my order? It hasn't updated in a while.",Order Status Inquiry,,,Medium,In Progress,,,,2026-06-29 21:29:39,,2026-06-30 11:36:32.316753,,2026-06-30 11:36:32.316753
220,614,1697,Email,I'm still waiting on my delivery and the expected date has already passed.,Delivery Delay,,,Medium,Closed,,Human,,2025-12-17 06:04:55,,2025-12-18 06:00:44.908642,2025-12-21 23:16:14.381474,2025-12-21 23:16:14.381474
221,45,2529,Social Media,This is the second issue I've had and I'm frustrated with the service.,Complaint,,,Urgent,Closed,,Human,,2025-10-03 16:49:16,,2025-10-03 21:59:11.984024,2025-10-04 05:26:45.184127,2025-10-04 05:26:45.184127
222,188,417,Phone,I'd like to request a refund for my recent order.,Refund Request,,,Medium,Resolved,,Human,,2026-05-16 21:50:24,,2026-05-17 09:19:56.458796,2026-05-18 22:16:55.952807,2026-05-18 22:16:55.952807
223,548,3569,Email,My order showed up with visible damage to the packaging and product.,Damaged Product,,,High,In Progress,,,,2026-06-25 00:36:16,,2026-06-25 11:16:02.710687,,2026-06-25 11:16:02.710687
224,893,2335,Email,Please process a refund for the order I placed.,Refund Request,,,Medium,Resolved,,Human,,2026-06-12 01:04:51,,2026-06-12 17:13:03.778793,2026-06-13 15:11:40.432317,2026-06-13 15:11:40.432317
225,478,1853,Email,Just checking in on when my package will arrive.,Order Status Inquiry,,,Urgent,New,,,,2026-06-30 03:40:36,,2026-06-30 04:08:08.788494,,2026-06-30 04:08:08.788494
226,685,,Email,I can't log into my account anymore.,Account Problem,,,Medium,Closed,,Human,,2025-05-06 15:00:00,,2025-05-06 17:14:10.948256,2025-05-10 05:18:00.521819,2025-05-10 05:18:00.521819
227,269,3682,Email,"I'd like an update on my order tracking, please.",Order Status Inquiry,,,Medium,In Progress,,,,2026-06-28 22:57:22,,2026-06-30 08:59:07.509610,,2026-06-30 08:59:07.509610
228,221,510,Email,The tracking says my package is delayed. What's going on?,Delivery Delay,,,Medium,Closed,,Human,,2025-02-25 05:51:39,,2025-02-26 09:34:55.172962,2025-02-28 18:32:04.289979,2025-02-28 18:32:04.289979
229,104,,Chat,I'd like to request a refund for my recent order.,Refund Request,,,Low,Closed,,Human,,2026-03-29 11:00:00,,2026-03-30 14:06:27.909507,2026-03-31 18:55:05.304535,2026-03-31 18:55:05.304535
230,727,640,Email,Can you tell me more about the materials used in this item?,Product Question,,,Low,Closed,,Human,,2025-09-28 21:48:04,,2025-09-29 10:20:41.429130,2025-10-01 10:59:00.639646,2025-10-01 10:59:00.639646
231,490,727,Email,Please process a refund for the order I placed.,Refund Request,,,Medium,Resolved,,Human,,2025-03-05 19:17:48,,2025-03-07 03:30:35.452330,2025-03-10 07:38:19.158678,2025-03-10 07:38:19.158678
232,301,,Social Media,This is the second issue I've had and I'm frustrated with the service.,Complaint,,,Urgent,Closed,,Human,,2025-05-01 11:00:00,,2025-05-01 13:10:35.432136,2025-05-01 16:50:02.311502,2025-05-01 16:50:02.311502
233,140,2437,Chat,"This item didn't meet my expectations, can I get my money back?",Refund Request,,,Medium,Closed,,Human,,2025-10-17 17:03:31,,2025-10-17 18:54:10.224172,2025-10-20 02:28:10.288154,2025-10-20 02:28:10.288154
234,298,1058,Email,"This item didn't meet my expectations, can I get my money back?",Refund Request,,,Medium,Closed,,Human,,2025-09-26 01:13:31,,2025-09-26 20:26:56.085505,2025-09-29 04:59:38.530497,2025-09-29 04:59:38.530497
235,671,579,Email,"I'd like an update on my order tracking, please.",Order Status Inquiry,,,Low,New,,,,2026-06-30 17:33:59,,,,2026-06-30 17:33:59.000000
236,672,2822,Email,Just checking in on when my package will arrive.,Order Status Inquiry,,,Low,New,,,,2026-06-29 01:48:24,,2026-06-29 16:01:21.578631,,2026-06-29 16:01:21.578631
237,217,297,Chat,"Hi, can you tell me the current status of my order? It hasn't updated in a while.",Order Status Inquiry,,,Low,In Progress,,,,2026-06-26 23:01:43,,2026-06-28 10:16:40.396970,,2026-06-28 10:16:40.396970
238,498,2080,Email,Please process a refund for the order I placed.,Refund Request,,,Medium,Closed,,Human,,2026-06-15 14:41:39,,2026-06-16 12:56:36.440609,2026-06-20 06:34:46.263891,2026-06-20 06:34:46.263891
239,797,2215,Chat,"Hi, can you tell me the current status of my order? It hasn't updated in a while.",Order Status Inquiry,,,Low,In Progress,,,,2026-06-29 16:46:17,,2026-06-30 12:52:04.672852,,2026-06-30 12:52:04.672852
240,141,3678,Email,Please process a refund for the order I placed.,Refund Request,,,Medium,Closed,,Human,,2025-03-22 14:24:26,,2025-03-23 23:01:31.403669,2025-03-27 01:17:42.983117,2025-03-27 01:17:42.983117
241,409,,Phone,My order was supposed to arrive days ago and it still hasn't shown up.,Delivery Delay,,,Medium,Escalated,,,,2026-06-13 08:00:00,,2026-06-14 18:20:56.616182,,2026-06-14 18:20:56.616182
242,162,1489,Chat,Reaching out about something unrelated to a specific order.,Other,,,Low,Closed,,Human,,2026-05-10 12:02:25,,2026-05-10 18:25:38.055457,2026-05-12 15:56:40.261329,2026-05-12 15:56:40.261329
243,119,3929,Chat,My order showed up with visible damage to the packaging and product.,Damaged Product,,,High,Closed,,Human,,2026-04-21 22:35:42,,2026-04-22 15:25:27.559101,2026-04-23 11:03:06.540039,2026-04-23 11:03:06.540039
244,575,1613,Contact Form,My order was supposed to arrive days ago and it still hasn't shown up.,Delivery Delay,,,Medium,Reopened,,Human,,2024-12-21 03:38:46,,2024-12-22 09:05:32.535326,2024-12-24 21:17:01.708595,2024-12-24 21:17:01.708595
245,370,3972,Contact Form,My package arrived but one of the products wasn't inside.,Missing Item,,,High,Closed,,Human,,2025-05-21 05:55:46,,2025-05-21 19:00:36.074646,2025-05-22 08:53:35.519465,2025-05-22 08:53:35.519465
246,366,50,Email,My order was supposed to arrive days ago and it still hasn't shown up.,Delivery Delay,,,Medium,Closed,,Human,,2026-03-09 19:13:33,,2026-03-10 20:31:09.920797,2026-03-11 05:46:45.707701,2026-03-11 05:46:45.707701
247,196,1710,Chat,There's an issue with the charge on my card for this order.,Payment Problem,,,High,Reopened,,Human,,2026-01-10 10:41:27,,2026-01-11 00:36:44.913666,2026-01-12 17:11:35.297999,2026-01-12 17:11:35.297999
248,393,564,Email,Does this product come in other sizes or colors?,Product Question,,,Medium,Closed,,Human,,2025-07-02 21:29:28,,2025-07-03 13:38:18.657016,2025-07-05 01:32:47.231975,2025-07-05 01:32:47.231975
249,269,1878,Chat,"This item didn't meet my expectations, can I get my money back?",Refund Request,,,Medium,Escalated,,,,2026-06-26 00:50:11,,2026-06-27 08:35:38.995148,,2026-06-27 08:35:38.995148
250,836,724,Chat,There's an issue with the charge on my card for this order.,Payment Problem,,,High,New,,,,2026-06-30 12:35:28,,2026-06-30 16:29:44.389745,,2026-06-30 16:29:44.389745
251,459,,Contact Form,This is the second issue I've had and I'm frustrated with the service.,Complaint,,,Urgent,Closed,,Human,,2025-03-10 18:00:00,,2025-03-10 22:47:57.454497,2025-03-11 15:17:18.782973,2025-03-11 15:17:18.782973
252,509,83,Email,My order was supposed to arrive days ago and it still hasn't shown up.,Delivery Delay,,,Medium,Escalated,,,,2026-05-25 17:58:15,,2026-05-25 21:58:48.010459,,2026-05-25 21:58:48.010459
253,611,1787,Contact Form,Can you tell me more about the materials used in this item?,Product Question,,,Low,Reopened,,Human,,2025-07-03 13:59:07,,2025-07-04 16:17:52.335148,2025-07-04 21:56:39.896705,2025-07-04 21:56:39.896705
254,689,,Chat,My order showed up with visible damage to the packaging and product.,Damaged Product,,,High,Resolved,,Human,,2026-06-24 20:00:00,,2026-06-25 09:13:01.115203,2026-06-25 20:57:22.841090,2026-06-25 20:57:22.841090
255,760,2384,Chat,My package arrived but one of the products wasn't inside.,Missing Item,,,High,Reopened,,Human,,2026-02-04 21:32:20,,2026-02-05 06:47:21.246111,2026-02-05 16:56:27.481119,2026-02-05 16:56:27.481119
256,60,2446,Chat,My order was supposed to arrive days ago and it still hasn't shown up.,Delivery Delay,,,Medium,Closed,,Human,,2025-08-13 02:40:51,,2025-08-13 05:47:10.932900,2025-08-16 01:14:03.483129,2025-08-16 01:14:03.483129
257,802,,Chat,I have a general question that doesn't fit the other categories.,Other,,,Low,Reopened,,Human,,2026-05-07 12:00:00,,2026-05-08 04:58:03.795818,2026-05-09 07:29:08.733852,2026-05-09 07:29:08.733852
258,503,,Email,My payment failed but the amount was still deducted from my account.,Payment Problem,,,High,Closed,,Human,,2026-02-13 12:00:00,,2026-02-14 05:48:13.709285,2026-02-15 03:13:51.011833,2026-02-15 03:13:51.011833
259,826,2578,Chat,My order was supposed to arrive days ago and it still hasn't shown up.,Delivery Delay,,,Medium,Closed,,Human,,2026-05-03 16:55:14,,2026-05-04 20:14:03.716325,2026-05-06 04:00:41.905310,2026-05-06 04:00:41.905310
260,963,,Phone,I need help resetting my password.,Account Problem,,,Medium,Reopened,,Human,,2025-12-27 09:00:00,,2025-12-28 13:04:32.049763,2025-12-30 17:44:24.207766,2025-12-30 17:44:24.207766
261,164,299,Email,"I'd like an update on my order tracking, please.",Order Status Inquiry,,,Low,New,,,,2026-06-30 03:16:38,,2026-06-30 12:29:32.346469,,2026-06-30 12:29:32.346469
262,564,1753,Chat,Just checking in on when my package will arrive.,Order Status Inquiry,,,Low,In Progress,,,,2026-06-29 09:27:14,,,,2026-06-29 09:27:14.000000
263,698,2047,Chat,"Hi, can you tell me the current status of my order? It hasn't updated in a while.",Order Status Inquiry,,,Low,Resolved,,Human,,2026-06-27 18:44:51,,2026-06-29 11:02:38.362078,2026-06-30 11:21:45.936091,2026-06-30 11:21:45.936091
264,850,3367,Chat,I'm still waiting on my delivery and the expected date has already passed.,Delivery Delay,,,Medium,Resolved,,Human,,2026-06-17 15:51:56,,2026-06-18 06:18:46.425243,2026-06-19 03:51:43.138358,2026-06-19 03:51:43.138358
265,461,,Email,Just checking in on when my package will arrive.,Order Status Inquiry,,,Low,Closed,,Human,,2025-09-06 14:00:00,,2025-09-07 12:54:13.132174,2025-09-08 09:08:53.115812,2025-09-08 09:08:53.115812
266,35,813,Email,Please process a refund for the order I placed.,Refund Request,,,Low,Closed,,Human,,2024-04-08 21:33:29,,2024-04-10 20:48:02.687444,2024-04-12 07:37:28.456548,2024-04-12 07:37:28.456548
267,800,,Chat,This is the second issue I've had and I'm frustrated with the service.,Complaint,,,Urgent,Closed,,Human,,2025-12-30 19:00:00,,2025-12-30 22:47:06.825983,2025-12-31 15:47:21.146196,2025-12-31 15:47:21.146196
268,60,2474,Phone,"Hi, can you tell me the current status of my order? It hasn't updated in a while.",Order Status Inquiry,,,Medium,New,,,,2026-06-30 04:07:46,,,,2026-06-30 04:07:46.000000
269,358,1702,Phone,One of the items in my order is defective.,Damaged Product,,,High,Closed,,Human,,2023-10-26 22:32:54,,2023-10-27 08:39:42.327282,2023-10-27 22:42:44.278751,2023-10-27 22:42:44.278751
270,492,2951,Email,I'd like to request a refund for my recent order.,Refund Request,,,Medium,Escalated,,,,2026-05-07 17:57:13,,2026-05-08 17:59:47.686082,,2026-05-08 17:59:47.686082
271,979,2311,Phone,Please process a refund for the order I placed.,Refund Request,,,Medium,Closed,,Human,,2025-05-26 13:21:17,,2025-05-27 04:18:03.731888,2025-05-29 01:37:46.914072,2025-05-29 01:37:46.914072
272,396,,Phone,I can't log into my account anymore.,Account Problem,,,Urgent,Closed,,Human,,2026-02-21 14:00:00,,2026-02-21 14:33:51.214228,2026-02-21 16:52:12.009663,2026-02-21 16:52:12.009663
273,267,85,Chat,"Hi, can you tell me the current status of my order? It hasn't updated in a while.",Order Status Inquiry,,,Low,In Progress,,,,2026-06-27 03:46:02,,2026-06-29 15:34:13.864895,,2026-06-29 15:34:13.864895
274,164,3551,Email,I'd like to request a refund for my recent order.,Refund Request,,,Medium,Closed,,Human,,2026-03-30 00:45:33,,2026-03-30 19:11:23.113806,2026-03-31 11:43:20.999237,2026-03-31 11:43:20.999237
275,682,3073,Contact Form,"I'd like an update on my order tracking, please.",Order Status Inquiry,,,Urgent,New,,,,2026-06-29 19:10:16,,2026-06-29 22:30:34.658655,,2026-06-29 22:30:34.658655
276,848,1160,Email,Is this product compatible with other accessories I own?,Product Question,,,Low,Resolved,,Human,,2025-10-13 14:24:53,,2025-10-14 07:49:20.520733,2025-10-15 12:52:16.480059,2025-10-15 12:52:16.480059
277,500,1497,Chat,I'm still waiting on my delivery and the expected date has already passed.,Delivery Delay,,,Low,Closed,,Human,,2025-11-22 15:47:18,,2025-11-24 08:40:49.825915,2025-11-25 22:38:22.809520,2025-11-25 22:38:22.809520
278,861,,Phone,Can you tell me more about the materials used in this item?,Product Question,,,Low,Closed,,Human,,2025-08-17 15:00:00,,2025-08-17 19:54:59.009770,2025-08-18 00:37:50.572380,2025-08-18 00:37:50.572380
279,229,3469,Email,"I'd like an update on my order tracking, please.",Order Status Inquiry,,,Low,New,,,,2026-06-30 09:23:31,,2026-06-30 20:36:35.781698,,2026-06-30 20:36:35.781698
280,836,1502,Chat,"Hi, can you tell me the current status of my order? It hasn't updated in a while.",Order Status Inquiry,,,Low,In Progress,,,,2026-06-30 03:26:44,,,,2026-06-30 03:26:44.000000
281,821,2903,Email,"Hi, can you tell me the current status of my order? It hasn't updated in a while.",Order Status Inquiry,,,Low,New,,,,2026-06-30 09:57:20,,2026-06-30 19:37:31.897594,,2026-06-30 19:37:31.897594
282,40,3439,Email,I only received part of my order — something is missing.,Missing Item,,,Low,Escalated,,,,2026-06-28 12:18:02,,2026-06-29 12:28:30.100256,,2026-06-29 12:28:30.100256
283,4,3123,Email,My payment failed but the amount was still deducted from my account.,Payment Problem,,,High,Resolved,,Human,,2026-06-19 09:56:53,,2026-06-19 13:20:41.273988,2026-06-20 12:59:54.583411,2026-06-20 12:59:54.583411
284,529,,Chat,My payment failed but the amount was still deducted from my account.,Payment Problem,,,High,Reopened,,Human,,2025-02-05 15:00:00,,2025-02-05 20:08:57.664605,2025-02-07 04:43:55.310587,2025-02-07 04:43:55.310587
285,390,2035,Email,Just checking in on when my package will arrive.,Order Status Inquiry,,,Low,Pending Customer,,,,2026-06-25 22:04:59,,2026-06-26 11:28:10.642373,,2026-06-26 11:28:10.642373
286,745,,Phone,I'd like to request a refund for my recent order.,Refund Request,,,Medium,Closed,,Human,,2024-07-08 10:00:00,,2024-07-09 02:25:22.900853,2024-07-12 17:29:24.260038,2024-07-12 17:29:24.260038
287,502,,Chat,My account information seems to be incorrect and I can't update it.,Account Problem,,,Medium,Closed,,Human,,2026-05-26 12:00:00,,2026-05-27 00:01:03.176867,2026-05-30 17:53:03.814082,2026-05-30 17:53:03.814082
288,396,3663,Email,I'm very unhappy with my recent experience and want to file a complaint.,Complaint,,,Urgent,Escalated,,,,2026-06-22 04:59:56,,2026-06-22 06:02:43.645609,,2026-06-22 06:02:43.645609
289,698,2047,Email,"I'd like an update on my order tracking, please.",Order Status Inquiry,,,Low,In Progress,,,,2026-06-28 14:45:11,,2026-06-30 17:37:01.876850,,2026-06-30 17:37:01.876850
290,943,,Phone,Is this product compatible with other accessories I own?,Product Question,,,Low,Closed,,Human,,2026-05-07 12:00:00,,2026-05-08 23:26:44.480565,2026-05-09 07:41:18.691818,2026-05-09 07:41:18.691818
291,517,,Chat,I want to raise a formal complaint about how my order was handled.,Complaint,,,Urgent,Closed,,Human,,2026-04-30 08:00:00,,2026-04-30 11:38:43.672950,2026-04-30 18:23:58.227360,2026-04-30 18:23:58.227360
292,264,3795,Email,The tracking says my package is delayed. What's going on?,Delivery Delay,,,Medium,Closed,,Human,,2025-12-02 20:59:33,,2025-12-03 08:17:08.092321,2025-12-07 07:26:07.754756,2025-12-07 07:26:07.754756
293,685,,Chat,I have a general question that doesn't fit the other categories.,Other,,,Low,Reopened,,Human,,2024-12-01 10:00:00,,2024-12-02 20:19:48.386257,2024-12-04 02:52:03.855863,2024-12-04 02:52:03.855863
294,265,3990,Email,"I'd like an update on my order tracking, please.",Order Status Inquiry,,,Low,New,,,,2026-06-30 06:18:28,,,,2026-06-30 06:18:28.000000
295,973,,Email,I can't log into my account anymore.,Account Problem,,,Medium,Reopened,,Human,,2025-12-11 20:00:00,,2025-12-12 21:21:36.768627,2025-12-15 18:07:38.811445,2025-12-15 18:07:38.811445
296,966,2511,Email,I'm still waiting on my delivery and the expected date has already passed.,Delivery Delay,,,Medium,Closed,,Human,,2025-08-14 06:29:48,,2025-08-14 15:42:24.266443,2025-08-16 18:13:48.640990,2025-08-16 18:13:48.640990
297,171,,Phone,Just have a quick question for your support team.,Other,,,Urgent,Escalated,,,,2025-09-22 20:00:00,,2025-09-22 20:36:13.831313,,2025-09-22 20:36:13.831313
298,449,414,Email,I want to raise a formal complaint about how my order was handled.,Complaint,,,Urgent,Closed,,Human,,2026-05-07 08:37:26,,2026-05-07 12:27:14.845243,2026-05-08 03:18:35.072586,2026-05-08 03:18:35.072586
299,379,690,Chat,"I'd like an update on my order tracking, please.",Order Status Inquiry,,,Low,New,,,,2026-06-30 11:40:25,,,,2026-06-30 11:40:25.000000
300,107,1401,Social Media,There's an issue with the charge on my card for this order.,Payment Problem,,,High,Closed,,Human,,2026-01-19 12:22:14,,2026-01-19 13:41:12.929739,2026-01-21 00:03:19.046517,2026-01-21 00:03:19.046517
301,37,363,Chat,One of the items in my order is defective.,Damaged Product,,,High,Resolved,,Human,,2025-07-26 05:33:03,,2025-07-26 23:31:06.834297,2025-07-27 16:11:49.553837,2025-07-27 16:11:49.553837
302,742,,Chat,I'm missing an item from my order.,Missing Item,,,Urgent,Closed,,Human,,2025-10-16 17:00:00,,2025-10-16 19:24:50.635760,2025-10-17 06:29:33.276946,2025-10-17 06:29:33.276946
303,633,1282,Contact Form,"Hi, can you tell me the current status of my order? It hasn't updated in a while.",Order Status Inquiry,,,Low,In Progress,,,,2026-06-30 06:54:34,,,,2026-06-30 06:54:34.000000
304,874,,Chat,Can you tell me more about the materials used in this item?,Product Question,,,Low,Closed,,Human,,2024-02-21 10:00:00,,2024-02-22 15:19:29.889233,2024-02-24 06:06:18.813686,2024-02-24 06:06:18.813686
305,2,2625,Email,"This item didn't meet my expectations, can I get my money back?",Refund Request,,,Medium,Closed,,Human,,2026-03-24 11:17:18,,2026-03-24 21:59:24.511741,2026-03-26 22:46:46.192956,2026-03-26 22:46:46.192956
306,596,1835,Phone,Is this product compatible with other accessories I own?,Product Question,,,Urgent,Closed,,Human,,2026-03-30 03:51:57,,2026-03-30 04:29:47.079605,2026-03-30 14:16:24.398469,2026-03-30 14:16:24.398469
307,573,2071,Email,I only received part of my order — something is missing.,Missing Item,,,High,Escalated,,,,2025-02-08 11:39:13,,2025-02-08 21:36:51.919342,,2025-02-08 21:36:51.919342
308,68,1407,Email,There's an issue with the charge on my card for this order.,Payment Problem,,,High,Reopened,,Human,,2025-06-11 08:29:54,,2025-06-11 19:39:56.783036,2025-06-13 01:04:25.920499,2025-06-13 01:04:25.920499
309,308,44,Email,Is this product compatible with other accessories I own?,Product Question,,,Low,In Progress,,,,2026-06-24 17:07:04,,2026-06-24 19:36:33.885049,,2026-06-24 19:36:33.885049
310,428,3936,Email,The tracking says my package is delayed. What's going on?,Delivery Delay,,,Medium,Closed,,Human,,2026-04-03 07:00:23,,2026-04-03 22:18:19.819875,2026-04-05 10:21:22.413917,2026-04-05 10:21:22.413917
311,825,,Email,My package arrived but one of the products wasn't inside.,Missing Item,,,High,Closed,,Human,,2025-11-29 10:00:00,,2025-11-29 20:28:15.701531,2025-11-30 17:38:29.571279,2025-11-30 17:38:29.571279
312,859,3095,Email,I'm missing an item from my order.,Missing Item,,,High,Closed,,Human,,2026-03-06 15:23:25,,2026-03-07 06:38:20.049333,2026-03-07 12:37:51.995067,2026-03-07 12:37:51.995067
313,213,,Email,My payment failed but the amount was still deducted from my account.,Payment Problem,,,Urgent,Closed,,Human,,2025-12-28 13:00:00,,2025-12-28 13:36:35.024729,2025-12-28 21:17:17.596967,2025-12-28 21:17:17.596967
314,450,,Phone,Can you tell me more about the materials used in this item?,Product Question,,,Low,New,,,,2026-06-29 18:00:00,,,,2026-06-29 18:00:00.000000
315,500,615,Chat,One of the items in my order is defective.,Damaged Product,,,High,Closed,,Human,,2025-09-09 22:50:56,,2025-09-10 10:12:26.697225,2025-09-11 07:46:07.566008,2025-09-11 07:46:07.566008
316,541,,Contact Form,I can't log into my account anymore.,Account Problem,,,Medium,Closed,,Human,,2024-05-09 12:00:00,,2024-05-10 03:26:09.387716,2024-05-11 22:29:07.854175,2024-05-11 22:29:07.854175
317,396,1316,Email,My package arrived but one of the products wasn't inside.,Missing Item,,,High,Closed,,Human,,2026-06-09 04:58:21,,2026-06-09 10:47:20.690467,2026-06-09 17:38:27.739358,2026-06-09 17:38:27.739358
318,458,211,Chat,This is the second issue I've had and I'm frustrated with the service.,Complaint,,,Urgent,In Progress,,,,2026-06-30 21:10:35,,2026-06-30 22:37:28.771465,,2026-06-30 22:37:28.771465
319,368,1585,Email,"Hi, can you tell me the current status of my order? It hasn't updated in a while.",Order Status Inquiry,,,Low,New,,,,2026-06-29 22:02:18,,2026-06-30 19:14:16.102804,,2026-06-30 19:14:16.102804
320,193,871,Email,"Hi, can you tell me the current status of my order? It hasn't updated in a while.",Order Status Inquiry,,,Low,New,,,,2026-06-29 03:45:03,,2026-06-29 13:03:01.650354,,2026-06-29 13:03:01.650354
321,81,1051,Email,The item I received arrived broken/damaged.,Damaged Product,,,High,Closed,,Human,,2025-02-08 10:32:50,,2025-02-09 04:25:40.192306,2025-02-10 17:14:56.903788,2025-02-10 17:14:56.903788
322,960,3185,Chat,I'm very unhappy with my recent experience and want to file a complaint.,Complaint,,,Urgent,Closed,,Human,,2026-04-29 19:19:27,,2026-04-29 22:57:20.463815,2026-04-30 01:44:29.694896,2026-04-30 01:44:29.694896
323,514,1433,Email,One of the items in my order is defective.,Damaged Product,,,High,Pending Customer,,,,2026-06-28 19:17:06,,2026-06-29 08:20:12.108929,,2026-06-29 08:20:12.108929
324,219,,Chat,Is this product compatible with other accessories I own?,Product Question,,,Low,Closed,,Human,,2024-05-27 20:00:00,,2024-05-28 08:13:08.172636,2024-05-28 21:58:35.447324,2024-05-28 21:58:35.447324
325,379,690,Email,"Hi, can you tell me the current status of my order? It hasn't updated in a while.",Order Status Inquiry,,,Low,In Progress,,,,2026-06-29 06:51:28,,,,2026-06-29 06:51:28.000000
326,442,531,Email,Please process a refund for the order I placed.,Refund Request,,,Medium,Closed,,Human,,2024-09-29 11:02:41,,2024-09-30 00:49:36.286305,2024-10-01 03:58:47.638550,2024-10-01 03:58:47.638550
327,600,,Chat,Does this product come in other sizes or colors?,Product Question,,,Low,Closed,,Human,,2026-06-06 13:00:00,,2026-06-06 22:29:52.674866,2026-06-09 05:25:42.936832,2026-06-09 05:25:42.936832
328,396,3663,Social Media,The item I received arrived broken/damaged.,Damaged Product,,,Urgent,New,,,,2026-06-30 17:16:20,,2026-06-30 19:21:09.986713,,2026-06-30 19:21:09.986713
329,382,3231,Chat,I only received part of my order — something is missing.,Missing Item,,,High,Closed,,Human,,2025-09-23 16:16:51,,2025-09-23 21:10:05.983929,2025-09-25 04:50:21.948731,2025-09-25 04:50:21.948731
330,130,2512,Email,My order showed up with visible damage to the packaging and product.,Damaged Product,,,High,Escalated,,,,2026-06-09 11:16:19,,2026-06-10 01:33:13.413322,,2026-06-10 01:33:13.413322
331,399,603,Chat,I'm missing an item from my order.,Missing Item,,,High,Closed,,Human,,2026-05-08 18:53:31,,2026-05-08 21:12:30.040764,2026-05-09 14:34:03.584652,2026-05-09 14:34:03.584652
332,686,3799,Email,Just checking in on when my package will arrive.,Order Status Inquiry,,,Low,Closed,,Human,,2026-06-21 19:17:28,,2026-06-23 12:23:57.627534,2026-06-25 08:33:34.780841,2026-06-25 08:33:34.780841
333,169,,Phone,I want to raise a formal complaint about how my order was handled.,Complaint,,,Urgent,Closed,,Human,,2025-10-05 18:00:00,,2025-10-05 22:37:57.349767,2025-10-06 00:04:44.073120,2025-10-06 00:04:44.073120
334,770,839,Chat,"This item didn't meet my expectations, can I get my money back?",Refund Request,,,Medium,Closed,,Human,,2025-08-20 13:18:12,,2025-08-20 15:38:18.376407,2025-08-22 17:26:36.472727,2025-08-22 17:26:36.472727
335,817,1655,Chat,My order was supposed to arrive days ago and it still hasn't shown up.,Delivery Delay,,,Urgent,Resolved,,Human,,2025-12-05 16:45:59,,2025-12-05 20:14:28.049200,2025-12-06 15:20:20.026951,2025-12-06 15:20:20.026951
336,948,,Phone,Can you tell me more about the materials used in this item?,Product Question,,,Medium,Closed,,Human,,2023-03-14 10:00:00,,2023-03-14 12:55:59.854943,2023-03-15 09:45:33.509776,2023-03-15 09:45:33.509776
337,881,3961,Phone,My order was supposed to arrive days ago and it still hasn't shown up.,Delivery Delay,,,Medium,Closed,,Human,,2026-02-08 12:13:13,,2026-02-08 20:33:15.805912,2026-02-09 23:49:35.556704,2026-02-09 23:49:35.556704
338,373,,Email,My account information seems to be incorrect and I can't update it.,Account Problem,,,Medium,Closed,,Human,,2025-11-29 15:00:00,,2025-11-30 06:35:50.403367,2025-12-02 02:32:20.928713,2025-12-02 02:32:20.928713
339,105,65,Social Media,My payment failed but the amount was still deducted from my account.,Payment Problem,,,High,Closed,,Human,,2026-05-01 09:23:47,,2026-05-01 21:21:59.815525,2026-05-03 15:37:42.152150,2026-05-03 15:37:42.152150
340,859,3953,Social Media,"This item didn't meet my expectations, can I get my money back?",Refund Request,,,Medium,Closed,,Human,,2026-06-18 20:12:01,,2026-06-19 00:21:26.817373,2026-06-19 17:37:28.936365,2026-06-19 17:37:28.936365
341,885,914,Chat,I want to raise a formal complaint about how my order was handled.,Complaint,,,Urgent,Closed,,Human,,2026-03-31 23:40:08,,2026-04-01 03:15:54.880308,2026-04-01 17:55:45.078623,2026-04-01 17:55:45.078623
342,529,2726,Contact Form,I only received part of my order — something is missing.,Missing Item,,,High,In Progress,,,,2026-06-19 15:23:56,,2026-06-20 07:09:48.161932,,2026-06-20 07:09:48.161932
343,509,3694,Phone,The item I received arrived broken/damaged.,Damaged Product,,,High,New,,,,2026-06-29 00:59:26,,2026-06-29 06:40:25.749593,,2026-06-29 06:40:25.749593
344,783,3548,Chat,The tracking says my package is delayed. What's going on?,Delivery Delay,,,Medium,Closed,,Human,,2024-08-27 09:26:59,,2024-08-28 07:18:35.110822,2024-08-30 17:49:50.383063,2024-08-30 17:49:50.383063
345,215,,Contact Form,This is the second issue I've had and I'm frustrated with the service.,Complaint,,,Low,Closed,,Human,,2025-05-30 20:00:00,,2025-06-01 21:57:50.930359,2025-06-03 12:14:02.562235,2025-06-03 12:14:02.562235
346,212,1007,Email,I'm still waiting on my delivery and the expected date has already passed.,Delivery Delay,,,Medium,Closed,,Human,,2026-04-03 15:44:12,,2026-04-05 02:52:59.979690,2026-04-07 02:36:51.935373,2026-04-07 02:36:51.935373
347,942,1700,Phone,I'm missing an item from my order.,Missing Item,,,High,Closed,,Human,,2026-01-26 21:11:08,,2026-01-27 07:43:41.943815,2026-01-28 11:41:33.622199,2026-01-28 11:41:33.622199
348,79,2638,Email,I'm still waiting on my delivery and the expected date has already passed.,Delivery Delay,,,Medium,Resolved,,Human,,2026-06-19 02:38:11,,2026-06-20 11:29:08.413781,2026-06-20 21:27:17.120247,2026-06-20 21:27:17.120247
349,649,1231,Chat,"I'd like an update on my order tracking, please.",Order Status Inquiry,,,Low,In Progress,,,,2026-06-29 23:46:28,,,,2026-06-29 23:46:28.000000
350,272,3457,Chat,Can you tell me more about the materials used in this item?,Product Question,,,Low,Escalated,,,,2026-01-28 21:56:47,,2026-01-31 05:32:46.980808,,2026-01-31 05:32:46.980808
351,498,3268,Chat,I only received part of my order — something is missing.,Missing Item,,,High,Closed,,Human,,2026-04-10 00:51:41,,2026-04-10 03:06:49.993974,2026-04-11 12:18:55.398716,2026-04-11 12:18:55.398716
352,577,863,Phone,Does this product come in other sizes or colors?,Product Question,,,Low,Closed,,Human,,2026-03-04 02:36:19,,2026-03-05 05:01:17.060890,2026-03-05 09:45:16.882192,2026-03-05 09:45:16.882192
353,459,,Email,I want to raise a formal complaint about how my order was handled.,Complaint,,,Urgent,Closed,,Human,,2026-03-14 19:00:00,,2026-03-14 21:52:01.486968,2026-03-15 08:36:04.786348,2026-03-15 08:36:04.786348
354,808,552,Chat,The item I received arrived broken/damaged.,Damaged Product,,,Medium,Closed,,Human,,2025-09-09 10:46:25,,2025-09-10 15:15:46.095687,2025-09-13 00:54:20.873760,2025-09-13 00:54:20.873760
355,938,,Phone,Can you tell me more about the materials used in this item?,Product Question,,,Low,Closed,,Human,,2026-04-27 10:00:00,,2026-04-28 20:00:01.210050,2026-05-01 00:15:34.845368,2026-05-01 00:15:34.845368
356,193,3756,Chat,"Hi, can you tell me the current status of my order? It hasn't updated in a while.",Order Status Inquiry,,,High,New,,,,2026-06-30 09:05:36,,,,2026-06-30 09:05:36.000000
357,316,959,Social Media,Just checking in on when my package will arrive.,Order Status Inquiry,,,Low,In Progress,,,,2026-06-30 22:12:47,,,,2026-06-30 22:12:47.000000
358,485,3781,Chat,I'm missing an item from my order.,Missing Item,,,High,Reopened,,Human,,2025-08-20 10:30:16,,2025-08-21 01:31:41.223054,2025-08-21 23:52:05.782858,2025-08-21 23:52:05.782858
359,649,1231,Chat,Just checking in on when my package will arrive.,Order Status Inquiry,,,Low,New,,,,2026-06-29 14:06:25,,2026-06-29 16:44:13.286350,,2026-06-29 16:44:13.286350
360,373,,Phone,I can't log into my account anymore.,Account Problem,,,Medium,Closed,,Human,,2026-05-06 09:00:00,,2026-05-06 17:49:36.249215,2026-05-08 23:57:03.417439,2026-05-08 23:57:03.417439
361,840,3114,Social Media,"This item didn't meet my expectations, can I get my money back?",Refund Request,,,Medium,Closed,,Human,,2026-04-23 06:28:25,,2026-04-24 11:23:26.810693,2026-04-26 21:40:45.015646,2026-04-26 21:40:45.015646
362,891,3550,Email,I only received part of my order — something is missing.,Missing Item,,,High,Closed,,Human,,2026-01-21 08:34:00,,2026-01-21 10:03:31.348440,2026-01-22 10:44:38.268430,2026-01-22 10:44:38.268430
363,662,3761,Chat,The tracking says my package is delayed. What's going on?,Delivery Delay,,,Medium,Escalated,,,,2026-04-24 07:15:27,,2026-04-25 13:01:06.980739,,2026-04-25 13:01:06.980739
364,727,3365,Phone,I'm still waiting on my delivery and the expected date has already passed.,Delivery Delay,,,Medium,Resolved,,Human,,2026-05-25 22:21:35,,2026-05-26 03:54:57.255296,2026-05-28 03:13:56.646170,2026-05-28 03:13:56.646170
365,612,3232,Email,I'd like to request a refund for my recent order.,Refund Request,,,Medium,Closed,,Human,,2026-05-30 22:52:47,,2026-06-01 07:37:26.195965,2026-06-01 21:03:55.967933,2026-06-01 21:03:55.967933
366,568,592,Email,Just checking in on when my package will arrive.,Order Status Inquiry,,,Low,New,,,,2026-06-29 10:29:42,,,,2026-06-29 10:29:42.000000
367,53,919,Phone,The item I received arrived broken/damaged.,Damaged Product,,,High,Closed,,Human,,2026-06-05 09:50:09,,2026-06-05 15:28:45.191706,2026-06-06 20:02:33.558804,2026-06-06 20:02:33.558804
368,682,3073,Phone,"Hi, can you tell me the current status of my order? It hasn't updated in a while.",Order Status Inquiry,,,Medium,New,,,,2026-06-30 08:11:31,,,,2026-06-30 08:11:31.000000
369,227,3749,Social Media,I'm still waiting on my delivery and the expected date has already passed.,Delivery Delay,,,Urgent,Escalated,,,,2025-06-16 18:14:38,,2025-06-16 22:04:23.294254,,2025-06-16 22:04:23.294254
370,462,613,Chat,I was charged twice for the same order.,Payment Problem,,,High,Resolved,,Human,,2025-10-03 00:58:51,,2025-10-03 16:35:10.922184,2025-10-04 23:55:04.077813,2025-10-04 23:55:04.077813
371,242,208,Email,I'd like to request a refund for my recent order.,Refund Request,,,Medium,Closed,,Human,,2025-04-20 15:11:07,,2025-04-20 23:18:22.824780,2025-04-23 17:49:42.677588,2025-04-23 17:49:42.677588
372,794,,Phone,Is this product compatible with other accessories I own?,Product Question,,,Low,Escalated,,,,2026-06-14 16:00:00,,2026-06-15 18:48:14.202925,,2026-06-15 18:48:14.202925
373,191,1067,Chat,Just checking in on when my package will arrive.,Order Status Inquiry,,,Low,In Progress,,,,2026-06-27 15:09:14,,2026-06-29 19:23:40.794935,,2026-06-29 19:23:40.794935
374,994,,Chat,I was charged twice for the same order.,Payment Problem,,,High,Resolved,,Human,,2025-08-20 14:00:00,,2025-08-20 21:22:36.960411,2025-08-22 15:21:52.663394,2025-08-22 15:21:52.663394
375,577,863,Email,My order showed up with visible damage to the packaging and product.,Damaged Product,,,High,Closed,,Human,,2026-04-05 02:07:15,,2026-04-05 19:35:03.604485,2026-04-05 22:17:42.991586,2026-04-05 22:17:42.991586
376,454,3978,Email,I only received part of my order — something is missing.,Missing Item,,,High,In Progress,,,,2026-06-26 21:29:35,,2026-06-27 12:02:32.590773,,2026-06-27 12:02:32.590773
377,711,3077,Email,The tracking says my package is delayed. What's going on?,Delivery Delay,,,Medium,Closed,,Human,,2024-06-11 15:42:00,,2024-06-12 23:11:11.709861,2024-06-14 22:45:09.467511,2024-06-14 22:45:09.467511
378,243,542,Email,Just checking in on when my package will arrive.,Order Status Inquiry,,,Urgent,New,,,,2026-06-29 20:08:22,,2026-06-29 22:35:10.862382,,2026-06-29 22:35:10.862382
379,615,1919,Chat,The item I received arrived broken/damaged.,Damaged Product,,,High,Closed,,Human,,2025-01-21 13:11:54,,2025-01-21 14:06:52.750504,2025-01-21 22:03:09.308162,2025-01-21 22:03:09.308162
380,958,,Email,"Hi, can you tell me the current status of my order? It hasn't updated in a while.",Order Status Inquiry,,,Low,Closed,,Human,,2024-03-15 20:00:00,,2024-03-16 01:37:56.997479,2024-03-18 12:46:47.498420,2024-03-18 12:46:47.498420
381,259,,Email,This is the second issue I've had and I'm frustrated with the service.,Complaint,,,Urgent,Escalated,,,,2023-12-14 17:00:00,,2023-12-14 20:21:45.989156,,2023-12-14 20:21:45.989156
382,691,3246,Chat,One of the items in my order is defective.,Damaged Product,,,High,Closed,,Human,,2024-06-22 00:06:33,,2024-06-22 15:30:02.074939,2024-06-22 20:01:34.806214,2024-06-22 20:01:34.806214
383,402,1740,Phone,"This item didn't meet my expectations, can I get my money back?",Refund Request,,,Medium,Resolved,,Human,,2026-03-16 16:05:45,,2026-03-17 07:01:39.356323,2026-03-19 06:47:04.979724,2026-03-19 06:47:04.979724
384,373,1437,Chat,I'm very unhappy with my recent experience and want to file a complaint.,Complaint,,,Low,Closed,,Human,,2022-09-18 02:33:48,,2022-09-18 14:55:16.555984,2022-09-20 08:47:59.611380,2022-09-20 08:47:59.611380
385,691,64,Chat,I'm still waiting on my delivery and the expected date has already passed.,Delivery Delay,,,High,Closed,,Human,,2023-09-26 17:16:40,,2023-09-27 09:29:37.633906,2023-09-29 06:16:53.982458,2023-09-29 06:16:53.982458
386,985,,Email,Can you tell me more about the materials used in this item?,Product Question,,,Low,Resolved,,Human,,2026-03-20 13:00:00,,2026-03-21 14:55:44.663615,2026-03-23 18:41:44.248980,2026-03-23 18:41:44.248980
387,770,834,Phone,Just checking in on when my package will arrive.,Order Status Inquiry,,,Low,New,,,,2026-06-29 07:37:00,,2026-06-30 04:57:16.883099,,2026-06-30 04:57:16.883099
388,833,2795,Email,My order was supposed to arrive days ago and it still hasn't shown up.,Delivery Delay,,,Medium,Escalated,,,,2026-06-13 08:53:30,,2026-06-13 19:50:12.229655,,2026-06-13 19:50:12.229655
389,803,2146,Contact Form,I'm missing an item from my order.,Missing Item,,,High,Escalated,,,,2026-01-02 23:07:29,,2026-01-03 04:06:24.178790,,2026-01-03 04:06:24.178790
390,659,,Chat,Can you tell me more about the materials used in this item?,Product Question,,,Low,Resolved,,Human,,2025-03-07 11:00:00,,2025-03-09 20:04:28.400501,2025-03-11 18:52:24.963711,2025-03-11 18:52:24.963711
391,199,1083,Email,I'm missing an item from my order.,Missing Item,,,Urgent,Closed,,Human,,2025-03-11 04:04:27,,2025-03-11 06:20:55.465036,2025-03-11 13:44:58.435566,2025-03-11 13:44:58.435566
392,21,3716,Phone,There's an issue with the charge on my card for this order.,Payment Problem,,,High,Resolved,,Human,,2025-09-12 01:27:18,,2025-09-12 19:26:13.890751,2025-09-13 15:01:56.738826,2025-09-13 15:01:56.738826
393,505,2919,Phone,Just checking in on when my package will arrive.,Order Status Inquiry,,,Low,Pending Customer,,,,2026-06-25 21:03:32,,2026-06-28 07:55:00.795730,,2026-06-28 07:55:00.795730
394,28,924,Email,My order was supposed to arrive days ago and it still hasn't shown up.,Delivery Delay,,,Low,Closed,,Human,,2026-03-23 14:49:08,,2026-03-25 05:46:00.548513,2026-03-27 00:34:29.773325,2026-03-27 00:34:29.773325
395,499,3030,Phone,Does this product come in other sizes or colors?,Product Question,,,Low,Reopened,,Human,,2025-09-20 01:23:05,,2025-09-21 08:41:10.657292,2025-09-21 23:34:39.183506,2025-09-21 23:34:39.183506
396,859,1557,Phone,I'm missing an item from my order.,Missing Item,,,High,Closed,,Human,,2026-06-18 16:58:31,,2026-06-19 06:58:33.637908,2026-06-21 02:32:34.574118,2026-06-21 02:32:34.574118
397,164,3551,Email,One of the items in my order is defective.,Damaged Product,,,High,Escalated,,,,2026-03-09 00:24:51,,2026-03-09 16:34:34.518752,,2026-03-09 16:34:34.518752
398,537,1281,Email,My order was supposed to arrive days ago and it still hasn't shown up.,Delivery Delay,,,Medium,Resolved,,Human,,2025-01-03 20:43:27,,2025-01-05 03:38:46.844091,2025-01-06 10:49:13.222530,2025-01-06 10:49:13.222530
399,929,,Email,My account information seems to be incorrect and I can't update it.,Account Problem,,,Medium,Closed,,Human,,2025-12-16 18:00:00,,2025-12-17 18:56:33.910375,2025-12-18 20:47:13.632183,2025-12-18 20:47:13.632183
400,508,3008,Email,I was charged twice for the same order.,Payment Problem,,,Medium,Closed,,Human,,2024-08-27 19:47:55,,2024-08-28 15:30:30.945969,2024-08-29 17:32:28.593674,2024-08-29 17:32:28.593674
401,654,2000,Chat,I only received part of my order — something is missing.,Missing Item,,,High,Closed,,Human,,2026-06-17 19:40:55,,2026-06-18 12:09:45.252039,2026-06-18 23:31:08.332957,2026-06-18 23:31:08.332957
402,23,,Contact Form,"This item didn't meet my expectations, can I get my money back?",Refund Request,,,Medium,Closed,,Human,,2026-01-23 17:00:00,,2026-01-24 03:09:31.254931,2026-01-26 01:43:50.216264,2026-01-26 01:43:50.216264
403,122,,Chat,Just checking in on when my package will arrive.,Order Status Inquiry,,,Low,Resolved,,Human,,2025-09-23 08:00:00,,2025-09-23 22:39:43.819233,2025-09-25 01:18:19.041004,2025-09-25 01:18:19.041004
404,685,1828,Chat,Just checking in on when my package will arrive.,Order Status Inquiry,,,Low,In Progress,,,,2026-06-26 21:46:14,,2026-06-28 19:34:34.634575,,2026-06-28 19:34:34.634575
405,305,206,Email,Just checking in on when my package will arrive.,Order Status Inquiry,,,Low,New,,,,2026-06-29 14:23:33,,2026-06-29 17:41:58.029845,,2026-06-29 17:41:58.029845
406,669,1078,Chat,"Hi, can you tell me the current status of my order? It hasn't updated in a while.",Order Status Inquiry,,,Low,New,,,,2026-06-29 23:21:10,,,,2026-06-29 23:21:10.000000
407,922,2162,Social Media,Please process a refund for the order I placed.,Refund Request,,,Medium,Closed,,Human,,2023-11-06 18:46:52,,2023-11-07 22:43:03.309065,2023-11-11 16:36:54.719422,2023-11-11 16:36:54.719422
408,836,,Email,I want to raise a formal complaint about how my order was handled.,Complaint,,,Low,Closed,,Human,,2026-06-05 09:00:00,,2026-06-07 06:32:42.972465,2026-06-09 08:26:42.004830,2026-06-09 08:26:42.004830
409,415,2524,Phone,"Hi, can you tell me the current status of my order? It hasn't updated in a while.",Order Status Inquiry,,,Low,In Progress,,,,2026-06-27 02:06:27,,2026-06-27 15:19:15.779355,,2026-06-27 15:19:15.779355
410,698,,Phone,I need help resetting my password.,Account Problem,,,Urgent,Closed,,Human,,2025-07-17 15:00:00,,2025-07-17 16:06:34.288160,2025-07-17 17:39:20.176188,2025-07-17 17:39:20.176188
411,217,,Chat,I'm very unhappy with my recent experience and want to file a complaint.,Complaint,,,Urgent,Closed,,Human,,2025-09-27 13:00:00,,2025-09-27 13:34:02.449343,2025-09-27 23:00:34.922961,2025-09-27 23:00:34.922961
412,940,,Email,I need help resetting my password.,Account Problem,,,Medium,Closed,,Human,,2025-05-18 16:00:00,,2025-05-19 23:50:18.749357,2025-05-22 06:11:33.632052,2025-05-22 06:11:33.632052
413,640,2896,Email,Just checking in on when my package will arrive.,Order Status Inquiry,,,Low,Escalated,,,,2026-06-28 05:57:06,,2026-06-30 10:45:11.513034,,2026-06-30 10:45:11.513034
414,12,,Chat,Does this product come in other sizes or colors?,Product Question,,,Urgent,Closed,,Human,,2025-07-05 10:00:00,,2025-07-05 10:17:21.498531,2025-07-05 23:49:51.269331,2025-07-05 23:49:51.269331
415,261,,Email,My account information seems to be incorrect and I can't update it.,Account Problem,,,Medium,Resolved,,Human,,2025-05-09 08:00:00,,2025-05-10 15:20:42.820264,2025-05-12 17:36:13.454001,2025-05-12 17:36:13.454001
416,343,,Social Media,My order showed up with visible damage to the packaging and product.,Damaged Product,,,High,Resolved,,Human,,2026-05-16 17:00:00,,2026-05-16 23:14:26.639765,2026-05-18 04:25:29.506221,2026-05-18 04:25:29.506221
417,902,3205,Email,Please process a refund for the order I placed.,Refund Request,,,Medium,Resolved,,Human,,2025-05-31 06:27:04,,2025-05-31 21:46:01.672553,2025-06-03 03:55:37.092879,2025-06-03 03:55:37.092879
418,934,,Chat,I want to raise a formal complaint about how my order was handled.,Complaint,,,High,Closed,,Human,,2025-02-04 18:00:00,,2025-02-04 23:04:27.577954,2025-02-06 01:32:07.925076,2025-02-06 01:32:07.925076
419,721,2789,Email,My order showed up with visible damage to the packaging and product.,Damaged Product,,,High,Closed,,Human,,2026-04-22 07:02:06,,2026-04-22 10:23:15.021115,2026-04-24 01:42:49.923443,2026-04-24 01:42:49.923443
420,272,,Email,"I'd like an update on my order tracking, please.",Order Status Inquiry,,,Low,Closed,,Human,,2025-08-24 16:00:00,,2025-08-24 21:23:56.096742,2025-08-27 15:20:16.734898,2025-08-27 15:20:16.734898
421,191,1067,Phone,Just checking in on when my package will arrive.,Order Status Inquiry,,,Low,Escalated,,,,2026-06-27 11:52:05,,2026-06-29 11:10:52.372150,,2026-06-29 11:10:52.372150
422,389,,Contact Form,My payment failed but the amount was still deducted from my account.,Payment Problem,,,High,Pending Customer,,,,2026-06-24 13:00:00,,2026-06-25 06:52:09.369677,,2026-06-25 06:52:09.369677
423,6,2543,Email,"I'd like an update on my order tracking, please.",Order Status Inquiry,,,Low,In Progress,,,,2026-06-28 19:28:07,,2026-06-30 22:45:45.294204,,2026-06-30 22:45:45.294204
424,616,2988,Email,I'm missing an item from my order.,Missing Item,,,High,Escalated,,,,2026-05-17 13:32:44,,2026-05-18 04:51:16.635243,,2026-05-18 04:51:16.635243
425,16,,Email,I was charged twice for the same order.,Payment Problem,,,High,Closed,,Human,,2023-03-30 08:00:00,,2023-03-30 10:11:09.697408,2023-03-31 11:03:42.979726,2023-03-31 11:03:42.979726
426,238,1519,Chat,I was charged twice for the same order.,Payment Problem,,,High,New,,,,2026-06-30 04:54:33,,2026-06-30 22:08:50.690127,,2026-06-30 22:08:50.690127
427,37,1927,Phone,I only received part of my order — something is missing.,Missing Item,,,High,Closed,,Human,,2025-08-26 09:51:40,,2025-08-26 23:56:10.609572,2025-08-27 23:27:23.905303,2025-08-27 23:27:23.905303
428,678,,Chat,"This item didn't meet my expectations, can I get my money back?",Refund Request,,,Medium,Closed,,Human,,2023-07-10 13:00:00,,2023-07-11 22:26:39.976120,2023-07-15 21:17:21.466094,2023-07-15 21:17:21.466094
429,619,,Social Media,Can you tell me more about the materials used in this item?,Product Question,,,Low,Closed,,Human,,2025-08-28 10:00:00,,2025-08-28 21:03:05.558570,2025-08-31 15:28:36.095485,2025-08-31 15:28:36.095485
430,363,,Chat,Does this product come in other sizes or colors?,Product Question,,,Low,Reopened,,Human,,2025-10-23 14:00:00,,2025-10-25 13:19:28.623359,2025-10-26 22:39:14.307355,2025-10-26 22:39:14.307355
431,306,,Email,Is this product compatible with other accessories I own?,Product Question,,,Low,Closed,,Human,,2024-08-29 13:00:00,,2024-08-30 06:52:37.454984,2024-08-31 04:07:29.807449,2024-08-31 04:07:29.807449
432,82,529,Chat,My package arrived but one of the products wasn't inside.,Missing Item,,,High,Reopened,,Human,,2025-08-14 16:26:35,,2025-08-14 19:25:36.747781,2025-08-15 23:04:51.321029,2025-08-15 23:04:51.321029
433,415,784,Chat,"I'd like an update on my order tracking, please.",Order Status Inquiry,,,Low,New,,,,2026-06-30 13:25:22,,2026-06-30 16:47:29.268414,,2026-06-30 16:47:29.268414
434,987,679,Email,"This item didn't meet my expectations, can I get my money back?",Refund Request,,,Medium,Closed,,Human,,2025-02-28 08:29:03,,2025-02-28 10:44:09.285497,2025-03-04 01:56:53.102958,2025-03-04 01:56:53.102958
435,922,666,Phone,I only received part of my order — something is missing.,Missing Item,,,High,Closed,,Human,,2025-01-28 08:33:39,,2025-01-28 23:12:28.703834,2025-01-29 13:36:49.966340,2025-01-29 13:36:49.966340
436,192,,Email,Just have a quick question for your support team.,Other,,,Low,Closed,,Human,,2024-06-04 14:00:00,,2024-06-05 16:18:29.241615,2024-06-06 06:37:07.081296,2024-06-06 06:37:07.081296
437,791,2423,Chat,I only received part of my order — something is missing.,Missing Item,,,Medium,Resolved,,Human,,2025-09-02 16:24:33,,2025-09-03 17:20:26.561597,2025-09-05 22:52:12.902611,2025-09-05 22:52:12.902611
438,930,3021,Email,I only received part of my order — something is missing.,Missing Item,,,High,Reopened,,Human,,2025-10-06 01:14:17,,2025-10-06 04:59:37.804085,2025-10-06 08:34:37.757157,2025-10-06 08:34:37.757157
439,612,723,Email,Is this product compatible with other accessories I own?,Product Question,,,High,Closed,,Human,,2026-06-02 18:29:48,,2026-06-03 08:06:57.977130,2026-06-04 00:55:23.062215,2026-06-04 00:55:23.062215
440,168,2785,Chat,I'm missing an item from my order.,Missing Item,,,Low,Closed,,Human,,2026-03-18 02:40:24,,2026-03-18 17:50:06.887128,2026-03-19 00:32:04.711365,2026-03-19 00:32:04.711365
441,28,,Email,This is the second issue I've had and I'm frustrated with the service.,Complaint,,,Urgent,Closed,,Human,,2025-09-14 10:00:00,,2025-09-14 14:55:00.878888,2025-09-15 07:41:23.124654,2025-09-15 07:41:23.124654
442,164,299,Chat,"I'd like an update on my order tracking, please.",Order Status Inquiry,,,Low,In Progress,,,,2026-06-29 23:28:40,,2026-06-30 17:03:42.107299,,2026-06-30 17:03:42.107299
443,1,5,Email,Can you tell me more about the materials used in this item?,Product Question,,,Low,Closed,,Human,,2025-10-16 18:25:30,,2025-10-17 20:45:14.816366,2025-10-19 03:25:53.531463,2025-10-19 03:25:53.531463
444,243,542,Email,"Hi, can you tell me the current status of my order? It hasn't updated in a while.",Order Status Inquiry,,,Low,New,,,,2026-06-29 16:53:11,,2026-06-30 23:05:24.677014,,2026-06-30 23:05:24.677014
445,162,,Email,Please process a refund for the order I placed.,Refund Request,,,Medium,Closed,,Human,,2026-06-08 12:00:00,,2026-06-09 19:48:07.457564,2026-06-10 13:00:50.127098,2026-06-10 13:00:50.127098
446,119,955,Email,I only received part of my order — something is missing.,Missing Item,,,Low,Closed,,Human,,2025-04-30 09:04:23,,2025-04-30 13:36:55.878467,2025-04-30 20:41:41.323037,2025-04-30 20:41:41.323037
447,957,794,Email,My order was supposed to arrive days ago and it still hasn't shown up.,Delivery Delay,,,Medium,In Progress,,,,2026-06-28 10:51:55,,2026-06-29 00:31:14.862487,,2026-06-29 00:31:14.862487
448,739,2779,Chat,My package arrived but one of the products wasn't inside.,Missing Item,,,Urgent,Escalated,,,,2026-04-18 21:14:19,,2026-04-19 00:20:32.085771,,2026-04-19 00:20:32.085771
449,470,3412,Phone,One of the items in my order is defective.,Damaged Product,,,High,Resolved,,Human,,2026-05-17 13:02:42,,2026-05-18 03:44:11.229565,2026-05-18 06:37:46.244400,2026-05-18 06:37:46.244400
450,938,2686,Chat,I was charged twice for the same order.,Payment Problem,,,High,Closed,,Human,,2026-02-15 20:37:01,,2026-02-16 07:55:49.333147,2026-02-17 19:26:25.946467,2026-02-17 19:26:25.946467
451,681,,Email,I can't log into my account anymore.,Account Problem,,,Medium,Resolved,,Human,,2026-01-18 15:00:00,,2026-01-20 02:11:00.449354,2026-01-23 02:55:17.877897,2026-01-23 02:55:17.877897
452,953,2090,Chat,I'm missing an item from my order.,Missing Item,,,High,Closed,,Human,,2026-06-02 17:57:33,,2026-06-03 06:15:31.220367,2026-06-04 15:44:15.936995,2026-06-04 15:44:15.936995
453,848,655,Chat,My order showed up with visible damage to the packaging and product.,Damaged Product,,,High,Closed,,Human,,2026-04-04 13:20:18,,2026-04-04 14:47:37.375854,2026-04-05 11:03:46.767293,2026-04-05 11:03:46.767293
454,542,505,Social Media,I'm missing an item from my order.,Missing Item,,,High,In Progress,,,,2026-06-21 22:40:32,,2026-06-22 14:52:10.527745,,2026-06-22 14:52:10.527745
455,428,3936,Chat,I'm still waiting on my delivery and the expected date has already passed.,Delivery Delay,,,Medium,Closed,,Human,,2026-03-08 18:54:58,,2026-03-08 23:59:55.849780,2026-03-11 12:17:09.827582,2026-03-11 12:17:09.827582
456,848,1808,Chat,"This item didn't meet my expectations, can I get my money back?",Refund Request,,,Medium,Closed,,Human,,2026-04-23 15:00:29,,2026-04-24 04:26:29.315620,2026-04-27 22:19:17.105612,2026-04-27 22:19:17.105612
457,696,2635,Chat,My payment failed but the amount was still deducted from my account.,Payment Problem,,,High,Resolved,,Human,,2025-05-23 05:10:15,,2025-05-23 14:01:04.786225,2025-05-25 07:49:54.744418,2025-05-25 07:49:54.744418
458,428,2227,Email,"This item didn't meet my expectations, can I get my money back?",Refund Request,,,Low,Closed,,Human,,2026-06-17 15:05:58,,2026-06-18 12:12:59.102263,2026-06-21 02:23:27.387405,2026-06-21 02:23:27.387405
459,299,2298,Email,My payment failed but the amount was still deducted from my account.,Payment Problem,,,High,Closed,,Human,,2023-12-02 04:37:26,,2023-12-02 08:49:08.060228,2023-12-03 00:33:04.503803,2023-12-03 00:33:04.503803
460,672,3877,Email,"I'd like an update on my order tracking, please.",Order Status Inquiry,,,Low,New,,,,2026-06-29 16:45:48,,,,2026-06-29 16:45:48.000000
461,379,678,Email,"I'd like an update on my order tracking, please.",Order Status Inquiry,,,Low,Pending Customer,,,,2026-06-27 20:36:06,,2026-06-29 22:27:04.051662,,2026-06-29 22:27:04.051662
462,479,1857,Chat,There's an issue with the charge on my card for this order.,Payment Problem,,,High,Closed,,Human,,2024-05-02 18:46:19,,2024-05-03 10:00:41.225221,2024-05-04 06:54:35.302192,2024-05-04 06:54:35.302192
463,433,,Chat,I can't log into my account anymore.,Account Problem,,,Medium,Closed,,Human,,2026-04-15 19:00:00,,2026-04-16 21:44:37.389773,2026-04-20 10:40:30.164171,2026-04-20 10:40:30.164171
464,212,3706,Chat,The tracking says my package is delayed. What's going on?,Delivery Delay,,,Medium,Closed,,Human,,2026-04-09 21:38:39,,2026-04-10 05:46:25.112746,2026-04-11 12:43:39.534208,2026-04-11 12:43:39.534208
465,308,2535,Phone,Please process a refund for the order I placed.,Refund Request,,,Urgent,Closed,,Human,,2026-01-16 06:30:48,,2026-01-16 10:59:35.916763,2026-01-17 02:20:28.318276,2026-01-17 02:20:28.318276
466,551,,Chat,My order showed up with visible damage to the packaging and product.,Damaged Product,,,High,Resolved,,Human,,2026-05-04 14:00:00,,2026-05-04 22:55:10.637638,2026-05-06 06:35:56.368446,2026-05-06 06:35:56.368446
467,9,3909,Chat,My payment failed but the amount was still deducted from my account.,Payment Problem,,,Urgent,Closed,,Human,,2026-02-06 13:58:34,,2026-02-06 17:42:29.182288,2026-02-07 17:40:32.239903,2026-02-07 17:40:32.239903
468,189,3852,Email,"I'd like an update on my order tracking, please.",Order Status Inquiry,,,Low,In Progress,,,,2026-06-28 21:20:17,,2026-06-29 05:23:30.945004,,2026-06-29 05:23:30.945004
469,924,,Phone,I was charged twice for the same order.,Payment Problem,,,High,Closed,,Human,,2025-07-13 14:00:00,,2025-07-14 07:45:20.231974,2025-07-14 16:22:35.539025,2025-07-14 16:22:35.539025
470,573,374,Email,Can you tell me more about the materials used in this item?,Product Question,,,Low,Closed,,Human,,2026-04-05 16:23:20,,2026-04-06 05:51:24.223305,2026-04-07 21:25:13.221694,2026-04-07 21:25:13.221694
471,691,3325,Chat,I'm missing an item from my order.,Missing Item,,,High,Reopened,,Human,,2025-07-12 01:08:14,,2025-07-12 07:35:08.835322,2025-07-13 19:12:40.329242,2025-07-13 19:12:40.329242
472,568,3230,Email,"Hi, can you tell me the current status of my order? It hasn't updated in a while.",Order Status Inquiry,,,Low,New,,,,2026-06-30 08:45:30,,2026-06-30 19:38:48.790941,,2026-06-30 19:38:48.790941
473,113,608,Contact Form,"I'd like an update on my order tracking, please.",Order Status Inquiry,,,High,Pending Customer,,,,2026-06-27 04:08:56,,2026-06-27 16:43:18.644614,,2026-06-27 16:43:18.644614
474,453,3347,Email,One of the items in my order is defective.,Damaged Product,,,High,In Progress,,,,2026-06-20 07:23:44,,2026-06-20 13:11:02.931897,,2026-06-20 13:11:02.931897
475,737,3358,Chat,"I'd like an update on my order tracking, please.",Order Status Inquiry,,,High,In Progress,,,,2026-06-28 00:30:08,,2026-06-28 12:31:20.081671,,2026-06-28 12:31:20.081671
476,847,3293,Email,The item I received arrived broken/damaged.,Damaged Product,,,High,Closed,,Human,,2025-08-20 16:34:31,,2025-08-21 02:04:33.472233,2025-08-21 09:25:23.336930,2025-08-21 09:25:23.336930
477,420,,Chat,I can't log into my account anymore.,Account Problem,,,Medium,Closed,,Human,,2026-05-29 10:00:00,,2026-05-30 19:20:51.193064,2026-05-31 13:01:40.314515,2026-05-31 13:01:40.314515
478,367,3436,Email,"This item didn't meet my expectations, can I get my money back?",Refund Request,,,Urgent,Closed,,Human,,2025-11-10 04:51:45,,2025-11-10 10:37:23.962446,2025-11-10 14:16:02.736312,2025-11-10 14:16:02.736312
479,671,579,Chat,Just checking in on when my package will arrive.,Order Status Inquiry,,,Low,Pending Customer,,,,2026-06-28 18:10:31,,2026-06-29 07:15:59.665154,,2026-06-29 07:15:59.665154
480,937,1444,Chat,"This item didn't meet my expectations, can I get my money back?",Refund Request,,,Medium,Pending Customer,,,,2026-06-24 10:27:42,,2026-06-25 20:35:22.707673,,2026-06-25 20:35:22.707673
481,56,,Chat,Can you tell me more about the materials used in this item?,Product Question,,,Low,Resolved,,Human,,2026-06-20 09:00:00,,2026-06-22 04:41:51.122515,2026-06-23 03:42:53.291453,2026-06-23 03:42:53.291453
482,726,,Email,I have a general question that doesn't fit the other categories.,Other,,,Low,Closed,,Human,,2025-10-26 10:00:00,,2025-10-27 08:18:53.442110,2025-10-27 21:50:20.296700,2025-10-27 21:50:20.296700
483,407,1361,Phone,"This item didn't meet my expectations, can I get my money back?",Refund Request,,,Medium,Closed,,Human,,2024-11-05 17:07:53,,2024-11-07 00:07:28.246742,2024-11-08 12:05:16.919447,2024-11-08 12:05:16.919447
484,87,1670,Phone,"This item didn't meet my expectations, can I get my money back?",Refund Request,,,Medium,Resolved,,Human,,2026-06-11 22:48:11,,2026-06-13 10:33:22.413659,2026-06-15 12:44:13.532658,2026-06-15 12:44:13.532658
485,833,2115,Chat,Just checking in on when my package will arrive.,Order Status Inquiry,,,High,Closed,,Human,,2026-06-23 07:07:39,,2026-06-23 22:15:12.588512,2026-06-24 16:55:18.950330,2026-06-24 16:55:18.950330
486,760,2360,Email,I only received part of my order — something is missing.,Missing Item,,,High,Resolved,,Human,,2025-12-28 00:42:51,,2025-12-28 10:46:43.563510,2025-12-29 23:02:48.157795,2025-12-29 23:02:48.157795
487,407,2695,Phone,The tracking says my package is delayed. What's going on?,Delivery Delay,,,Medium,Resolved,,Human,,2023-09-01 14:39:23,,2023-09-02 03:04:09.103206,2023-09-04 23:41:48.758645,2023-09-04 23:41:48.758645
488,236,2832,Email,The tracking says my package is delayed. What's going on?,Delivery Delay,,,Urgent,Closed,,Human,,2026-06-21 10:44:57,,2026-06-21 12:26:06.916862,2026-06-21 17:15:56.061033,2026-06-21 17:15:56.061033
489,399,3481,Email,I'm still waiting on my delivery and the expected date has already passed.,Delivery Delay,,,Medium,In Progress,,,,2026-06-25 17:29:31,,2026-06-26 00:40:47.312716,,2026-06-26 00:40:47.312716
490,458,62,Phone,"I'd like an update on my order tracking, please.",Order Status Inquiry,,,Low,In Progress,,,,2026-06-30 22:44:52,,,,2026-06-30 22:44:52.000000
491,935,,Social Media,My package arrived but one of the products wasn't inside.,Missing Item,,,Medium,Closed,,Human,,2026-03-14 19:00:00,,2026-03-15 03:54:32.946001,2026-03-15 15:43:31.413402,2026-03-15 15:43:31.413402
492,33,421,Chat,"This item didn't meet my expectations, can I get my money back?",Refund Request,,,Medium,Resolved,,Human,,2026-06-10 20:41:07,,2026-06-11 04:46:05.319467,2026-06-12 14:55:18.654900,2026-06-12 14:55:18.654900
493,575,2864,Phone,My order showed up with visible damage to the packaging and product.,Damaged Product,,,High,Closed,,Human,,2025-02-23 01:21:32,,2025-02-23 05:37:57.738430,2025-02-25 01:30:11.120771,2025-02-25 01:30:11.120771
494,777,,Chat,I can't log into my account anymore.,Account Problem,,,Urgent,Closed,,Human,,2025-07-26 17:00:00,,2025-07-26 17:21:55.768196,2025-07-27 12:54:44.545132,2025-07-27 12:54:44.545132
495,116,921,Chat,I'm very unhappy with my recent experience and want to file a complaint.,Complaint,,,Urgent,Closed,,Human,,2025-11-10 21:36:19,,2025-11-11 00:12:32.489484,2025-11-11 05:15:25.218887,2025-11-11 05:15:25.218887
496,847,,Chat,There's an issue with the charge on my card for this order.,Payment Problem,,,High,Closed,,Human,,2024-01-19 09:00:00,,2024-01-19 16:20:41.645926,2024-01-21 00:08:52.081771,2024-01-21 00:08:52.081771
497,337,3880,Chat,I'm still waiting on my delivery and the expected date has already passed.,Delivery Delay,,,Medium,Reopened,,Human,,2025-03-22 03:57:10,,2025-03-22 10:29:34.838985,2025-03-24 22:20:31.170678,2025-03-24 22:20:31.170678
498,396,3022,Email,Please process a refund for the order I placed.,Refund Request,,,Medium,Closed,,Human,,2026-06-08 18:08:15,,2026-06-09 03:08:58.879578,2026-06-12 11:41:27.048981,2026-06-12 11:41:27.048981
499,193,3200,Email,This is the second issue I've had and I'm frustrated with the service.,Complaint,,,Urgent,Closed,,Human,,2025-09-27 09:45:27,,2025-09-27 12:37:31.573684,2025-09-27 13:43:58.477576,2025-09-27 13:43:58.477576
500,213,2497,Email,Please process a refund for the order I placed.,Refund Request,,,Low,Resolved,,Human,,2026-02-21 05:33:20,,2026-02-23 08:43:49.713085,2026-02-24 00:02:42.622422,2026-02-24 00:02:42.622422
501,229,1679,Email,"This item didn't meet my expectations, can I get my money back?",Refund Request,,,Medium,New,,,,2026-06-29 20:50:36,,,,2026-06-29 20:50:36.000000
502,102,3339,Social Media,I'd like to request a refund for my recent order.,Refund Request,,,Low,In Progress,,,,2026-06-29 16:39:00,,2026-06-30 10:40:27.397921,,2026-06-30 10:40:27.397921
503,752,,Email,My payment failed but the amount was still deducted from my account.,Payment Problem,,,High,Closed,,Human,,2025-03-04 20:00:00,,2025-03-04 23:28:39.343116,2025-03-06 20:01:35.594754,2025-03-06 20:01:35.594754
504,508,3992,Chat,One of the items in my order is defective.,Damaged Product,,,High,Closed,,Human,,2025-10-13 00:52:37,,2025-10-13 18:40:49.532675,2025-10-15 04:53:50.209415,2025-10-15 04:53:50.209415
505,264,3786,Phone,I'm still waiting on my delivery and the expected date has already passed.,Delivery Delay,,,Medium,Closed,,Human,,2024-03-29 15:00:50,,2024-03-29 18:54:21.658083,2024-04-02 18:12:38.915167,2024-04-02 18:12:38.915167
506,229,3850,Phone,I only received part of my order — something is missing.,Missing Item,,,Urgent,In Progress,,,,2026-06-24 05:41:52,,2026-06-24 09:29:05.602812,,2026-06-24 09:29:05.602812
507,213,425,Chat,"This item didn't meet my expectations, can I get my money back?",Refund Request,,,Medium,Closed,,Human,,2025-09-11 09:30:19,,2025-09-12 17:35:58.685704,2025-09-15 09:15:57.099997,2025-09-15 09:15:57.099997
508,686,428,Chat,My package arrived but one of the products wasn't inside.,Missing Item,,,High,Pending Customer,,,,2026-06-27 02:59:05,,2026-06-27 12:38:36.855447,,2026-06-27 12:38:36.855447
509,768,1343,Chat,I only received part of my order — something is missing.,Missing Item,,,High,Resolved,,Human,,2026-05-12 22:05:46,,2026-05-13 05:03:43.209889,2026-05-14 16:20:17.966548,2026-05-14 16:20:17.966548
510,396,1975,Email,"I'd like an update on my order tracking, please.",Order Status Inquiry,,,High,In Progress,,,,2026-06-29 14:31:32,,2026-06-30 05:55:41.464881,,2026-06-30 05:55:41.464881
511,486,270,Chat,My order showed up with visible damage to the packaging and product.,Damaged Product,,,Urgent,Resolved,,Human,,2025-04-21 11:58:14,,2025-04-21 15:33:44.263887,2025-04-22 03:22:44.530204,2025-04-22 03:22:44.530204
512,802,,Social Media,Reaching out about something unrelated to a specific order.,Other,,,Medium,Closed,,Human,,2025-11-24 13:00:00,,2025-11-25 00:31:39.581066,2025-11-28 01:01:15.490432,2025-11-28 01:01:15.490432
513,379,643,Email,"Hi, can you tell me the current status of my order? It hasn't updated in a while.",Order Status Inquiry,,,Low,In Progress,,,,2026-06-29 05:31:11,,2026-06-30 14:00:12.838979,,2026-06-30 14:00:12.838979
514,181,,Phone,I need help resetting my password.,Account Problem,,,Medium,Escalated,,,,2025-05-08 19:00:00,,2025-05-10 03:42:54.109957,,2025-05-10 03:42:54.109957
515,708,,Phone,"Hi, can you tell me the current status of my order? It hasn't updated in a while.",Order Status Inquiry,,,Low,Resolved,,Human,,2025-12-29 20:00:00,,2025-12-29 22:49:58.789967,2025-12-31 19:47:50.183618,2025-12-31 19:47:50.183618
516,458,3788,Email,This is the second issue I've had and I'm frustrated with the service.,Complaint,,,Urgent,Pending Customer,,,,2026-06-25 13:46:31,,2026-06-25 19:15:58.176852,,2026-06-25 19:15:58.176852
517,903,,Chat,Can you tell me more about the materials used in this item?,Product Question,,,Low,Closed,,Human,,2023-11-26 17:00:00,,2023-11-28 23:56:16.907740,2023-12-01 22:18:18.643956,2023-12-01 22:18:18.643956
518,881,3961,Chat,My order was supposed to arrive days ago and it still hasn't shown up.,Delivery Delay,,,Medium,Resolved,,Human,,2026-03-01 02:20:46,,2026-03-01 22:53:07.541481,2026-03-04 06:43:46.393506,2026-03-04 06:43:46.393506
519,845,3779,Chat,One of the items in my order is defective.,Damaged Product,,,High,Escalated,,,,2025-08-25 17:48:04,,2025-08-26 01:15:59.034102,,2025-08-26 01:15:59.034102
520,718,1391,Social Media,The tracking says my package is delayed. What's going on?,Delivery Delay,,,Medium,Closed,,Human,,2024-11-08 22:11:50,,2024-11-10 01:31:03.677327,2024-11-12 05:34:17.184244,2024-11-12 05:34:17.184244
521,140,2520,Email,There's an issue with the charge on my card for this order.,Payment Problem,,,High,Resolved,,Human,,2026-06-27 06:27:45,,2026-06-27 23:06:32.490557,2026-06-29 07:04:13.788919,2026-06-29 07:04:13.788919
522,691,64,Email,My order was supposed to arrive days ago and it still hasn't shown up.,Delivery Delay,,,Medium,Closed,,Human,,2023-10-03 13:03:09,,2023-10-03 15:45:13.076917,2023-10-07 12:43:15.538759,2023-10-07 12:43:15.538759
523,787,,Chat,Does this product come in other sizes or colors?,Product Question,,,Low,Closed,,Human,,2026-01-07 08:00:00,,2026-01-07 10:08:19.001750,2026-01-08 14:26:36.716882,2026-01-08 14:26:36.716882
524,686,,Email,My account information seems to be incorrect and I can't update it.,Account Problem,,,Medium,Escalated,,,,2026-04-26 20:00:00,,2026-04-27 04:18:22.535980,,2026-04-27 04:18:22.535980
525,33,,Social Media,Is this product compatible with other accessories I own?,Product Question,,,Low,Closed,,Human,,2024-02-14 17:00:00,,2024-02-16 23:23:28.660951,2024-02-18 10:25:49.038052,2024-02-18 10:25:49.038052
526,439,,Contact Form,Is this product compatible with other accessories I own?,Product Question,,,Low,Escalated,,,,2026-06-08 19:00:00,,2026-06-09 23:17:36.207902,,2026-06-09 23:17:36.207902
527,977,2358,Email,The tracking says my package is delayed. What's going on?,Delivery Delay,,,Medium,Closed,,Human,,2026-03-20 14:01:58,,2026-03-20 19:36:15.419731,2026-03-22 21:11:30.546569,2026-03-22 21:11:30.546569
528,411,,Chat,I'm very unhappy with my recent experience and want to file a complaint.,Complaint,,,Urgent,Closed,,Human,,2025-11-13 08:00:00,,2025-11-13 10:19:09.058777,2025-11-13 18:36:07.871499,2025-11-13 18:36:07.871499
529,222,1709,Email,Please process a refund for the order I placed.,Refund Request,,,Medium,Closed,,Human,,2025-05-23 19:02:15,,2025-05-23 21:12:43.963100,2025-05-24 23:53:43.592368,2025-05-24 23:53:43.592368
530,899,,Phone,I want to raise a formal complaint about how my order was handled.,Complaint,,,Urgent,Reopened,,Human,,2026-04-06 10:00:00,,2026-04-06 13:51:40.416814,2026-04-07 09:24:46.626974,2026-04-07 09:24:46.626974
531,486,270,Chat,I want to raise a formal complaint about how my order was handled.,Complaint,,,Urgent,Closed,,Human,,2025-03-23 04:08:32,,2025-03-23 10:07:18.851987,2025-03-24 10:03:16.183901,2025-03-24 10:03:16.183901
532,261,511,Email,"This item didn't meet my expectations, can I get my money back?",Refund Request,,,Urgent,Closed,,Human,,2023-08-30 10:33:40,,2023-08-30 11:38:28.415177,2023-08-31 09:57:47.347489,2023-08-31 09:57:47.347489
533,409,1386,Email,I want to raise a formal complaint about how my order was handled.,Complaint,,,Urgent,Closed,,Human,,2025-08-12 08:11:10,,2025-08-12 08:53:44.310084,2025-08-12 22:00:01.652806,2025-08-12 22:00:01.652806
534,469,,Contact Form,Does this product come in other sizes or colors?,Product Question,,,Urgent,Pending Customer,,,,2026-06-26 09:00:00,,2026-06-26 09:19:04.288734,,2026-06-26 09:19:04.288734
535,966,2511,Chat,I'm still waiting on my delivery and the expected date has already passed.,Delivery Delay,,,Medium,Closed,,Human,,2025-08-26 01:29:32,,2025-08-26 10:47:29.763274,2025-08-26 15:01:21.012256,2025-08-26 15:01:21.012256
536,238,117,Chat,I'm very unhappy with my recent experience and want to file a complaint.,Complaint,,,Low,Closed,,Human,,2026-06-16 10:10:33,,2026-06-16 23:07:45.128791,2026-06-18 17:00:22.493085,2026-06-18 17:00:22.493085
537,306,1230,Social Media,The tracking says my package is delayed. What's going on?,Delivery Delay,,,Medium,Closed,,Human,,2025-01-18 11:36:37,,2025-01-19 16:10:06.388637,2025-01-20 19:08:08.063961,2025-01-20 19:08:08.063961
538,368,2780,Social Media,Please process a refund for the order I placed.,Refund Request,,,Medium,Resolved,,Human,,2026-06-26 14:39:22,,2026-06-26 19:22:44.787737,2026-06-28 06:55:58.799397,2026-06-28 06:55:58.799397
539,672,3877,Email,Just checking in on when my package will arrive.,Order Status Inquiry,,,Low,New,,,,2026-06-29 06:08:37,,,,2026-06-29 06:08:37.000000
540,664,,Chat,Is this product compatible with other accessories I own?,Product Question,,,Low,Closed,,Human,,2025-07-10 09:00:00,,2025-07-12 19:43:15.124948,2025-07-14 19:46:01.468138,2025-07-14 19:46:01.468138
541,581,,Email,Is this product compatible with other accessories I own?,Product Question,,,Low,Closed,,Human,,2024-06-01 12:00:00,,2024-06-03 14:05:56.365197,2024-06-05 00:32:39.646298,2024-06-05 00:32:39.646298
542,686,3799,Phone,"I'd like an update on my order tracking, please.",Order Status Inquiry,,,Low,Resolved,,Human,,2026-06-23 20:00:03,,2026-06-25 23:16:10.961357,2026-06-26 16:19:10.642890,2026-06-26 16:19:10.642890
543,671,983,Chat,My package arrived but one of the products wasn't inside.,Missing Item,,,High,Closed,,Human,,2026-06-01 06:47:41,,2026-06-01 17:02:55.132065,2026-06-03 03:52:49.258710,2026-06-03 03:52:49.258710
544,366,2256,Contact Form,"I'd like an update on my order tracking, please.",Order Status Inquiry,,,Low,In Progress,,,,2026-06-30 10:04:53,,,,2026-06-30 10:04:53.000000
545,222,2134,Contact Form,I only received part of my order — something is missing.,Missing Item,,,High,Reopened,,Human,,2025-08-24 01:41:42,,2025-08-24 16:38:58.330289,2025-08-25 17:04:49.772639,2025-08-25 17:04:49.772639
546,903,,Contact Form,Does this product come in other sizes or colors?,Product Question,,,Low,Closed,,Human,,2026-02-17 20:00:00,,2026-02-18 21:56:51.391136,2026-02-21 03:22:45.495305,2026-02-21 03:22:45.495305
547,28,1036,Email,This is the second issue I've had and I'm frustrated with the service.,Complaint,,,Urgent,Closed,,Human,,2026-02-16 15:05:49,,2026-02-16 17:16:28.025069,2026-02-17 11:52:59.807525,2026-02-17 11:52:59.807525
548,614,1697,Chat,I'm still waiting on my delivery and the expected date has already passed.,Delivery Delay,,,Urgent,Closed,,Human,,2025-11-10 20:44:52,,2025-11-11 00:55:39.220521,2025-11-11 13:57:48.759187,2025-11-11 13:57:48.759187
549,379,678,Email,Just checking in on when my package will arrive.,Order Status Inquiry,,,Low,In Progress,,,,2026-06-30 11:16:44,,,,2026-06-30 11:16:44.000000
550,352,190,Email,My package arrived but one of the products wasn't inside.,Missing Item,,,Low,Closed,,Human,,2026-03-16 06:06:17,,2026-03-18 06:56:17.269379,2026-03-18 16:01:15.105205,2026-03-18 16:01:15.105205
551,284,,Email,Can you tell me more about the materials used in this item?,Product Question,,,Low,Closed,,Human,,2024-09-12 18:00:00,,2024-09-12 23:02:10.914067,2024-09-14 01:21:24.780675,2024-09-14 01:21:24.780675
552,881,3961,Phone,My order was supposed to arrive days ago and it still hasn't shown up.,Delivery Delay,,,Medium,Resolved,,Human,,2026-03-11 23:35:59,,2026-03-12 04:55:02.236848,2026-03-13 01:05:38.358375,2026-03-13 01:05:38.358375
553,682,3073,Chat,"I'd like an update on my order tracking, please.",Order Status Inquiry,,,Low,New,,,,2026-06-29 01:02:52,,,,2026-06-29 01:02:52.000000
554,974,,Phone,I was charged twice for the same order.,Payment Problem,,,Low,Closed,,Human,,2025-11-02 12:00:00,,2025-11-03 11:40:47.448221,2025-11-04 05:28:31.863184,2025-11-04 05:28:31.863184
555,705,,Email,Does this product come in other sizes or colors?,Product Question,,,Low,Closed,,Human,,2025-01-21 15:00:00,,2025-01-23 01:45:03.173402,2025-01-25 07:58:21.319251,2025-01-25 07:58:21.319251
556,4,,Email,Can you tell me more about the materials used in this item?,Product Question,,,Low,Closed,,Human,,2026-04-06 09:00:00,,2026-04-07 07:14:19.737257,2026-04-07 15:27:34.632607,2026-04-07 15:27:34.632607
557,191,1067,Email,"Hi, can you tell me the current status of my order? It hasn't updated in a while.",Order Status Inquiry,,,Low,In Progress,,,,2026-06-30 16:02:56,,,,2026-06-30 16:02:56.000000
558,89,,Social Media,I can't log into my account anymore.,Account Problem,,,High,Closed,,Human,,2023-10-21 11:00:00,,2023-10-21 16:30:10.178903,2023-10-23 09:30:12.404948,2023-10-23 09:30:12.404948
559,613,3980,Phone,Just checking in on when my package will arrive.,Order Status Inquiry,,,Low,New,,,,2026-06-30 05:14:41,,2026-06-30 11:36:01.213770,,2026-06-30 11:36:01.213770
560,533,3151,Email,My package arrived but one of the products wasn't inside.,Missing Item,,,High,Closed,,Human,,2025-11-15 14:49:24,,2025-11-16 00:43:31.997386,2025-11-17 21:36:33.383632,2025-11-17 21:36:33.383632
561,895,1351,Email,I'm very unhappy with my recent experience and want to file a complaint.,Complaint,,,High,Resolved,,Human,,2026-06-11 23:27:03,,2026-06-12 11:34:00.024523,2026-06-12 19:05:27.765444,2026-06-12 19:05:27.765444
562,134,,Contact Form,I can't log into my account anymore.,Account Problem,,,Medium,Resolved,,Human,,2026-05-11 09:00:00,,2026-05-12 18:12:19.065426,2026-05-13 14:00:36.530642,2026-05-13 14:00:36.530642
563,874,792,Chat,There's an issue with the charge on my card for this order.,Payment Problem,,,High,Closed,,Human,,2025-06-20 21:33:14,,2025-06-21 00:12:34.983927,2025-06-22 10:20:35.949128,2025-06-22 10:20:35.949128
564,954,3427,Chat,"Hi, can you tell me the current status of my order? It hasn't updated in a while.",Order Status Inquiry,,,Low,New,,,,2026-06-29 14:32:01,,2026-06-30 00:28:02.058393,,2026-06-30 00:28:02.058393
565,205,3820,Phone,My order showed up with visible damage to the packaging and product.,Damaged Product,,,High,Closed,,Human,,2023-03-23 11:16:36,,2023-03-24 01:58:56.336545,2023-03-25 22:39:02.713129,2023-03-25 22:39:02.713129
566,54,1784,Phone,I only received part of my order — something is missing.,Missing Item,,,High,Closed,,Human,,2025-10-06 09:25:33,,2025-10-06 13:51:25.191600,2025-10-07 02:53:58.250163,2025-10-07 02:53:58.250163
567,197,699,Email,My package arrived but one of the products wasn't inside.,Missing Item,,,High,Closed,,Human,,2026-03-11 09:58:13,,2026-03-11 18:49:32.481114,2026-03-12 22:28:51.082336,2026-03-12 22:28:51.082336
568,508,1390,Chat,There's an issue with the charge on my card for this order.,Payment Problem,,,High,Resolved,,Human,,2026-03-22 20:15:09,,2026-03-23 12:02:38.627589,2026-03-23 20:47:03.827452,2026-03-23 20:47:03.827452
569,696,3744,Phone,I want to raise a formal complaint about how my order was handled.,Complaint,,,Urgent,Resolved,,Human,,2024-02-04 22:19:43,,2024-02-05 04:00:32.863503,2024-02-06 02:29:22.042473,2024-02-06 02:29:22.042473
570,34,,Chat,Reaching out about something unrelated to a specific order.,Other,,,Low,Resolved,,Human,,2026-05-07 12:00:00,,2026-05-09 06:52:42.206685,2026-05-09 11:36:19.784820,2026-05-09 11:36:19.784820
571,731,,Email,My package arrived but one of the products wasn't inside.,Missing Item,,,High,Closed,,Human,,2026-01-22 13:00:00,,2026-01-22 16:39:11.848413,2026-01-23 19:21:19.474309,2026-01-23 19:21:19.474309
572,168,,Phone,This is the second issue I've had and I'm frustrated with the service.,Complaint,,,Urgent,Closed,,Human,,2026-04-09 12:00:00,,2026-04-09 16:48:24.823767,2026-04-10 04:00:22.191533,2026-04-10 04:00:22.191533
573,573,,Email,I have a general question that doesn't fit the other categories.,Other,,,Low,Closed,,Human,,2026-02-25 13:00:00,,2026-02-27 12:04:40.767274,2026-03-01 20:30:17.330951,2026-03-01 20:30:17.330951
574,243,737,Phone,One of the items in my order is defective.,Damaged Product,,,High,Resolved,,Human,,2026-06-28 04:20:46,,2026-06-28 20:34:57.823853,2026-06-29 22:36:11.361864,2026-06-29 22:36:11.361864
575,652,,Email,Is this product compatible with other accessories I own?,Product Question,,,Low,Reopened,,Human,,2024-03-06 18:00:00,,2024-03-07 07:26:41.235310,2024-03-09 06:57:46.643621,2024-03-09 06:57:46.643621
576,555,,Phone,Is this product compatible with other accessories I own?,Product Question,,,Low,Closed,,Human,,2025-11-20 17:00:00,,2025-11-22 16:50:11.822405,2025-11-25 14:38:56.171897,2025-11-25 14:38:56.171897
577,817,3156,Chat,I'm very unhappy with my recent experience and want to file a complaint.,Complaint,,,Urgent,Closed,,Human,,2025-08-18 16:04:04,,2025-08-18 20:38:46.775557,2025-08-19 05:08:21.459405,2025-08-19 05:08:21.459405
578,298,1101,Email,The tracking says my package is delayed. What's going on?,Delivery Delay,,,Medium,Closed,,Human,,2026-02-24 20:25:51,,2026-02-25 03:03:00.958400,2026-02-25 23:30:10.292229,2026-02-25 23:30:10.292229
579,236,3965,Email,Just checking in on when my package will arrive.,Order Status Inquiry,,,Low,In Progress,,,,2026-06-28 21:42:38,,2026-06-29 08:11:34.239196,,2026-06-29 08:11:34.239196
580,105,1859,Email,My order showed up with visible damage to the packaging and product.,Damaged Product,,,High,Closed,,Human,,2026-03-24 14:15:52,,2026-03-24 23:24:17.933768,2026-03-26 05:42:27.961993,2026-03-26 05:42:27.961993
581,685,1828,Email,Just checking in on when my package will arrive.,Order Status Inquiry,,,High,In Progress,,,,2026-06-30 19:12:55,,,,2026-06-30 19:12:55.000000
582,739,,Chat,I'm very unhappy with my recent experience and want to file a complaint.,Complaint,,,Urgent,Closed,,Human,,2026-02-16 12:00:00,,2026-02-16 15:37:15.526539,2026-02-17 03:56:48.236714,2026-02-17 03:56:48.236714
583,146,,Email,I want to raise a formal complaint about how my order was handled.,Complaint,,,Urgent,Closed,,Human,,2026-04-21 08:00:00,,2026-04-21 09:13:09.826621,2026-04-21 10:23:12.710200,2026-04-21 10:23:12.710200
584,739,3539,Social Media,I'm missing an item from my order.,Missing Item,,,High,Closed,,Human,,2026-06-03 15:20:33,,2026-06-04 03:47:09.472237,2026-06-05 09:55:35.758156,2026-06-05 09:55:35.758156
585,306,3359,Email,Can you tell me more about the materials used in this item?,Product Question,,,Medium,Resolved,,Human,,2025-11-12 21:27:48,,2025-11-14 01:31:48.952822,2025-11-14 15:35:17.724108,2025-11-14 15:35:17.724108
586,362,,Contact Form,My account information seems to be incorrect and I can't update it.,Account Problem,,,Urgent,Closed,,Human,,2025-11-08 13:00:00,,2025-11-08 16:19:44.784626,2025-11-09 02:45:31.142090,2025-11-09 02:45:31.142090
587,508,1348,Email,I'm missing an item from my order.,Missing Item,,,High,Closed,,Human,,2023-06-30 10:05:24,,2023-06-30 12:07:17.903206,2023-07-01 02:35:45.508749,2023-07-01 02:35:45.508749
588,710,,Social Media,Can you tell me more about the materials used in this item?,Product Question,,,Low,Closed,,Human,,2026-01-23 11:00:00,,2026-01-24 15:40:55.923254,2026-01-25 23:18:14.177621,2026-01-25 23:18:14.177621
589,814,,Chat,My account information seems to be incorrect and I can't update it.,Account Problem,,,Medium,Closed,,Human,,2025-09-28 11:00:00,,2025-09-29 01:41:26.147506,2025-09-29 10:03:53.058033,2025-09-29 10:03:53.058033
590,804,,Chat,Does this product come in other sizes or colors?,Product Question,,,Low,Resolved,,Human,,2025-12-07 12:00:00,,2025-12-08 10:07:29.529169,2025-12-09 11:14:32.806213,2025-12-09 11:14:32.806213
591,352,3596,Email,"I'd like an update on my order tracking, please.",Order Status Inquiry,,,Low,New,,,,2026-06-29 21:18:17,,,,2026-06-29 21:18:17.000000
592,943,1117,Email,I'm still waiting on my delivery and the expected date has already passed.,Delivery Delay,,,Medium,In Progress,,,,2026-06-26 09:00:22,,2026-06-26 16:25:43.446668,,2026-06-26 16:25:43.446668
593,71,1723,Email,This is the second issue I've had and I'm frustrated with the service.,Complaint,,,Urgent,Resolved,,Human,,2024-12-29 14:40:43,,2024-12-29 18:42:25.333828,2024-12-30 18:16:10.839241,2024-12-30 18:16:10.839241
594,105,3389,Email,The tracking says my package is delayed. What's going on?,Delivery Delay,,,Medium,Closed,,Human,,2026-03-28 22:12:49,,2026-03-30 03:22:07.643530,2026-03-30 22:29:07.307632,2026-03-30 22:29:07.307632
595,639,,Email,I can't log into my account anymore.,Account Problem,,,Medium,Reopened,,Human,,2025-09-29 11:00:00,,2025-09-30 13:25:48.258092,2025-10-04 08:07:55.728602,2025-10-04 08:07:55.728602
596,937,3798,Chat,One of the items in my order is defective.,Damaged Product,,,High,Resolved,,Human,,2026-06-14 21:32:24,,2026-06-14 23:41:13.129790,2026-06-15 18:33:12.458880,2026-06-15 18:33:12.458880
597,267,,Chat,I'm very unhappy with my recent experience and want to file a complaint.,Complaint,,,Urgent,Escalated,,,,2026-05-15 14:00:00,,2026-05-15 16:30:10.233604,,2026-05-15 16:30:10.233604
598,647,545,Contact Form,My order was supposed to arrive days ago and it still hasn't shown up.,Delivery Delay,,,Medium,Closed,,Human,,2025-10-18 03:59:51,,2025-10-18 19:07:14.720145,2025-10-21 23:11:04.236310,2025-10-21 23:11:04.236310
599,816,,Contact Form,Is this product compatible with other accessories I own?,Product Question,,,Urgent,Closed,,Human,,2024-12-02 10:00:00,,2024-12-02 13:55:20.920192,2024-12-02 22:15:26.380796,2024-12-02 22:15:26.380796
600,361,3240,Chat,Please process a refund for the order I placed.,Refund Request,,,Medium,Closed,,Human,,2025-12-28 04:09:40,,2025-12-29 09:32:23.928657,2025-12-29 23:02:11.939007,2025-12-29 23:02:11.939007
601,564,1134,Email,I was charged twice for the same order.,Payment Problem,,,High,Resolved,,Human,,2026-06-02 06:48:17,,2026-06-02 19:55:40.004753,2026-06-04 00:02:33.321956,2026-06-04 00:02:33.321956
602,453,3495,Email,This is the second issue I've had and I'm frustrated with the service.,Complaint,,,Urgent,New,,,,2026-06-29 05:42:13,,2026-06-29 10:02:26.310945,,2026-06-29 10:02:26.310945
603,928,,Email,My account information seems to be incorrect and I can't update it.,Account Problem,,,Urgent,Closed,,Human,,2025-01-24 10:00:00,,2025-01-24 12:53:54.327651,2025-01-24 18:21:29.311944,2025-01-24 18:21:29.311944
604,640,,Email,I want to raise a formal complaint about how my order was handled.,Complaint,,,Urgent,Closed,,Human,,2024-04-07 16:00:00,,2024-04-07 20:24:13.202796,2024-04-08 02:40:08.372225,2024-04-08 02:40:08.372225
605,698,,Social Media,I can't log into my account anymore.,Account Problem,,,Medium,Closed,,Human,,2026-03-18 11:00:00,,2026-03-19 02:47:06.231488,2026-03-21 19:24:19.803218,2026-03-21 19:24:19.803218
606,716,,Email,Reaching out about something unrelated to a specific order.,Other,,,Low,Closed,,Human,,2024-12-07 14:00:00,,2024-12-08 10:08:33.436640,2024-12-11 05:30:50.502003,2024-12-11 05:30:50.502003
607,396,2639,Chat,I only received part of my order — something is missing.,Missing Item,,,High,Resolved,,Human,,2026-06-11 23:57:14,,2026-06-12 05:41:37.676805,2026-06-14 04:00:28.926809,2026-06-14 04:00:28.926809
608,832,990,Phone,Please process a refund for the order I placed.,Refund Request,,,Medium,Closed,,Human,,2026-03-08 20:30:44,,2026-03-09 13:50:21.866217,2026-03-12 22:41:52.119920,2026-03-12 22:41:52.119920
609,881,3961,Chat,I'm still waiting on my delivery and the expected date has already passed.,Delivery Delay,,,Medium,Closed,,Human,,2026-03-03 01:53:05,,2026-03-04 13:05:08.084934,2026-03-06 21:32:06.711754,2026-03-06 21:32:06.711754
610,444,3802,Chat,I'd like to request a refund for my recent order.,Refund Request,,,Medium,Resolved,,Human,,2026-02-20 22:19:36,,2026-02-22 01:46:39.771083,2026-02-24 22:11:51.715410,2026-02-24 22:11:51.715410
611,776,,Email,Is this product compatible with other accessories I own?,Product Question,,,Urgent,Closed,,Human,,2026-01-23 17:00:00,,2026-01-23 17:40:37.376332,2026-01-24 14:13:31.796802,2026-01-24 14:13:31.796802
612,494,,Email,"I'd like an update on my order tracking, please.",Order Status Inquiry,,,Low,Resolved,,Human,,2024-04-09 19:00:00,,2024-04-11 18:34:42.485595,2024-04-13 17:06:11.853799,2024-04-13 17:06:11.853799
613,102,1666,Contact Form,"I'd like an update on my order tracking, please.",Order Status Inquiry,,,Low,Pending Customer,,,,2026-06-28 18:07:07,,2026-06-28 23:40:57.046915,,2026-06-28 23:40:57.046915
614,114,400,Phone,"This item didn't meet my expectations, can I get my money back?",Refund Request,,,High,Closed,,Human,,2025-10-14 22:44:53,,2025-10-15 07:39:54.177361,2025-10-17 02:58:33.173559,2025-10-17 02:58:33.173559
615,305,1732,Phone,"I'd like an update on my order tracking, please.",Order Status Inquiry,,,Low,New,,,,2026-06-29 04:32:42,,2026-06-30 07:01:02.896340,,2026-06-30 07:01:02.896340
616,35,3124,Email,My order was supposed to arrive days ago and it still hasn't shown up.,Delivery Delay,,,Medium,Closed,,Human,,2026-05-31 14:52:29,,2026-06-02 01:57:55.135342,2026-06-02 14:33:33.962441,2026-06-02 14:33:33.962441
617,817,1655,Chat,The tracking says my package is delayed. What's going on?,Delivery Delay,,,Low,Closed,,Human,,2025-10-30 22:14:19,,2025-11-01 20:18:50.984227,2025-11-04 15:01:00.389298,2025-11-04 15:01:00.389298
618,390,2035,Email,"Hi, can you tell me the current status of my order? It hasn't updated in a while.",Order Status Inquiry,,,Medium,Escalated,,,,2026-06-24 09:12:33,,2026-06-25 20:39:04.416039,,2026-06-25 20:39:04.416039
619,304,601,Chat,"I'd like an update on my order tracking, please.",Order Status Inquiry,,,Medium,In Progress,,,,2026-06-29 03:19:57,,2026-06-29 07:24:44.903988,,2026-06-29 07:24:44.903988
620,821,3301,Chat,"I'd like an update on my order tracking, please.",Order Status Inquiry,,,Low,New,,,,2026-06-29 19:11:59,,2026-06-30 04:18:53.048713,,2026-06-30 04:18:53.048713
621,141,123,Email,The item I received arrived broken/damaged.,Damaged Product,,,High,Closed,,Human,,2026-01-21 16:33:23,,2026-01-21 22:55:58.391199,2026-01-23 04:09:10.053258,2026-01-23 04:09:10.053258
622,977,2021,Phone,I'd like to request a refund for my recent order.,Refund Request,,,Medium,Closed,,Human,,2026-05-09 00:00:02,,2026-05-10 06:06:17.171875,2026-05-13 22:29:35.639495,2026-05-13 22:29:35.639495
623,943,1647,Email,I'd like to request a refund for my recent order.,Refund Request,,,Medium,Closed,,Human,,2026-03-05 16:12:16,,2026-03-06 19:41:26.940326,2026-03-09 07:42:18.966747,2026-03-09 07:42:18.966747
624,306,3359,Chat,My order showed up with visible damage to the packaging and product.,Damaged Product,,,Urgent,Resolved,,Human,,2025-12-19 14:10:44,,2025-12-19 19:19:11.916900,2025-12-20 06:18:14.982491,2025-12-20 06:18:14.982491
625,138,,Email,My account information seems to be incorrect and I can't update it.,Account Problem,,,Medium,Closed,,Human,,2026-01-14 12:00:00,,2026-01-15 19:22:05.172255,2026-01-17 05:31:00.015828,2026-01-17 05:31:00.015828
626,458,2314,Email,"Hi, can you tell me the current status of my order? It hasn't updated in a while.",Order Status Inquiry,,,Low,New,,,,2026-06-29 17:49:07,,2026-06-30 11:25:46.554954,,2026-06-30 11:25:46.554954
627,865,394,Social Media,I'd like to request a refund for my recent order.,Refund Request,,,Medium,Closed,,Human,,2026-04-16 20:38:00,,2026-04-17 03:09:41.686840,2026-04-20 13:59:04.207248,2026-04-20 13:59:04.207248
628,568,2428,Email,My order was supposed to arrive days ago and it still hasn't shown up.,Delivery Delay,,,Low,In Progress,,,,2026-06-23 19:33:12,,2026-06-24 01:38:05.678636,,2026-06-24 01:38:05.678636
629,216,,Email,Is this product compatible with other accessories I own?,Product Question,,,Low,Closed,,Human,,2026-05-05 13:00:00,,2026-05-07 16:38:03.585291,2026-05-09 00:08:42.365597,2026-05-09 00:08:42.365597
630,192,1383,Phone,One of the items in my order is defective.,Damaged Product,,,Low,Closed,,Human,,2026-03-16 21:48:41,,2026-03-18 00:52:39.360687,2026-03-20 16:41:49.357521,2026-03-20 16:41:49.357521
631,119,716,Phone,This is the second issue I've had and I'm frustrated with the service.,Complaint,,,Medium,Closed,,Human,,2026-01-06 17:11:32,,2026-01-07 05:29:23.460848,2026-01-09 04:00:04.359920,2026-01-09 04:00:04.359920
632,511,,Contact Form,There's an issue with the charge on my card for this order.,Payment Problem,,,High,Resolved,,Human,,2024-12-16 20:00:00,,2024-12-16 21:13:50.543493,2024-12-16 23:20:25.771739,2024-12-16 23:20:25.771739
633,356,,Chat,Is this product compatible with other accessories I own?,Product Question,,,Low,Closed,,Human,,2023-02-18 14:00:00,,2023-02-20 17:38:16.630346,2023-02-23 08:25:45.811840,2023-02-23 08:25:45.811840
634,184,3126,Phone,My order was supposed to arrive days ago and it still hasn't shown up.,Delivery Delay,,,Medium,Escalated,,,,2026-06-19 20:20:10,,2026-06-21 01:03:50.409759,,2026-06-21 01:03:50.409759
635,227,3749,Contact Form,I'm still waiting on my delivery and the expected date has already passed.,Delivery Delay,,,Medium,Closed,,Human,,2025-06-21 04:52:04,,2025-06-22 10:20:07.815733,2025-06-24 15:19:14.332996,2025-06-24 15:19:14.332996
636,499,1263,Social Media,The item I received arrived broken/damaged.,Damaged Product,,,High,Closed,,Human,,2025-05-25 19:35:11,,2025-05-25 21:11:35.148073,2025-05-27 13:00:45.566709,2025-05-27 13:00:45.566709
637,797,1929,Chat,My payment failed but the amount was still deducted from my account.,Payment Problem,,,High,In Progress,,,,2026-06-29 21:01:50,,2026-06-30 08:15:00.696371,,2026-06-30 08:15:00.696371
638,390,1130,Phone,One of the items in my order is defective.,Damaged Product,,,High,Reopened,,Human,,2025-09-26 06:29:30,,2025-09-26 16:49:09.182598,2025-09-27 22:06:45.908670,2025-09-27 22:06:45.908670
639,117,,Chat,Can you tell me more about the materials used in this item?,Product Question,,,Low,Resolved,,Human,,2026-06-15 12:00:00,,2026-06-17 02:38:11.751819,2026-06-17 06:50:47.362064,2026-06-17 06:50:47.362064
640,509,3708,Chat,"This item didn't meet my expectations, can I get my money back?",Refund Request,,,Medium,Resolved,,Human,,2026-06-11 06:07:18,,2026-06-12 16:37:55.750902,2026-06-14 16:56:23.138106,2026-06-14 16:56:23.138106
641,386,,Chat,Is this product compatible with other accessories I own?,Product Question,,,Urgent,Closed,,Human,,2025-07-09 08:00:00,,2025-07-09 09:03:48.859276,2025-07-09 13:37:32.888982,2025-07-09 13:37:32.888982
642,784,3810,Email,I'm very unhappy with my recent experience and want to file a complaint.,Complaint,,,High,New,,,,2026-06-30 13:34:43,,2026-06-30 19:03:40.677280,,2026-06-30 19:03:40.677280
643,512,1232,Phone,I'd like to request a refund for my recent order.,Refund Request,,,Medium,Resolved,,Human,,2026-06-23 13:18:36,,2026-06-24 12:45:05.876990,2026-06-27 05:36:09.935376,2026-06-27 05:36:09.935376
644,21,347,Email,There's an issue with the charge on my card for this order.,Payment Problem,,,High,Closed,,Human,,2025-11-17 17:35:20,,2025-11-18 04:49:49.198790,2025-11-19 13:41:25.089795,2025-11-19 13:41:25.089795
645,672,693,Email,My order showed up with visible damage to the packaging and product.,Damaged Product,,,High,Resolved,,Human,,2026-01-02 08:30:40,,2026-01-03 01:24:25.624062,2026-01-03 04:36:32.641987,2026-01-03 04:36:32.641987
646,909,2012,Chat,"Hi, can you tell me the current status of my order? It hasn't updated in a while.",Order Status Inquiry,,,Low,In Progress,,,,2026-06-29 00:54:31,,,,2026-06-29 00:54:31.000000
647,797,2883,Contact Form,I'm missing an item from my order.,Missing Item,,,High,Closed,,Human,,2026-01-16 17:24:42,,2026-01-17 10:13:25.135529,2026-01-18 18:35:25.446533,2026-01-18 18:35:25.446533
648,848,2719,Phone,The item I received arrived broken/damaged.,Damaged Product,,,High,Closed,,Human,,2026-02-08 12:02:08,,2026-02-08 14:06:06.384159,2026-02-10 07:58:48.952162,2026-02-10 07:58:48.952162
649,229,3469,Email,Just checking in on when my package will arrive.,Order Status Inquiry,,,Low,Pending Customer,,,,2026-06-28 14:45:50,,2026-06-29 07:37:36.011637,,2026-06-29 07:37:36.011637
650,586,,Email,Does this product come in other sizes or colors?,Product Question,,,Low,Closed,,Human,,2026-04-22 15:00:00,,2026-04-23 13:50:22.568339,2026-04-24 05:30:05.268317,2026-04-24 05:30:05.268317
651,607,2150,Phone,I'm still waiting on my delivery and the expected date has already passed.,Delivery Delay,,,Medium,Closed,,Human,,2026-03-09 06:10:48,,2026-03-10 05:57:32.116948,2026-03-11 02:34:22.259923,2026-03-11 02:34:22.259923
652,533,1419,Email,Does this product come in other sizes or colors?,Product Question,,,Low,Closed,,Human,,2025-12-29 11:23:48,,2025-12-31 10:42:41.439186,2026-01-03 07:33:57.522772,2026-01-03 07:33:57.522772
653,930,,Phone,"Hi, can you tell me the current status of my order? It hasn't updated in a while.",Order Status Inquiry,,,Low,Closed,,Human,,2025-01-17 15:00:00,,2025-01-18 02:32:23.144046,2025-01-20 08:39:01.847426,2025-01-20 08:39:01.847426
654,737,1218,Email,Just checking in on when my package will arrive.,Order Status Inquiry,,,Medium,New,,,,2026-06-30 13:03:13,,2026-06-30 14:33:11.511523,,2026-06-30 14:33:11.511523
655,910,3303,Phone,"I'd like an update on my order tracking, please.",Order Status Inquiry,,,Low,Resolved,,Human,,2026-06-26 16:27:33,,2026-06-28 22:08:16.378676,2026-06-29 20:08:59.086124,2026-06-29 20:08:59.086124
656,781,,Chat,Can you tell me more about the materials used in this item?,Product Question,,,Low,Resolved,,Human,,2025-08-28 18:00:00,,2025-08-30 06:06:49.701378,2025-09-01 06:49:00.388368,2025-09-01 06:49:00.388368
657,979,,Chat,There's an issue with the charge on my card for this order.,Payment Problem,,,High,Resolved,,Human,,2025-07-06 12:00:00,,2025-07-07 04:03:43.893704,2025-07-09 02:04:37.615682,2025-07-09 02:04:37.615682
658,92,696,Chat,One of the items in my order is defective.,Damaged Product,,,High,Closed,,Human,,2026-04-11 12:50:46,,2026-04-11 16:42:45.278149,2026-04-13 05:44:05.724266,2026-04-13 05:44:05.724266
659,760,2360,Email,I only received part of my order — something is missing.,Missing Item,,,Urgent,Closed,,Human,,2026-01-05 17:26:16,,2026-01-05 19:18:36.731958,2026-01-06 00:31:08.231918,2026-01-06 00:31:08.231918
660,822,1972,Phone,I'm still waiting on my delivery and the expected date has already passed.,Delivery Delay,,,Medium,Closed,,Human,,2026-01-21 07:40:18,,2026-01-22 09:46:42.132130,2026-01-24 13:40:59.890386,2026-01-24 13:40:59.890386
661,934,1422,Contact Form,Please process a refund for the order I placed.,Refund Request,,,Medium,Resolved,,Human,,2026-03-04 15:14:26,,2026-03-04 20:37:23.229401,2026-03-08 19:29:42.632695,2026-03-08 19:29:42.632695
662,829,911,Chat,Does this product come in other sizes or colors?,Product Question,,,Low,Closed,,Human,,2026-05-30 20:09:58,,2026-06-01 21:55:19.331572,2026-06-02 22:16:41.746158,2026-06-02 22:16:41.746158
663,778,2549,Contact Form,Just checking in on when my package will arrive.,Order Status Inquiry,,,Low,New,,,,2026-06-29 00:20:37,,2026-06-29 16:02:04.546027,,2026-06-29 16:02:04.546027
664,918,,Email,I was charged twice for the same order.,Payment Problem,,,High,Resolved,,Human,,2026-01-28 14:00:00,,2026-01-28 19:48:52.469675,2026-01-30 03:29:26.709166,2026-01-30 03:29:26.709166
665,486,998,Chat,Just checking in on when my package will arrive.,Order Status Inquiry,,,Low,Escalated,,,,2026-06-24 02:11:18,,2026-06-26 01:01:09.325689,,2026-06-26 01:01:09.325689
666,238,1519,Phone,I only received part of my order — something is missing.,Missing Item,,,High,Resolved,,Human,,2026-06-11 11:47:26,,2026-06-11 19:37:12.432462,2026-06-13 10:37:46.485552,2026-06-13 10:37:46.485552
667,733,3800,Email,The tracking says my package is delayed. What's going on?,Delivery Delay,,,Medium,Closed,,Human,,2025-08-12 19:56:42,,2025-08-13 01:58:35.662499,2025-08-16 00:38:37.187939,2025-08-16 00:38:37.187939
668,211,3542,Chat,The tracking says my package is delayed. What's going on?,Delivery Delay,,,Medium,Closed,,Human,,2026-02-21 02:24:38,,2026-02-21 06:45:52.525107,2026-02-22 19:38:42.702050,2026-02-22 19:38:42.702050
669,4,764,Email,My order showed up with visible damage to the packaging and product.,Damaged Product,,,High,Closed,,Human,,2026-06-12 03:28:53,,2026-06-12 15:16:58.184433,2026-06-14 00:41:25.761528,2026-06-14 00:41:25.761528
670,500,3404,Contact Form,I'm missing an item from my order.,Missing Item,,,High,Closed,,Human,,2025-12-22 17:23:45,,2025-12-23 00:13:20.062303,2025-12-24 02:39:36.501580,2025-12-24 02:39:36.501580
671,840,3720,Phone,Is this product compatible with other accessories I own?,Product Question,,,Low,Resolved,,Human,,2025-12-31 17:17:05,,2025-12-31 19:27:37.993986,2026-01-03 10:26:45.659637,2026-01-03 10:26:45.659637
672,193,,Email,My account information seems to be incorrect and I can't update it.,Account Problem,,,Urgent,Closed,,Human,,2025-11-15 17:00:00,,2025-11-15 19:01:50.911684,2025-11-15 21:00:06.815311,2025-11-15 21:00:06.815311
673,613,3980,Chat,"Hi, can you tell me the current status of my order? It hasn't updated in a while.",Order Status Inquiry,,,Low,New,,,,2026-06-29 21:30:49,,,,2026-06-29 21:30:49.000000
674,718,1391,Contact Form,I'm still waiting on my delivery and the expected date has already passed.,Delivery Delay,,,Medium,Closed,,Human,,2024-12-10 13:53:41,,2024-12-11 14:19:34.387672,2024-12-14 06:35:19.918282,2024-12-14 06:35:19.918282
675,953,3533,Chat,"Hi, can you tell me the current status of my order? It hasn't updated in a while.",Order Status Inquiry,,,Low,In Progress,,,,2026-06-30 16:53:45,,,,2026-06-30 16:53:45.000000
676,469,,Phone,I was charged twice for the same order.,Payment Problem,,,High,Closed,,Human,,2025-04-08 13:00:00,,2025-04-08 14:58:07.649693,2025-04-09 18:36:05.943289,2025-04-09 18:36:05.943289
677,726,,Email,I'm very unhappy with my recent experience and want to file a complaint.,Complaint,,,Medium,Closed,,Human,,2025-12-19 16:00:00,,2025-12-21 01:49:59.957066,2025-12-24 18:15:11.186786,2025-12-24 18:15:11.186786
678,228,,Social Media,My account information seems to be incorrect and I can't update it.,Account Problem,,,Medium,Closed,,Human,,2026-04-30 17:00:00,,2026-05-01 21:42:43.473468,2026-05-05 20:41:44.092503,2026-05-05 20:41:44.092503
679,556,,Chat,The tracking says my package is delayed. What's going on?,Delivery Delay,,,Medium,Closed,,Human,,2025-09-22 08:00:00,,2025-09-23 11:05:44.607999,2025-09-26 14:25:51.858444,2025-09-26 14:25:51.858444
680,966,,Email,Can you tell me more about the materials used in this item?,Product Question,,,Low,Resolved,,Human,,2025-08-29 19:00:00,,2025-08-30 05:34:55.659088,2025-08-30 09:57:36.464332,2025-08-30 09:57:36.464332
681,909,2012,Contact Form,"Hi, can you tell me the current status of my order? It hasn't updated in a while.",Order Status Inquiry,,,Low,In Progress,,,,2026-06-29 03:54:15,,2026-06-29 18:39:33.033565,,2026-06-29 18:39:33.033565
682,414,2485,Phone,Just checking in on when my package will arrive.,Order Status Inquiry,,,Low,Escalated,,,,2026-06-28 20:54:07,,,,2026-06-28 20:54:07.000000
683,740,37,Phone,I'm still waiting on my delivery and the expected date has already passed.,Delivery Delay,,,Medium,Closed,,Human,,2025-03-17 19:57:40,,2025-03-18 20:31:13.445850,2025-03-22 07:11:17.971621,2025-03-22 07:11:17.971621
684,929,38,Email,Please process a refund for the order I placed.,Refund Request,,,Medium,Closed,,Human,,2025-11-24 00:34:52,,2025-11-24 11:12:47.507537,2025-11-25 07:03:20.687949,2025-11-25 07:03:20.687949
685,189,3852,Phone,"I'd like an update on my order tracking, please.",Order Status Inquiry,,,Low,In Progress,,,,2026-06-27 04:45:13,,2026-06-29 06:09:56.579990,,2026-06-29 06:09:56.579990
686,961,2417,Chat,Please process a refund for the order I placed.,Refund Request,,,Medium,Closed,,Human,,2026-03-09 06:16:55,,2026-03-09 23:15:33.126930,2026-03-10 17:39:01.932156,2026-03-10 17:39:01.932156
687,205,203,Phone,"This item didn't meet my expectations, can I get my money back?",Refund Request,,,Medium,Closed,,Human,,2023-11-04 07:35:58,,2023-11-04 22:48:25.922396,2023-11-05 12:02:06.074256,2023-11-05 12:02:06.074256
688,332,1466,Email,My package arrived but one of the products wasn't inside.,Missing Item,,,High,Escalated,,,,2026-06-16 00:31:36,,2026-06-16 10:07:47.129766,,2026-06-16 10:07:47.129766
689,396,917,Email,Please process a refund for the order I placed.,Refund Request,,,Medium,Resolved,,Human,,2026-06-14 21:10:25,,2026-06-15 04:50:08.909088,2026-06-18 03:29:25.396108,2026-06-18 03:29:25.396108
690,99,1511,Chat,"This item didn't meet my expectations, can I get my money back?",Refund Request,,,Medium,Resolved,,Human,,2026-04-25 20:20:20,,2026-04-26 22:05:34.929658,2026-04-30 16:59:28.798816,2026-04-30 16:59:28.798816
691,366,2676,Email,The item I received arrived broken/damaged.,Damaged Product,,,High,Resolved,,Human,,2026-02-25 07:37:56,,2026-02-25 18:35:06.855492,2026-02-26 13:12:14.592058,2026-02-26 13:12:14.592058
692,295,,Email,My account information seems to be incorrect and I can't update it.,Account Problem,,,Urgent,Closed,,Human,,2026-05-17 11:00:00,,2026-05-17 15:54:57.950673,2026-05-18 10:33:01.906713,2026-05-18 10:33:01.906713
693,180,2870,Chat,I'm missing an item from my order.,Missing Item,,,High,Closed,,Human,,2025-10-17 16:58:06,,2025-10-17 18:16:24.973237,2025-10-17 22:50:38.982708,2025-10-17 22:50:38.982708
694,792,2890,Email,My order showed up with visible damage to the packaging and product.,Damaged Product,,,High,Closed,,Human,,2026-06-03 06:40:47,,2026-06-03 14:29:20.946721,2026-06-04 09:44:20.618997,2026-06-04 09:44:20.618997
695,165,,Email,My account information seems to be incorrect and I can't update it.,Account Problem,,,Medium,Resolved,,Human,,2024-10-31 15:00:00,,2024-11-01 16:00:49.093260,2024-11-04 04:55:09.794927,2024-11-04 04:55:09.794927
696,65,1994,Chat,The item I received arrived broken/damaged.,Damaged Product,,,High,Reopened,,Human,,2026-04-25 16:53:43,,2026-04-26 02:52:26.114574,2026-04-27 13:45:59.322721,2026-04-27 13:45:59.322721
697,48,,Chat,Does this product come in other sizes or colors?,Product Question,,,Low,Closed,,Human,,2025-10-20 14:00:00,,2025-10-22 17:57:00.619847,2025-10-24 04:22:49.955485,2025-10-24 04:22:49.955485
698,839,3271,Email,One of the items in my order is defective.,Damaged Product,,,High,Closed,,Human,,2026-03-01 14:15:47,,2026-03-01 14:49:57.366683,2026-03-02 20:52:37.479189,2026-03-02 20:52:37.479189
699,879,,Email,Does this product come in other sizes or colors?,Product Question,,,Low,Closed,,Human,,2024-04-08 16:00:00,,2024-04-10 21:55:26.910243,2024-04-13 02:41:49.561312,2024-04-13 02:41:49.561312
700,641,,Email,Does this product come in other sizes or colors?,Product Question,,,Low,Closed,,Human,,2026-03-04 18:00:00,,2026-03-07 01:15:26.353878,2026-03-07 08:59:38.321610,2026-03-07 08:59:38.321610
701,253,3625,Phone,My order was supposed to arrive days ago and it still hasn't shown up.,Delivery Delay,,,Medium,Closed,,Human,,2025-05-09 17:38:33,,2025-05-10 08:07:45.969291,2025-05-13 00:25:53.332768,2025-05-13 00:25:53.332768
702,231,,Chat,Does this product come in other sizes or colors?,Product Question,,,Low,Closed,,Human,,2025-03-08 08:00:00,,2025-03-10 19:20:46.457741,2025-03-11 05:15:10.465425,2025-03-11 05:15:10.465425
703,797,1132,Email,Is this product compatible with other accessories I own?,Product Question,,,Low,In Progress,,,,2026-06-29 21:27:29,,,,2026-06-29 21:27:29.000000
704,923,3518,Email,I only received part of my order — something is missing.,Missing Item,,,High,Resolved,,Human,,2025-07-12 13:25:50,,2025-07-13 04:22:50.196951,2025-07-14 08:17:37.704145,2025-07-14 08:17:37.704145
705,778,2549,Chat,Just checking in on when my package will arrive.,Order Status Inquiry,,,Low,Pending Customer,,,,2026-06-28 05:01:40,,2026-06-29 17:30:11.076791,,2026-06-29 17:30:11.076791
706,84,,Chat,Does this product come in other sizes or colors?,Product Question,,,Low,Closed,,Human,,2026-01-25 14:00:00,,2026-01-27 23:34:52.257114,2026-01-28 17:38:12.862587,2026-01-28 17:38:12.862587
707,74,3090,Email,The tracking says my package is delayed. What's going on?,Delivery Delay,,,Medium,Closed,,Human,,2026-05-22 14:04:20,,2026-05-23 05:28:45.476569,2026-05-24 01:57:45.729027,2026-05-24 01:57:45.729027
708,361,1180,Email,"This item didn't meet my expectations, can I get my money back?",Refund Request,,,Medium,Closed,,Human,,2025-05-28 16:33:39,,2025-05-29 21:36:06.727144,2025-05-30 17:12:42.390134,2025-05-30 17:12:42.390134
709,511,,Phone,Please process a refund for the order I placed.,Refund Request,,,Urgent,Closed,,Human,,2026-02-16 15:00:00,,2026-02-16 20:37:50.521196,2026-02-17 19:56:54.528404,2026-02-17 19:56:54.528404
710,778,2549,Email,Just checking in on when my package will arrive.,Order Status Inquiry,,,High,In Progress,,,,2026-06-27 01:08:11,,2026-06-27 12:15:22.591338,,2026-06-27 12:15:22.591338
711,701,882,Email,My order was supposed to arrive days ago and it still hasn't shown up.,Delivery Delay,,,Low,Closed,,Human,,2024-11-22 10:20:32,,2024-11-24 18:35:00.896783,2024-11-25 06:12:43.039066,2024-11-25 06:12:43.039066
712,308,3489,Chat,My order was supposed to arrive days ago and it still hasn't shown up.,Delivery Delay,,,Medium,Closed,,Human,,2026-02-07 05:38:44,,2026-02-08 00:25:02.373232,2026-02-10 15:42:15.618472,2026-02-10 15:42:15.618472
713,114,1826,Phone,Does this product come in other sizes or colors?,Product Question,,,Low,New,,,,2026-06-29 04:46:58,,2026-06-30 04:16:51.927146,,2026-06-30 04:16:51.927146
714,193,3125,Contact Form,One of the items in my order is defective.,Damaged Product,,,Medium,Closed,,Human,,2026-03-12 00:52:43,,2026-03-12 08:08:41.602831,2026-03-13 11:28:18.381525,2026-03-13 11:28:18.381525
715,34,2884,Email,My payment failed but the amount was still deducted from my account.,Payment Problem,,,Low,Resolved,,Human,,2026-01-06 00:04:21,,2026-01-07 10:36:49.129119,2026-01-09 21:24:23.706244,2026-01-09 21:24:23.706244
716,680,881,Chat,"This item didn't meet my expectations, can I get my money back?",Refund Request,,,Medium,Closed,,Human,,2025-11-29 00:48:54,,2025-11-30 06:19:40.322288,2025-12-02 02:00:17.210294,2025-12-02 02:00:17.210294
717,229,3759,Email,Just checking in on when my package will arrive.,Order Status Inquiry,,,Low,New,,,,2026-06-29 11:48:11,,2026-06-30 03:03:16.699739,,2026-06-30 03:03:16.699739
718,848,2073,Phone,Can you tell me more about the materials used in this item?,Product Question,,,Urgent,Pending Customer,,,,2026-06-27 13:48:04,,2026-06-27 17:41:10.219267,,2026-06-27 17:41:10.219267
719,69,2302,Chat,"I'd like an update on my order tracking, please.",Order Status Inquiry,,,Low,In Progress,,,,2026-06-30 15:00:01,,,,2026-06-30 15:00:01.000000
720,909,1321,Chat,The tracking says my package is delayed. What's going on?,Delivery Delay,,,Medium,Escalated,,,,2025-07-22 19:30:05,,2025-07-23 00:43:30.161971,,2025-07-23 00:43:30.161971
721,53,2911,Email,I'm still waiting on my delivery and the expected date has already passed.,Delivery Delay,,,Medium,Reopened,,Human,,2026-02-21 16:43:20,,2026-02-22 21:08:05.851508,2026-02-26 13:53:10.310970,2026-02-26 13:53:10.310970
722,39,,Chat,I want to raise a formal complaint about how my order was handled.,Complaint,,,Urgent,Closed,,Human,,2024-02-10 15:00:00,,2024-02-10 16:29:19.167741,2024-02-10 20:47:44.149666,2024-02-10 20:47:44.149666
723,198,1566,Chat,Please process a refund for the order I placed.,Refund Request,,,Medium,Closed,,Human,,2026-06-07 21:27:54,,2026-06-08 06:23:29.560680,2026-06-11 00:57:39.854547,2026-06-11 00:57:39.854547
724,276,1172,Email,I'm missing an item from my order.,Missing Item,,,Low,Closed,,Human,,2026-06-20 17:12:56,,2026-06-21 08:09:12.127156,2026-06-23 08:02:49.974131,2026-06-23 08:02:49.974131
725,568,1360,Contact Form,"Hi, can you tell me the current status of my order? It hasn't updated in a while.",Order Status Inquiry,,,Low,Resolved,,Human,,2026-06-26 21:41:11,,2026-06-27 20:45:46.553632,2026-06-30 06:50:42.265380,2026-06-30 06:50:42.265380
726,220,,Chat,Can you tell me more about the materials used in this item?,Product Question,,,Low,Closed,,Human,,2026-05-24 20:00:00,,2026-05-25 09:21:19.710075,2026-05-26 22:06:53.020400,2026-05-26 22:06:53.020400
727,865,394,Chat,Please process a refund for the order I placed.,Refund Request,,,Medium,Resolved,,Human,,2026-02-28 07:49:01,,2026-03-01 18:11:03.807663,2026-03-05 10:30:28.492787,2026-03-05 10:30:28.492787
728,92,317,Chat,I'm still waiting on my delivery and the expected date has already passed.,Delivery Delay,,,Medium,Closed,,Human,,2025-11-16 22:57:31,,2025-11-17 01:35:07.203363,2025-11-18 13:32:25.362000,2025-11-18 13:32:25.362000
729,756,,Email,One of the items in my order is defective.,Damaged Product,,,High,In Progress,,,,2026-06-27 12:00:00,,2026-06-28 00:29:19.105273,,2026-06-28 00:29:19.105273
730,913,3512,Phone,My package arrived but one of the products wasn't inside.,Missing Item,,,High,Closed,,Human,,2026-05-14 04:51:55,,2026-05-14 17:08:12.292734,2026-05-15 02:10:51.634316,2026-05-15 02:10:51.634316
731,415,2886,Chat,Does this product come in other sizes or colors?,Product Question,,,Low,Escalated,,,,2026-06-02 15:32:14,,2026-06-04 22:04:26.030448,,2026-06-04 22:04:26.030448
732,976,370,Contact Form,I'm missing an item from my order.,Missing Item,,,High,Escalated,,,,2026-01-23 19:50:32,,2026-01-24 12:33:22.130049,,2026-01-24 12:33:22.130049
733,578,3792,Phone,One of the items in my order is defective.,Damaged Product,,,High,Closed,,Human,,2026-03-11 21:14:34,,2026-03-12 07:16:19.627103,2026-03-13 10:34:52.414156,2026-03-13 10:34:52.414156
734,711,,Email,Is this product compatible with other accessories I own?,Product Question,,,Low,Reopened,,Human,,2024-12-28 08:00:00,,2024-12-30 19:41:53.984186,2024-12-31 03:06:23.456790,2024-12-31 03:06:23.456790
735,749,735,Email,The item I received arrived broken/damaged.,Damaged Product,,,High,Closed,,Human,,2025-01-05 08:31:38,,2025-01-05 10:52:13.177086,2025-01-06 16:59:30.895127,2025-01-06 16:59:30.895127
736,201,,Email,Is this product compatible with other accessories I own?,Product Question,,,Low,Closed,,Human,,2025-08-10 10:00:00,,2025-08-11 23:08:03.423682,2025-08-13 16:50:09.642404,2025-08-13 16:50:09.642404
737,486,998,Email,"I'd like an update on my order tracking, please.",Order Status Inquiry,,,Low,In Progress,,,,2026-06-24 23:21:28,,2026-06-26 09:05:23.041922,,2026-06-26 09:05:23.041922
738,428,3936,Phone,I'm still waiting on my delivery and the expected date has already passed.,Delivery Delay,,,Medium,Closed,,Human,,2026-03-08 10:00:26,,2026-03-09 15:39:19.014585,2026-03-12 11:43:13.182541,2026-03-12 11:43:13.182541
739,109,,Chat,I'm very unhappy with my recent experience and want to file a complaint.,Complaint,,,Urgent,Closed,,Human,,2026-05-14 18:00:00,,2026-05-14 21:00:14.872184,2026-05-15 18:05:50.583518,2026-05-15 18:05:50.583518
740,105,3714,Email,The item I received arrived broken/damaged.,Damaged Product,,,High,Closed,,Human,,2026-06-07 02:43:04,,2026-06-07 15:45:33.342752,2026-06-09 13:01:50.545513,2026-06-09 13:01:50.545513
741,248,,Chat,Does this product come in other sizes or colors?,Product Question,,,Low,Closed,,Human,,2024-12-24 20:00:00,,2024-12-26 23:53:58.940960,2024-12-29 18:18:08.015969,2024-12-29 18:18:08.015969
742,6,,Social Media,Does this product come in other sizes or colors?,Product Question,,,Low,Closed,,Human,,2026-06-04 14:00:00,,2026-06-06 07:47:36.677718,2026-06-06 15:13:49.002952,2026-06-06 15:13:49.002952
743,301,,Chat,My account information seems to be incorrect and I can't update it.,Account Problem,,,Medium,Closed,,Human,,2025-12-11 16:00:00,,2025-12-11 18:48:14.600392,2025-12-12 08:33:53.797219,2025-12-12 08:33:53.797219
744,952,,Chat,My payment failed but the amount was still deducted from my account.,Payment Problem,,,High,Resolved,,Human,,2024-06-21 12:00:00,,2024-06-21 23:43:27.493604,2024-06-22 03:06:16.564335,2024-06-22 03:06:16.564335
745,896,1556,Email,"I'd like an update on my order tracking, please.",Order Status Inquiry,,,Low,Pending Customer,,,,2026-06-27 00:58:23,,2026-06-29 03:07:43.481923,,2026-06-29 03:07:43.481923
746,229,219,Email,My payment failed but the amount was still deducted from my account.,Payment Problem,,,High,In Progress,,,,2026-06-29 09:28:36,,2026-06-29 17:32:03.818800,,2026-06-29 17:32:03.818800
747,672,2822,Phone,"Hi, can you tell me the current status of my order? It hasn't updated in a while.",Order Status Inquiry,,,Low,New,,,,2026-06-29 06:13:22,,2026-06-30 00:09:00.998785,,2026-06-30 00:09:00.998785
748,374,3662,Chat,I'm still waiting on my delivery and the expected date has already passed.,Delivery Delay,,,Medium,Closed,,Human,,2026-05-11 05:08:25,,2026-05-12 11:38:40.533577,2026-05-12 18:31:14.857122,2026-05-12 18:31:14.857122
749,162,,Chat,Just have a quick question for your support team.,Other,,,Low,Closed,,Human,,2026-03-14 15:00:00,,2026-03-15 07:07:35.748814,2026-03-15 16:20:39.718150,2026-03-15 16:20:39.718150
750,541,2835,Chat,"This item didn't meet my expectations, can I get my money back?",Refund Request,,,Medium,Closed,,Human,,2024-08-08 20:15:40,,2024-08-09 18:36:49.318905,2024-08-13 03:54:44.428255,2024-08-13 03:54:44.428255
751,744,709,Phone,One of the items in my order is defective.,Damaged Product,,,High,Closed,,Human,,2025-04-24 02:54:37,,2025-04-24 04:18:26.296001,2025-04-24 13:03:01.124699,2025-04-24 13:03:01.124699
752,102,137,Chat,I'd like to request a refund for my recent order.,Refund Request,,,Medium,Resolved,,Human,,2026-06-11 15:30:07,,2026-06-13 01:04:08.650110,2026-06-16 13:21:46.567609,2026-06-16 13:21:46.567609
753,646,,Phone,My account information seems to be incorrect and I can't update it.,Account Problem,,,Medium,Escalated,,,,2026-03-16 10:00:00,,2026-03-16 13:59:37.261451,,2026-03-16 13:59:37.261451
754,162,,Email,Is this product compatible with other accessories I own?,Product Question,,,High,Resolved,,Human,,2026-02-22 15:00:00,,2026-02-23 00:51:09.051782,2026-02-23 17:35:37.020437,2026-02-23 17:35:37.020437
755,696,2732,Email,Just checking in on when my package will arrive.,Order Status Inquiry,,,Low,In Progress,,,,2026-06-29 18:11:26,,,,2026-06-29 18:11:26.000000
756,399,3481,Chat,My order was supposed to arrive days ago and it still hasn't shown up.,Delivery Delay,,,Medium,Pending Customer,,,,2026-06-25 13:52:50,,2026-06-26 15:30:24.772630,,2026-06-26 15:30:24.772630
757,596,3451,Chat,Please process a refund for the order I placed.,Refund Request,,,Medium,Resolved,,Human,,2026-04-07 08:14:13,,2026-04-07 16:55:31.777440,2026-04-10 21:59:01.644827,2026-04-10 21:59:01.644827
758,71,2503,Email,The tracking says my package is delayed. What's going on?,Delivery Delay,,,Medium,Closed,,Human,,2025-03-23 22:47:30,,2025-03-24 06:18:26.108872,2025-03-25 04:29:59.089860,2025-03-25 04:29:59.089860
759,390,2035,Email,"I'd like an update on my order tracking, please.",Order Status Inquiry,,,Low,In Progress,,,,2026-06-30 13:05:26,,,,2026-06-30 13:05:26.000000
760,60,273,Contact Form,One of the items in my order is defective.,Damaged Product,,,High,Resolved,,Human,,2026-03-26 05:41:40,,2026-03-26 20:41:26.904802,2026-03-27 10:53:15.934013,2026-03-27 10:53:15.934013
761,396,1975,Social Media,"Hi, can you tell me the current status of my order? It hasn't updated in a while.",Order Status Inquiry,,,Low,Pending Customer,,,,2026-06-28 06:34:17,,2026-06-29 18:59:53.776628,,2026-06-29 18:59:53.776628
762,468,,Email,Can you tell me more about the materials used in this item?,Product Question,,,Low,Resolved,,Human,,2026-05-30 13:00:00,,2026-06-01 19:47:51.240017,2026-06-04 10:41:36.847850,2026-06-04 10:41:36.847850
763,486,3657,Email,The tracking says my package is delayed. What's going on?,Delivery Delay,,,Medium,Closed,,Human,,2026-06-20 13:20:18,,2026-06-21 14:25:55.433948,2026-06-22 12:24:33.563429,2026-06-22 12:24:33.563429
764,913,1675,Chat,"I'd like an update on my order tracking, please.",Order Status Inquiry,,,Low,Pending Customer,,,,2026-06-28 19:18:07,,2026-06-30 23:47:31.214629,,2026-06-30 23:47:31.214629
765,409,1541,Social Media,I'm very unhappy with my recent experience and want to file a complaint.,Complaint,,,Urgent,Reopened,,Human,,2024-10-14 13:51:46,,2024-10-14 16:13:05.226885,2024-10-15 14:51:21.752251,2024-10-15 14:51:21.752251
766,356,281,Chat,My order was supposed to arrive days ago and it still hasn't shown up.,Delivery Delay,,,Medium,Closed,,Human,,2025-06-05 18:13:09,,2025-06-06 23:36:43.981758,2025-06-07 19:39:40.926050,2025-06-07 19:39:40.926050
767,401,870,Email,My order showed up with visible damage to the packaging and product.,Damaged Product,,,High,Resolved,,Human,,2025-02-13 11:08:30,,2025-02-13 14:46:11.167138,2025-02-13 23:07:42.145732,2025-02-13 23:07:42.145732
768,933,,Chat,This is the second issue I've had and I'm frustrated with the service.,Complaint,,,High,Closed,,Human,,2025-11-05 20:00:00,,2025-11-06 13:49:49.675817,2025-11-07 08:00:31.071237,2025-11-07 08:00:31.071237
769,266,,Chat,Just have a quick question for your support team.,Other,,,Low,Closed,,Human,,2023-11-02 08:00:00,,2023-11-03 13:52:59.533088,2023-11-04 20:52:28.177222,2023-11-04 20:52:28.177222
770,895,551,Phone,My package arrived but one of the products wasn't inside.,Missing Item,,,Medium,Closed,,Human,,2026-01-16 23:20:02,,2026-01-18 02:55:39.017327,2026-01-21 15:24:04.307537,2026-01-21 15:24:04.307537
771,152,2808,Phone,Please process a refund for the order I placed.,Refund Request,,,Medium,Closed,,Human,,2026-04-26 11:15:53,,2026-04-27 16:39:48.286181,2026-04-29 23:40:51.959560,2026-04-29 23:40:51.959560
772,231,43,Email,My package arrived but one of the products wasn't inside.,Missing Item,,,High,Closed,,Human,,2026-01-22 08:40:03,,2026-01-22 17:01:22.341034,2026-01-24 04:54:52.309354,2026-01-24 04:54:52.309354
773,305,3262,Email,"I'd like an update on my order tracking, please.",Order Status Inquiry,,,Low,New,,,,2026-06-30 15:15:30,,,,2026-06-30 15:15:30.000000
774,216,,Chat,Just checking in on when my package will arrive.,Order Status Inquiry,,,Low,Closed,,Human,,2026-05-11 11:00:00,,2026-05-13 11:33:22.848890,2026-05-14 02:32:07.622570,2026-05-14 02:32:07.622570
775,502,,Email,"This item didn't meet my expectations, can I get my money back?",Refund Request,,,Medium,Resolved,,Human,,2023-12-20 19:00:00,,2023-12-21 04:00:01.728972,2023-12-22 08:07:57.754372,2023-12-22 08:07:57.754372
776,229,219,Email,Just checking in on when my package will arrive.,Order Status Inquiry,,,Low,New,,,,2026-06-29 04:47:10,,2026-06-29 13:17:52.356160,,2026-06-29 13:17:52.356160
777,71,2503,Chat,My order was supposed to arrive days ago and it still hasn't shown up.,Delivery Delay,,,Medium,Closed,,Human,,2025-04-19 18:45:09,,2025-04-21 00:57:01.145277,2025-04-23 08:31:46.872614,2025-04-23 08:31:46.872614
778,797,2215,Chat,Just checking in on when my package will arrive.,Order Status Inquiry,,,Low,New,,,,2026-06-30 13:12:12,,,,2026-06-30 13:12:12.000000
779,805,2735,Contact Form,My package arrived but one of the products wasn't inside.,Missing Item,,,High,Closed,,Human,,2026-01-05 09:26:10,,2026-01-06 01:42:57.701945,2026-01-06 05:20:13.052312,2026-01-06 05:20:13.052312
780,772,,Chat,There's an issue with the charge on my card for this order.,Payment Problem,,,Low,Closed,,Human,,2025-09-24 18:00:00,,2025-09-27 05:35:07.464975,2025-09-30 03:17:41.180122,2025-09-30 03:17:41.180122
781,7,3497,Phone,Is this product compatible with other accessories I own?,Product Question,,,Low,Closed,,Human,,2026-03-11 00:25:10,,2026-03-12 21:06:17.826608,2026-03-14 04:29:14.211199,2026-03-14 04:29:14.211199
782,683,412,Email,The tracking says my package is delayed. What's going on?,Delivery Delay,,,Medium,Closed,,Human,,2025-12-17 12:37:30,,2025-12-17 21:42:12.323833,2025-12-19 03:25:19.333605,2025-12-19 03:25:19.333605
783,454,2648,Email,The item I received arrived broken/damaged.,Damaged Product,,,High,Closed,,Human,,2026-02-01 02:29:37,,2026-02-01 15:58:00.755177,2026-02-02 17:38:53.219314,2026-02-02 17:38:53.219314
784,212,3706,Chat,My order was supposed to arrive days ago and it still hasn't shown up.,Delivery Delay,,,Medium,Closed,,Human,,2026-04-07 18:35:41,,2026-04-08 23:06:20.774606,2026-04-09 16:48:52.510229,2026-04-09 16:48:52.510229
785,519,1789,Email,"This item didn't meet my expectations, can I get my money back?",Refund Request,,,Urgent,Closed,,Human,,2025-08-23 01:39:17,,2025-08-23 03:55:16.851525,2025-08-23 17:02:13.566698,2025-08-23 17:02:13.566698
786,245,2210,Phone,I'd like to request a refund for my recent order.,Refund Request,,,Urgent,Closed,,Human,,2025-05-08 04:33:23,,2025-05-08 07:52:05.133981,2025-05-08 16:34:54.229325,2025-05-08 16:34:54.229325
787,771,,Contact Form,There's an issue with the charge on my card for this order.,Payment Problem,,,High,Resolved,,Human,,2024-07-16 11:00:00,,2024-07-16 23:24:33.328251,2024-07-17 07:37:52.183472,2024-07-17 07:37:52.183472
788,227,3749,Chat,The tracking says my package is delayed. What's going on?,Delivery Delay,,,Medium,Closed,,Human,,2025-07-22 20:32:33,,2025-07-23 23:08:43.921077,2025-07-25 12:35:06.190920,2025-07-25 12:35:06.190920
789,706,403,Email,I'm very unhappy with my recent experience and want to file a complaint.,Complaint,,,Urgent,Resolved,,Human,,2026-06-01 07:24:06,,2026-06-01 09:47:11.251914,2026-06-02 06:14:31.129428,2026-06-02 06:14:31.129428
790,428,,Chat,My account information seems to be incorrect and I can't update it.,Account Problem,,,Medium,In Progress,,,,2026-06-27 19:00:00,,2026-06-29 01:50:23.472660,,2026-06-29 01:50:23.472660
791,412,154,Email,Please process a refund for the order I placed.,Refund Request,,,Medium,Closed,,Human,,2026-02-23 11:03:12,,2026-02-23 16:21:54.497668,2026-02-26 06:01:32.984255,2026-02-26 06:01:32.984255
792,568,592,Contact Form,Just checking in on when my package will arrive.,Order Status Inquiry,,,Urgent,Resolved,,Human,,2026-06-28 19:29:48,,2026-06-28 22:07:13.663281,2026-06-29 13:43:09.683263,2026-06-29 13:43:09.683263
793,437,239,Email,I'm missing an item from my order.,Missing Item,,,Urgent,Resolved,,Human,,2026-06-16 09:20:17,,2026-06-16 10:47:57.912146,2026-06-17 08:02:09.316497,2026-06-17 08:02:09.316497
794,486,48,Social Media,"Hi, can you tell me the current status of my order? It hasn't updated in a while.",Order Status Inquiry,,,Urgent,Pending Customer,,,,2026-06-25 06:08:09,,2026-06-25 07:35:47.840709,,2026-06-25 07:35:47.840709
795,677,,Chat,My account information seems to be incorrect and I can't update it.,Account Problem,,,Medium,Resolved,,Human,,2026-04-29 12:00:00,,2026-04-30 16:46:34.134662,2026-05-03 08:00:59.078999,2026-05-03 08:00:59.078999
796,486,1913,Email,I was charged twice for the same order.,Payment Problem,,,High,Reopened,,Human,,2026-02-27 08:49:10,,2026-02-27 11:15:19.178341,2026-02-27 19:18:33.994999,2026-02-27 19:18:33.994999
797,595,1104,Contact Form,The item I received arrived broken/damaged.,Damaged Product,,,High,Resolved,,Human,,2026-03-23 17:44:40,,2026-03-24 01:41:33.953975,2026-03-25 10:56:46.775069,2026-03-25 10:56:46.775069
798,497,1521,Email,I'd like to request a refund for my recent order.,Refund Request,,,Medium,Closed,,Human,,2026-05-18 16:35:15,,2026-05-18 23:35:22.559514,2026-05-22 07:32:43.284805,2026-05-22 07:32:43.284805
799,127,,Chat,Can you tell me more about the materials used in this item?,Product Question,,,Low,Reopened,,Human,,2026-05-05 12:00:00,,2026-05-07 19:13:52.693465,2026-05-10 08:39:17.016155,2026-05-10 08:39:17.016155
800,698,2801,Chat,I only received part of my order — something is missing.,Missing Item,,,Medium,Closed,,Human,,2025-09-14 12:25:32,,2025-09-14 18:48:53.173469,2025-09-17 05:20:34.592087,2025-09-17 05:20:34.592087
801,514,63,Email,My package arrived but one of the products wasn't inside.,Missing Item,,,High,In Progress,,,,2026-06-23 00:49:32,,2026-06-23 10:44:37.847200,,2026-06-23 10:44:37.847200
802,509,2898,Chat,I only received part of my order — something is missing.,Missing Item,,,High,Closed,,Human,,2026-06-17 14:02:43,,2026-06-18 07:49:20.655566,2026-06-18 18:44:29.011677,2026-06-18 18:44:29.011677
803,795,3787,Chat,My payment failed but the amount was still deducted from my account.,Payment Problem,,,High,Resolved,,Human,,2023-08-14 20:54:12,,2023-08-15 05:48:03.509895,2023-08-15 14:39:16.651422,2023-08-15 14:39:16.651422
804,555,1418,Email,Is this product compatible with other accessories I own?,Product Question,,,Low,Closed,,Human,,2026-05-18 21:46:57,,2026-05-21 05:58:49.028550,2026-05-21 10:57:15.848744,2026-05-21 10:57:15.848744
805,751,1916,Chat,"This item didn't meet my expectations, can I get my money back?",Refund Request,,,Medium,Closed,,Human,,2026-06-08 16:54:29,,2026-06-08 22:44:43.990196,2026-06-10 20:25:21.402889,2026-06-10 20:25:21.402889
806,998,,Social Media,Is this product compatible with other accessories I own?,Product Question,,,Low,Resolved,,Human,,2025-11-27 13:00:00,,2025-11-28 20:52:13.218530,2025-11-30 06:54:18.647104,2025-11-30 06:54:18.647104
807,211,3182,Email,I'm still waiting on my delivery and the expected date has already passed.,Delivery Delay,,,Medium,Resolved,,Human,,2025-10-29 03:04:45,,2025-10-30 02:10:38.717172,2025-10-31 21:11:59.455336,2025-10-31 21:11:59.455336
808,95,3354,Email,One of the items in my order is defective.,Damaged Product,,,High,Closed,,Human,,2025-08-16 07:22:20,,2025-08-16 12:09:28.763915,2025-08-17 12:31:50.135212,2025-08-17 12:31:50.135212
809,368,,Email,Does this product come in other sizes or colors?,Product Question,,,Urgent,Closed,,Human,,2026-01-30 15:00:00,,2026-01-30 20:38:03.320964,2026-01-31 09:07:17.349749,2026-01-31 09:07:17.349749
810,814,3029,Phone,Just checking in on when my package will arrive.,Order Status Inquiry,,,Low,In Progress,,,,2026-06-24 22:11:28,,2026-06-26 10:07:02.452189,,2026-06-26 10:07:02.452189
811,306,2451,Email,I'd like to request a refund for my recent order.,Refund Request,,,Medium,Closed,,Human,,2026-06-17 05:00:28,,2026-06-17 06:23:01.194767,2026-06-20 14:30:24.729147,2026-06-20 14:30:24.729147
812,340,,Email,"This item didn't meet my expectations, can I get my money back?",Refund Request,,,Medium,Closed,,Human,,2026-02-09 20:00:00,,2026-02-10 01:55:01.297345,2026-02-13 02:03:52.032495,2026-02-13 02:03:52.032495
813,69,2302,Chat,"I'd like an update on my order tracking, please.",Order Status Inquiry,,,Low,New,,,,2026-06-29 18:19:35,,,,2026-06-29 18:19:35.000000
814,530,3545,Email,"This item didn't meet my expectations, can I get my money back?",Refund Request,,,Medium,Resolved,,Human,,2026-06-23 14:09:39,,2026-06-24 03:07:40.502960,2026-06-24 19:11:06.424066,2026-06-24 19:11:06.424066
815,64,994,Chat,My payment failed but the amount was still deducted from my account.,Payment Problem,,,High,Closed,,Human,,2026-05-24 06:55:58,,2026-05-24 13:14:54.510131,2026-05-25 16:51:22.722846,2026-05-25 16:51:22.722846
816,789,1962,Contact Form,I'm missing an item from my order.,Missing Item,,,High,Closed,,Human,,2026-05-17 06:54:51,,2026-05-17 14:51:52.404471,2026-05-19 02:54:29.584050,2026-05-19 02:54:29.584050
817,608,,Email,Is this product compatible with other accessories I own?,Product Question,,,Low,Closed,,Human,,2026-05-01 12:00:00,,2026-05-02 23:12:50.733646,2026-05-05 18:51:13.688241,2026-05-05 18:51:13.688241
818,227,3749,Email,My order was supposed to arrive days ago and it still hasn't shown up.,Delivery Delay,,,Medium,Reopened,,Human,,2025-08-07 23:54:28,,2025-08-08 17:14:49.831254,2025-08-12 08:19:43.231749,2025-08-12 08:19:43.231749
819,403,,Chat,"I'd like an update on my order tracking, please.",Order Status Inquiry,,,Low,Closed,,Human,,2025-02-08 15:00:00,,2025-02-10 16:24:37.406067,2025-02-12 01:18:46.096235,2025-02-12 01:18:46.096235
820,405,1920,Email,This is the second issue I've had and I'm frustrated with the service.,Complaint,,,Urgent,Reopened,,Human,,2026-04-24 08:20:08,,2026-04-24 13:44:00.985861,2026-04-25 06:24:04.719251,2026-04-25 06:24:04.719251
821,8,121,Social Media,The item I received arrived broken/damaged.,Damaged Product,,,High,Resolved,,Human,,2024-09-14 14:58:17,,2024-09-14 19:27:00.508669,2024-09-16 03:25:03.905150,2024-09-16 03:25:03.905150
822,408,,Chat,"I'd like an update on my order tracking, please.",Order Status Inquiry,,,Low,Closed,,Human,,2026-04-03 08:00:00,,2026-04-05 05:44:42.622884,2026-04-05 22:48:18.420342,2026-04-05 22:48:18.420342
823,929,,Chat,I was charged twice for the same order.,Payment Problem,,,High,Resolved,,Human,,2025-09-19 09:00:00,,2025-09-20 00:46:49.449391,2025-09-21 12:39:02.476040,2025-09-21 12:39:02.476040
824,307,1179,Phone,I'm very unhappy with my recent experience and want to file a complaint.,Complaint,,,Urgent,Closed,,Human,,2026-04-08 05:23:38,,2026-04-08 10:13:32.527496,2026-04-08 12:27:04.111121,2026-04-08 12:27:04.111121
825,183,2804,Phone,"This item didn't meet my expectations, can I get my money back?",Refund Request,,,Medium,Closed,,Human,,2026-03-25 22:01:04,,2026-03-26 20:15:52.608987,2026-03-30 10:54:56.881991,2026-03-30 10:54:56.881991
826,160,2809,Phone,"This item didn't meet my expectations, can I get my money back?",Refund Request,,,Medium,Closed,,Human,,2026-06-13 13:37:19,,2026-06-14 05:56:00.343167,2026-06-14 13:15:11.148784,2026-06-14 13:15:11.148784
827,589,,Chat,I'm missing an item from my order.,Missing Item,,,High,Closed,,Human,,2026-06-19 09:00:00,,2026-06-19 23:32:12.802572,2026-06-20 02:36:03.478236,2026-06-20 02:36:03.478236
828,792,1956,Chat,"Hi, can you tell me the current status of my order? It hasn't updated in a while.",Order Status Inquiry,,,Low,New,,,,2026-06-30 00:30:31,,,,2026-06-30 00:30:31.000000
829,708,,Chat,Can you tell me more about the materials used in this item?,Product Question,,,Low,Closed,,Human,,2026-04-30 17:00:00,,2026-05-02 16:17:40.220304,2026-05-04 15:24:06.556658,2026-05-04 15:24:06.556658
830,624,,Phone,I can't log into my account anymore.,Account Problem,,,Medium,Closed,,Human,,2025-10-15 09:00:00,,2025-10-16 11:48:06.385229,2025-10-17 17:55:08.047365,2025-10-17 17:55:08.047365
831,362,1307,Email,This is the second issue I've had and I'm frustrated with the service.,Complaint,,,High,Resolved,,Human,,2025-04-16 07:33:20,,2025-04-16 15:13:54.635792,2025-04-17 17:40:18.378814,2025-04-17 17:40:18.378814
832,89,1159,Chat,I'm missing an item from my order.,Missing Item,,,High,Closed,,Human,,2024-02-16 11:53:01,,2024-02-17 01:40:00.828254,2024-02-17 10:13:49.581045,2024-02-17 10:13:49.581045
833,499,1848,Email,The tracking says my package is delayed. What's going on?,Delivery Delay,,,Medium,Escalated,,,,2026-04-23 02:27:50,,2026-04-23 16:32:03.534163,,2026-04-23 16:32:03.534163
834,18,,Email,I have a general question that doesn't fit the other categories.,Other,,,Low,Reopened,,Human,,2026-02-11 10:00:00,,2026-02-13 05:52:47.583659,2026-02-14 01:49:35.781086,2026-02-14 01:49:35.781086
835,740,37,Phone,I'm still waiting on my delivery and the expected date has already passed.,Delivery Delay,,,Low,Resolved,,Human,,2025-04-18 02:29:40,,2025-04-20 01:53:17.770574,2025-04-22 03:13:58.071544,2025-04-22 03:13:58.071544
836,695,,Chat,I have a general question that doesn't fit the other categories.,Other,,,Low,Closed,,Human,,2026-04-01 09:00:00,,2026-04-02 23:18:13.379015,2026-04-03 08:37:31.779135,2026-04-03 08:37:31.779135
837,356,3634,Email,I'm missing an item from my order.,Missing Item,,,High,Closed,,Human,,2023-10-10 06:30:59,,2023-10-10 09:03:50.962214,2023-10-11 07:55:57.035549,2023-10-11 07:55:57.035549
838,848,2264,Email,The item I received arrived broken/damaged.,Damaged Product,,,High,Resolved,,Human,,2026-03-26 04:35:28,,2026-03-26 18:55:24.843491,2026-03-28 10:56:44.402151,2026-03-28 10:56:44.402151
839,510,,Chat,I have a general question that doesn't fit the other categories.,Other,,,High,Closed,,Human,,2026-06-03 09:00:00,,2026-06-03 18:06:02.528409,2026-06-05 05:29:17.496877,2026-06-05 05:29:17.496877
840,797,1470,Phone,Can you tell me more about the materials used in this item?,Product Question,,,Low,Closed,,Human,,2026-05-08 08:28:19,,2026-05-08 11:37:52.771662,2026-05-08 19:46:18.068111,2026-05-08 19:46:18.068111
841,414,3735,Phone,My payment failed but the amount was still deducted from my account.,Payment Problem,,,High,In Progress,,,,2026-06-27 10:14:50,,2026-06-27 18:30:25.911620,,2026-06-27 18:30:25.911620
842,929,38,Email,I'd like to request a refund for my recent order.,Refund Request,,,Medium,Closed,,Human,,2025-11-14 10:06:34,,2025-11-15 21:33:28.530917,2025-11-19 15:02:32.196373,2025-11-19 15:02:32.196373
843,818,677,Social Media,I'm missing an item from my order.,Missing Item,,,High,Closed,,Human,,2026-01-01 14:00:54,,2026-01-02 06:00:01.313385,2026-01-03 01:56:14.669590,2026-01-03 01:56:14.669590
844,132,3947,Chat,The tracking says my package is delayed. What's going on?,Delivery Delay,,,Medium,Escalated,,,,2025-11-18 02:57:39,,2025-11-19 06:19:16.696809,,2025-11-19 06:19:16.696809
845,453,1736,Contact Form,I want to raise a formal complaint about how my order was handled.,Complaint,,,Urgent,Closed,,Human,,2026-03-31 17:28:35,,2026-03-31 22:25:37.676971,2026-04-01 00:31:45.435283,2026-04-01 00:31:45.435283
846,957,,Email,Is this product compatible with other accessories I own?,Product Question,,,Medium,Escalated,,,,2026-03-28 16:00:00,,2026-03-29 19:56:03.429449,,2026-03-29 19:56:03.429449
847,808,956,Email,Is this product compatible with other accessories I own?,Product Question,,,Low,Closed,,Human,,2026-04-30 19:44:41,,2026-05-01 19:49:07.920086,2026-05-03 10:14:21.865352,2026-05-03 10:14:21.865352
848,928,1973,Email,The item I received arrived broken/damaged.,Damaged Product,,,Low,Reopened,,Human,,2025-07-16 05:17:27,,2025-07-17 07:56:36.414940,2025-07-17 16:39:22.237053,2025-07-17 16:39:22.237053
849,576,,Chat,Does this product come in other sizes or colors?,Product Question,,,Low,Resolved,,Human,,2025-03-24 11:00:00,,2025-03-26 20:17:31.946779,2025-03-27 08:42:10.587255,2025-03-27 08:42:10.587255
850,500,1539,Contact Form,This is the second issue I've had and I'm frustrated with the service.,Complaint,,,Urgent,Closed,,Human,,2025-02-11 20:17:03,,2025-02-11 22:16:22.245015,2025-02-11 23:17:02.666863,2025-02-11 23:17:02.666863
851,184,1891,Email,Please process a refund for the order I placed.,Refund Request,,,Medium,Reopened,,Human,,2025-08-17 12:59:08,,2025-08-17 18:25:59.560954,2025-08-18 20:33:29.979177,2025-08-18 20:33:29.979177
852,848,2449,Email,The tracking says my package is delayed. What's going on?,Delivery Delay,,,Medium,Closed,,Human,,2026-01-24 09:59:40,,2026-01-25 10:45:44.107525,2026-01-28 06:09:49.258055,2026-01-28 06:09:49.258055
853,943,1754,Chat,Please process a refund for the order I placed.,Refund Request,,,Medium,Closed,,Human,,2026-04-23 18:46:54,,2026-04-23 22:25:09.159959,2026-04-25 02:08:04.829872,2026-04-25 02:08:04.829872
854,351,,Chat,My payment failed but the amount was still deducted from my account.,Payment Problem,,,Urgent,Closed,,Human,,2026-05-16 10:00:00,,2026-05-16 14:27:37.286492,2026-05-16 16:44:31.541887,2026-05-16 16:44:31.541887
855,128,440,Email,My payment failed but the amount was still deducted from my account.,Payment Problem,,,High,Closed,,Human,,2025-11-29 17:29:57,,2025-11-30 06:45:36.759596,2025-11-30 20:54:21.076241,2025-11-30 20:54:21.076241
856,322,2432,Email,My order was supposed to arrive days ago and it still hasn't shown up.,Delivery Delay,,,High,Closed,,Human,,2026-04-02 20:12:00,,2026-04-03 11:51:10.201281,2026-04-05 00:10:18.616264,2026-04-05 00:10:18.616264
857,192,1399,Chat,Can you tell me more about the materials used in this item?,Product Question,,,Low,Closed,,Human,,2025-06-11 18:13:41,,2025-06-12 01:26:37.485615,2025-06-14 06:01:05.963138,2025-06-14 06:01:05.963138
858,749,1216,Chat,Please process a refund for the order I placed.,Refund Request,,,Medium,Resolved,,Human,,2025-08-29 04:39:43,,2025-08-30 12:20:19.516557,2025-09-03 12:00:11.575369,2025-09-03 12:00:11.575369
859,6,2543,Chat,Just checking in on when my package will arrive.,Order Status Inquiry,,,Low,New,,,,2026-06-30 14:03:14,,,,2026-06-30 14:03:14.000000
860,55,,Email,"I'd like an update on my order tracking, please.",Order Status Inquiry,,,Low,Closed,,Human,,2025-03-14 17:00:00,,2025-03-14 23:10:37.261344,2025-03-16 05:04:54.493178,2025-03-16 05:04:54.493178
861,103,1907,Email,My package arrived but one of the products wasn't inside.,Missing Item,,,High,In Progress,,,,2026-06-22 00:02:15,,2026-06-22 06:00:02.639385,,2026-06-22 06:00:02.639385
862,803,3897,Email,I'm still waiting on my delivery and the expected date has already passed.,Delivery Delay,,,Medium,Closed,,Human,,2025-11-10 17:22:19,,2025-11-11 14:06:50.629840,2025-11-12 22:15:37.884529,2025-11-12 22:15:37.884529
863,512,,Chat,Just have a quick question for your support team.,Other,,,Low,Closed,,Human,,2025-02-17 15:00:00,,2025-02-20 02:53:35.829571,2025-02-22 09:37:39.733791,2025-02-22 09:37:39.733791
864,488,,Email,I was charged twice for the same order.,Payment Problem,,,High,Resolved,,Human,,2024-02-28 17:00:00,,2024-02-29 04:12:21.805547,2024-03-01 11:20:23.717290,2024-03-01 11:20:23.717290
865,40,,Email,Can you tell me more about the materials used in this item?,Product Question,,,Low,Closed,,Human,,2025-06-09 17:00:00,,2025-06-11 04:43:04.676750,2025-06-12 00:35:04.754624,2025-06-12 00:35:04.754624
866,156,3106,Email,I'd like to request a refund for my recent order.,Refund Request,,,Medium,Resolved,,Human,,2025-10-24 04:13:40,,2025-10-25 01:23:28.308058,2025-10-26 00:57:02.924169,2025-10-26 00:57:02.924169
867,289,,Email,Can you tell me more about the materials used in this item?,Product Question,,,Low,Closed,,Human,,2026-03-16 09:00:00,,2026-03-17 06:15:04.853185,2026-03-17 21:54:09.762515,2026-03-17 21:54:09.762515
868,226,1912,Chat,I'm missing an item from my order.,Missing Item,,,High,Escalated,,,,2024-08-18 21:37:18,,2024-08-19 07:25:34.787958,,2024-08-19 07:25:34.787958
869,803,3897,Email,I'm still waiting on my delivery and the expected date has already passed.,Delivery Delay,,,Medium,Closed,,Human,,2025-10-19 09:22:01,,2025-10-19 18:45:34.011912,2025-10-20 20:31:59.971002,2025-10-20 20:31:59.971002
870,883,459,Phone,My payment failed but the amount was still deducted from my account.,Payment Problem,,,Urgent,Closed,,Human,,2026-06-14 05:03:31,,2026-06-14 09:25:47.205880,2026-06-15 02:00:21.806927,2026-06-15 02:00:21.806927
871,265,2570,Phone,My order was supposed to arrive days ago and it still hasn't shown up.,Delivery Delay,,,Medium,Resolved,,Human,,2026-06-17 04:36:49,,2026-06-18 08:11:27.394317,2026-06-21 23:06:19.424003,2026-06-21 23:06:19.424003
872,250,3157,Email,"This item didn't meet my expectations, can I get my money back?",Refund Request,,,Medium,Closed,,Human,,2025-04-16 04:48:12,,2025-04-17 14:47:43.895524,2025-04-18 23:10:31.303916,2025-04-18 23:10:31.303916
873,17,,Chat,Reaching out about something unrelated to a specific order.,Other,,,Low,Closed,,Human,,2026-02-27 12:00:00,,2026-03-01 03:02:34.996745,2026-03-01 20:36:32.078110,2026-03-01 20:36:32.078110
874,103,2277,Phone,My order showed up with visible damage to the packaging and product.,Damaged Product,,,High,Reopened,,Human,,2026-05-11 17:36:37,,2026-05-11 23:57:29.617886,2026-05-13 10:18:09.304343,2026-05-13 10:18:09.304343
875,257,3771,Email,I want to raise a formal complaint about how my order was handled.,Complaint,,,Urgent,Reopened,,Human,,2024-09-09 13:34:39,,2024-09-09 18:03:55.124864,2024-09-09 20:19:19.726160,2024-09-09 20:19:19.726160
876,918,,Chat,My account information seems to be incorrect and I can't update it.,Account Problem,,,Medium,Closed,,Human,,2026-04-07 09:00:00,,2026-04-08 19:07:26.241576,2026-04-10 01:37:41.016139,2026-04-10 01:37:41.016139
877,776,1672,Contact Form,My payment failed but the amount was still deducted from my account.,Payment Problem,,,High,Resolved,,Human,,2026-04-16 21:20:55,,2026-04-17 02:07:14.627040,2026-04-17 23:21:57.226047,2026-04-17 23:21:57.226047
878,379,690,Email,"I'd like an update on my order tracking, please.",Order Status Inquiry,,,Low,Closed,,Human,,2026-06-23 10:36:03,,2026-06-23 17:32:47.988605,2026-06-26 07:27:05.669862,2026-06-26 07:27:05.669862
879,454,2321,Email,I'd like to request a refund for my recent order.,Refund Request,,,Medium,Closed,,Human,,2025-10-05 16:42:38,,2025-10-06 10:46:41.455117,2025-10-06 17:01:57.073144,2025-10-06 17:01:57.073144
880,267,85,Email,"I'd like an update on my order tracking, please.",Order Status Inquiry,,,Low,New,,,,2026-06-29 08:21:03,,2026-06-29 15:42:29.876046,,2026-06-29 15:42:29.876046
881,184,3126,Email,The tracking says my package is delayed. What's going on?,Delivery Delay,,,Medium,In Progress,,,,2026-06-23 09:37:59,,2026-06-23 11:41:55.256102,,2026-06-23 11:41:55.256102
882,559,2567,Social Media,Just checking in on when my package will arrive.,Order Status Inquiry,,,Low,In Progress,,,,2026-06-29 16:24:49,,,,2026-06-29 16:24:49.000000
883,356,,Chat,Does this product come in other sizes or colors?,Product Question,,,Low,Resolved,,Human,,2023-10-29 08:00:00,,2023-10-30 06:11:45.361293,2023-10-31 10:26:39.934573,2023-10-31 10:26:39.934573
884,824,,Contact Form,Please process a refund for the order I placed.,Refund Request,,,Medium,Closed,,Human,,2026-05-03 08:00:00,,2026-05-03 10:12:04.996911,2026-05-06 07:25:12.783360,2026-05-06 07:25:12.783360
885,616,3732,Email,Just checking in on when my package will arrive.,Order Status Inquiry,,,Low,In Progress,,,,2026-06-29 19:33:57,,2026-06-30 12:15:26.998011,,2026-06-30 12:15:26.998011
886,787,,Phone,I'm very unhappy with my recent experience and want to file a complaint.,Complaint,,,Urgent,Closed,,Human,,2026-03-12 14:00:00,,2026-03-12 18:58:30.251403,2026-03-13 14:55:35.395957,2026-03-13 14:55:35.395957
887,763,,Social Media,My account information seems to be incorrect and I can't update it.,Account Problem,,,Medium,Closed,,Human,,2026-03-09 16:00:00,,2026-03-10 01:57:01.880705,2026-03-13 19:18:28.275327,2026-03-13 19:18:28.275327
888,988,3844,Email,I'm still waiting on my delivery and the expected date has already passed.,Delivery Delay,,,Low,Closed,,Human,,2026-05-24 23:20:32,,2026-05-26 23:28:56.490987,2026-05-29 14:10:38.685312,2026-05-29 14:10:38.685312
889,470,3013,Email,Please process a refund for the order I placed.,Refund Request,,,Medium,Escalated,,,,2026-01-09 21:58:51,,2026-01-10 05:27:03.050240,,2026-01-10 05:27:03.050240
890,568,215,Contact Form,"Hi, can you tell me the current status of my order? It hasn't updated in a while.",Order Status Inquiry,,,Low,New,,,,2026-06-29 21:07:13,,,,2026-06-29 21:07:13.000000
891,509,83,Email,My payment failed but the amount was still deducted from my account.,Payment Problem,,,High,Resolved,,Human,,2026-05-24 23:18:26,,2026-05-25 16:31:23.607256,2026-05-26 05:15:38.254302,2026-05-26 05:15:38.254302
892,737,2737,Social Media,"I'd like an update on my order tracking, please.",Order Status Inquiry,,,Low,In Progress,,,,2026-06-29 16:48:45,,,,2026-06-29 16:48:45.000000
893,415,784,Email,"Hi, can you tell me the current status of my order? It hasn't updated in a while.",Order Status Inquiry,,,Low,New,,,,2026-06-30 15:22:24,,,,2026-06-30 15:22:24.000000
894,966,2511,Chat,I'm still waiting on my delivery and the expected date has already passed.,Delivery Delay,,,Medium,Closed,,Human,,2025-08-29 23:07:30,,2025-08-31 10:16:16.172099,2025-09-04 06:26:21.167196,2025-09-04 06:26:21.167196
895,943,644,Phone,I'd like to request a refund for my recent order.,Refund Request,,,Medium,Closed,,Human,,2026-05-10 16:46:09,,2026-05-11 09:28:28.196626,2026-05-13 12:58:46.414043,2026-05-13 12:58:46.414043
896,449,,Chat,"This item didn't meet my expectations, can I get my money back?",Refund Request,,,Urgent,Escalated,,,,2026-05-31 10:00:00,,2026-05-31 12:44:10.074900,,2026-05-31 12:44:10.074900
897,503,,Email,Reaching out about something unrelated to a specific order.,Other,,,Low,Resolved,,Human,,2026-02-17 09:00:00,,2026-02-17 20:32:14.853056,2026-02-18 22:39:11.731150,2026-02-18 22:39:11.731150
898,166,2831,Chat,Just checking in on when my package will arrive.,Order Status Inquiry,,,Low,New,,,,2026-06-30 20:22:44,,,,2026-06-30 20:22:44.000000
899,383,1322,Chat,I'm missing an item from my order.,Missing Item,,,High,Closed,,Human,,2026-03-17 04:09:04,,2026-03-17 07:29:28.784070,2026-03-18 18:35:35.812487,2026-03-18 18:35:35.812487
900,184,1891,Email,I'd like to request a refund for my recent order.,Refund Request,,,Medium,Closed,,Human,,2025-08-17 08:34:39,,2025-08-18 13:47:19.005490,2025-08-20 22:21:25.957760,2025-08-20 22:21:25.957760
901,199,339,Phone,I'd like to request a refund for my recent order.,Refund Request,,,Medium,Resolved,,Human,,2026-04-23 12:17:08,,2026-04-24 06:04:47.575239,2026-04-26 03:41:00.840985,2026-04-26 03:41:00.840985
902,471,3447,Email,"I'd like an update on my order tracking, please.",Order Status Inquiry,,,Low,New,,,,2026-06-29 20:02:40,,2026-06-30 14:27:51.268421,,2026-06-30 14:27:51.268421
903,882,,Chat,I was charged twice for the same order.,Payment Problem,,,Urgent,Closed,,Human,,2025-01-23 12:00:00,,2025-01-23 17:32:40.216629,2025-01-24 03:45:17.125909,2025-01-24 03:45:17.125909
904,993,,Chat,Does this product come in other sizes or colors?,Product Question,,,Low,Closed,,Human,,2026-03-02 18:00:00,,2026-03-03 06:18:17.381054,2026-03-04 00:15:49.141394,2026-03-04 00:15:49.141394
905,497,3946,Email,I'd like to request a refund for my recent order.,Refund Request,,,Low,Closed,,Human,,2025-10-01 19:19:51,,2025-10-03 21:36:13.429218,2025-10-05 17:44:16.077706,2025-10-05 17:44:16.077706
906,164,299,Chat,"Hi, can you tell me the current status of my order? It hasn't updated in a while.",Order Status Inquiry,,,Low,Escalated,,,,2026-06-27 01:17:40,,2026-06-28 15:50:52.968057,,2026-06-28 15:50:52.968057
907,972,3098,Email,I'm very unhappy with my recent experience and want to file a complaint.,Complaint,,,Urgent,Pending Customer,,,,2026-06-28 12:19:37,,2026-06-28 14:00:58.671365,,2026-06-28 14:00:58.671365
908,892,1680,Chat,I'm missing an item from my order.,Missing Item,,,High,In Progress,,,,2026-06-12 02:49:56,,2026-06-12 05:16:28.816773,,2026-06-12 05:16:28.816773
909,54,1568,Email,I'm missing an item from my order.,Missing Item,,,High,Resolved,,Human,,2024-12-20 17:03:54,,2024-12-20 20:10:25.591900,2024-12-21 05:17:29.318780,2024-12-21 05:17:29.318780
910,179,,Chat,My package arrived but one of the products wasn't inside.,Missing Item,,,Urgent,Closed,,Human,,2026-06-23 09:00:00,,2026-06-23 11:41:13.264590,2026-06-24 07:19:42.471619,2026-06-24 07:19:42.471619
911,276,1373,Chat,I only received part of my order — something is missing.,Missing Item,,,High,Resolved,,Human,,2025-07-24 14:55:53,,2025-07-24 21:11:43.371816,2025-07-25 06:57:48.590588,2025-07-25 06:57:48.590588
912,826,,Chat,Can you tell me more about the materials used in this item?,Product Question,,,Low,Escalated,,,,2026-06-17 12:00:00,,2026-06-18 23:31:17.781147,,2026-06-18 23:31:17.781147
913,530,1581,Contact Form,One of the items in my order is defective.,Damaged Product,,,Urgent,Closed,,Human,,2026-06-23 02:08:55,,2026-06-23 04:32:15.375692,2026-06-23 06:10:04.901726,2026-06-23 06:10:04.901726
914,98,,Social Media,Reaching out about something unrelated to a specific order.,Other,,,Low,Closed,,Human,,2026-03-14 15:00:00,,2026-03-15 02:43:41.161852,2026-03-15 07:16:58.819716,2026-03-15 07:16:58.819716
915,143,,Email,I can't log into my account anymore.,Account Problem,,,Medium,Resolved,,Human,,2026-05-13 11:00:00,,2026-05-14 15:05:01.791773,2026-05-16 04:49:27.480659,2026-05-16 04:49:27.480659
916,374,3662,Email,The tracking says my package is delayed. What's going on?,Delivery Delay,,,Medium,Closed,,Human,,2026-04-26 22:08:37,,2026-04-27 11:18:25.153733,2026-04-30 03:42:48.530739,2026-04-30 03:42:48.530739
917,721,3480,Phone,Just checking in on when my package will arrive.,Order Status Inquiry,,,Low,New,,,,2026-06-30 21:30:31,,,,2026-06-30 21:30:31.000000
918,373,3168,Email,This is the second issue I've had and I'm frustrated with the service.,Complaint,,,Low,Closed,,Human,,2022-02-05 04:00:07,,2022-02-06 07:19:06.670284,2022-02-06 15:12:14.771086,2022-02-06 15:12:14.771086
919,335,2410,Email,My order showed up with visible damage to the packaging and product.,Damaged Product,,,High,Closed,,Human,,2026-06-06 11:16:15,,2026-06-06 19:29:58.379662,2026-06-08 08:49:51.343907,2026-06-08 08:49:51.343907
920,135,3340,Email,I'm still waiting on my delivery and the expected date has already passed.,Delivery Delay,,,Medium,Closed,,Human,,2025-09-15 08:56:19,,2025-09-15 17:18:22.688194,2025-09-18 23:01:46.932740,2025-09-18 23:01:46.932740
921,716,3846,Phone,My package arrived but one of the products wasn't inside.,Missing Item,,,Low,Closed,,Human,,2026-03-25 00:38:34,,2026-03-26 01:43:29.238207,2026-03-28 07:23:17.327563,2026-03-28 07:23:17.327563
922,13,,Chat,My payment failed but the amount was still deducted from my account.,Payment Problem,,,High,Closed,,Human,,2026-03-07 17:00:00,,2026-03-08 03:21:40.595352,2026-03-08 18:44:50.375561,2026-03-08 18:44:50.375561
923,833,1426,Chat,I'm still waiting on my delivery and the expected date has already passed.,Delivery Delay,,,Medium,In Progress,,,,2026-06-22 19:51:25,,2026-06-23 00:36:17.113757,,2026-06-23 00:36:17.113757
924,733,3886,Chat,I only received part of my order — something is missing.,Missing Item,,,High,Resolved,,Human,,2025-11-18 15:32:37,,2025-11-19 02:28:07.552541,2025-11-19 10:28:09.638717,2025-11-19 10:28:09.638717
925,981,2528,Email,Please process a refund for the order I placed.,Refund Request,,,Medium,Closed,,Human,,2025-07-26 15:29:05,,2025-07-27 02:21:15.668673,2025-07-28 22:29:30.399552,2025-07-28 22:29:30.399552
926,486,3657,Email,My order was supposed to arrive days ago and it still hasn't shown up.,Delivery Delay,,,Medium,Closed,,Human,,2026-06-14 16:12:13,,2026-06-15 23:02:32.935056,2026-06-17 14:20:44.905617,2026-06-17 14:20:44.905617
927,311,2336,Email,Please process a refund for the order I placed.,Refund Request,,,Medium,Escalated,,,,2025-09-14 05:16:01,,2025-09-14 15:17:36.727852,,2025-09-14 15:17:36.727852
928,950,3287,Chat,My package arrived but one of the products wasn't inside.,Missing Item,,,High,New,,,,2026-06-29 22:10:50,,2026-06-30 07:54:22.132783,,2026-06-30 07:54:22.132783
929,457,3863,Chat,I only received part of my order — something is missing.,Missing Item,,,High,Closed,,Human,,2026-02-15 05:53:29,,2026-02-15 13:59:32.969353,2026-02-15 21:39:43.724790,2026-02-15 21:39:43.724790
930,229,2881,Email,Just checking in on when my package will arrive.,Order Status Inquiry,,,Urgent,New,,,,2026-06-29 10:33:46,,2026-06-29 16:26:07.610796,,2026-06-29 16:26:07.610796
931,999,1759,Chat,I only received part of my order — something is missing.,Missing Item,,,High,Closed,,Human,,2025-08-20 23:21:51,,2025-08-21 11:04:42.604504,2025-08-22 23:24:28.790028,2025-08-22 23:24:28.790028
932,77,2213,Contact Form,Please process a refund for the order I placed.,Refund Request,,,Medium,Closed,,Human,,2025-09-28 14:22:43,,2025-09-29 22:59:58.650904,2025-09-30 05:26:33.339726,2025-09-30 05:26:33.339726
933,420,,Email,This is the second issue I've had and I'm frustrated with the service.,Complaint,,,Urgent,Closed,,Human,,2026-01-07 16:00:00,,2026-01-07 20:42:47.939561,2026-01-08 05:32:43.781856,2026-01-08 05:32:43.781856
934,21,3452,Chat,My order was supposed to arrive days ago and it still hasn't shown up.,Delivery Delay,,,Medium,Escalated,,,,2026-06-17 17:28:11,,2026-06-18 20:44:18.883032,,2026-06-18 20:44:18.883032
935,188,,Chat,I need help resetting my password.,Account Problem,,,Low,Reopened,,Human,,2023-12-16 13:00:00,,2023-12-18 16:59:08.936199,2023-12-20 20:45:10.807592,2023-12-20 20:45:10.807592
936,879,,Email,I'd like to request a refund for my recent order.,Refund Request,,,Low,Reopened,,Human,,2025-12-10 11:00:00,,2025-12-12 20:09:06.898255,2025-12-13 03:57:46.010099,2025-12-13 03:57:46.010099
937,537,1281,Chat,The tracking says my package is delayed. What's going on?,Delivery Delay,,,Medium,Resolved,,Human,,2025-01-14 01:39:55,,2025-01-15 01:52:43.587475,2025-01-18 21:19:28.027714,2025-01-18 21:19:28.027714
938,267,85,Contact Form,Just checking in on when my package will arrive.,Order Status Inquiry,,,Low,In Progress,,,,2026-06-29 16:32:49,,2026-06-29 21:40:34.831054,,2026-06-29 21:40:34.831054
939,680,479,Phone,I'm missing an item from my order.,Missing Item,,,High,Closed,,Human,,2026-03-28 22:12:43,,2026-03-29 14:15:56.135504,2026-03-30 05:54:01.747993,2026-03-30 05:54:01.747993
940,724,,Phone,There's an issue with the charge on my card for this order.,Payment Problem,,,High,Resolved,,Human,,2026-05-13 19:00:00,,2026-05-14 07:34:36.610681,2026-05-15 19:56:50.631665,2026-05-15 19:56:50.631665
941,895,3448,Contact Form,I want to raise a formal complaint about how my order was handled.,Complaint,,,Urgent,Resolved,,Human,,2026-06-07 22:31:03,,2026-06-07 23:50:15.944079,2026-06-08 02:19:23.355899,2026-06-08 02:19:23.355899
942,168,2850,Email,Just checking in on when my package will arrive.,Order Status Inquiry,,,Low,In Progress,,,,2026-06-29 17:13:33,,,,2026-06-29 17:13:33.000000
943,818,362,Chat,This is the second issue I've had and I'm frustrated with the service.,Complaint,,,Low,Closed,,Human,,2026-03-06 22:50:40,,2026-03-08 23:23:38.428104,2026-03-10 19:13:30.837057,2026-03-10 19:13:30.837057
944,953,3533,Chat,Just checking in on when my package will arrive.,Order Status Inquiry,,,Low,New,,,,2026-06-30 07:44:54,,,,2026-06-30 07:44:54.000000
945,412,2126,Email,I'm missing an item from my order.,Missing Item,,,High,Resolved,,Human,,2025-11-19 02:35:32,,2025-11-19 04:52:39.494823,2025-11-20 19:31:58.171160,2025-11-20 19:31:58.171160
946,656,227,Email,Please process a refund for the order I placed.,Refund Request,,,Medium,Closed,,Human,,2025-09-09 10:48:43,,2025-09-09 16:06:40.803522,2025-09-12 20:21:38.242990,2025-09-12 20:21:38.242990
947,169,,Chat,"Hi, can you tell me the current status of my order? It hasn't updated in a while.",Order Status Inquiry,,,Low,Closed,,Human,,2024-11-24 10:00:00,,2024-11-26 21:49:41.518958,2024-11-28 09:19:28.156782,2024-11-28 09:19:28.156782
948,396,275,Chat,Is this product compatible with other accessories I own?,Product Question,,,Low,Closed,,Human,,2026-06-02 19:48:13,,2026-06-03 05:51:43.103204,2026-06-04 13:14:23.068521,2026-06-04 13:14:23.068521
949,417,231,Contact Form,The tracking says my package is delayed. What's going on?,Delivery Delay,,,Medium,Resolved,,Human,,2026-06-26 18:02:29,,2026-06-27 04:15:18.223579,2026-06-29 07:53:27.309361,2026-06-29 07:53:27.309361
950,53,984,Chat,My order showed up with visible damage to the packaging and product.,Damaged Product,,,High,Escalated,,,,2026-04-03 04:29:35,,2026-04-03 20:10:05.180741,,2026-04-03 20:10:05.180741
951,435,2614,Chat,My order showed up with visible damage to the packaging and product.,Damaged Product,,,Medium,Escalated,,,,2024-11-28 02:38:06,,2024-11-28 21:08:27.432375,,2024-11-28 21:08:27.432375
952,509,3661,Social Media,"Hi, can you tell me the current status of my order? It hasn't updated in a while.",Order Status Inquiry,,,Low,Escalated,,,,2026-06-25 11:39:12,,2026-06-27 13:20:06.054313,,2026-06-27 13:20:06.054313
953,812,,Email,I can't log into my account anymore.,Account Problem,,,Medium,Closed,,Human,,2026-04-26 18:00:00,,2026-04-27 12:14:30.383851,2026-04-29 01:59:57.589561,2026-04-29 01:59:57.589561
954,859,2491,Chat,I'm still waiting on my delivery and the expected date has already passed.,Delivery Delay,,,Low,Closed,,Human,,2025-12-29 00:51:32,,2025-12-30 20:44:02.770137,2026-01-02 05:42:04.860062,2026-01-02 05:42:04.860062
955,71,,Email,Does this product come in other sizes or colors?,Product Question,,,Low,Closed,,Human,,2023-09-26 09:00:00,,2023-09-27 06:58:14.046739,2023-09-30 05:30:37.785718,2023-09-30 05:30:37.785718
956,821,3301,Email,"I'd like an update on my order tracking, please.",Order Status Inquiry,,,Low,In Progress,,,,2026-06-30 19:51:24,,,,2026-06-30 19:51:24.000000
957,736,493,Chat,The item I received arrived broken/damaged.,Damaged Product,,,High,Resolved,,Human,,2026-01-19 15:38:50,,2026-01-19 19:01:29.854611,2026-01-21 12:25:52.744711,2026-01-21 12:25:52.744711
958,784,,Email,Does this product come in other sizes or colors?,Product Question,,,Low,Closed,,Human,,2025-12-16 16:00:00,,2025-12-17 00:04:05.050364,2025-12-17 07:52:20.367875,2025-12-17 07:52:20.367875
959,999,1047,Email,One of the items in my order is defective.,Damaged Product,,,High,Closed,,Human,,2026-03-24 08:20:28,,2026-03-24 13:37:45.307742,2026-03-24 16:22:57.727350,2026-03-24 16:22:57.727350
960,222,1870,Phone,My package arrived but one of the products wasn't inside.,Missing Item,,,Low,Escalated,,,,2025-03-17 18:52:38,,2025-03-18 15:00:55.154973,,2025-03-18 15:00:55.154973
961,356,281,Email,I'm still waiting on my delivery and the expected date has already passed.,Delivery Delay,,,Medium,Closed,,Human,,2025-07-21 02:19:38,,2025-07-22 08:40:43.639070,2025-07-26 02:39:01.691058,2025-07-26 02:39:01.691058
962,245,,Phone,My package arrived but one of the products wasn't inside.,Missing Item,,,High,Closed,,Human,,2025-12-25 12:00:00,,2025-12-25 23:20:15.021535,2025-12-27 10:47:20.936485,2025-12-27 10:47:20.936485
963,820,,Chat,There's an issue with the charge on my card for this order.,Payment Problem,,,High,Closed,,Human,,2025-11-26 11:00:00,,2025-11-26 11:42:22.002269,2025-11-27 08:00:25.709278,2025-11-27 08:00:25.709278
964,575,2717,Chat,I was charged twice for the same order.,Payment Problem,,,High,Closed,,Human,,2026-02-26 23:49:03,,2026-02-27 03:11:55.373359,2026-02-28 06:10:03.250607,2026-02-28 06:10:03.250607
965,902,532,Social Media,My order was supposed to arrive days ago and it still hasn't shown up.,Delivery Delay,,,High,Closed,,Human,,2026-03-14 12:58:05,,2026-03-14 20:57:01.317119,2026-03-15 14:32:47.573072,2026-03-15 14:32:47.573072
966,568,992,Phone,There's an issue with the charge on my card for this order.,Payment Problem,,,Low,Resolved,,Human,,2026-06-13 22:40:20,,2026-06-14 22:45:13.527211,2026-06-16 07:34:45.773313,2026-06-16 07:34:45.773313
967,796,862,Email,There's an issue with the charge on my card for this order.,Payment Problem,,,High,Resolved,,Human,,2026-06-06 05:08:11,,2026-06-06 14:35:04.932987,2026-06-08 13:15:42.323194,2026-06-08 13:15:42.323194
968,625,,Chat,"Hi, can you tell me the current status of my order? It hasn't updated in a while.",Order Status Inquiry,,,Low,Resolved,,Human,,2025-09-15 13:00:00,,2025-09-16 21:47:01.200420,2025-09-18 16:42:06.706935,2025-09-18 16:42:06.706935
969,107,1401,Email,My order was supposed to arrive days ago and it still hasn't shown up.,Delivery Delay,,,Medium,Reopened,,Human,,2026-01-16 11:18:52,,2026-01-16 19:48:57.922573,2026-01-20 07:21:28.330972,2026-01-20 07:21:28.330972
970,917,,Chat,Does this product come in other sizes or colors?,Product Question,,,High,Closed,,Human,,2025-07-21 18:00:00,,2025-07-22 11:32:07.983504,2025-07-22 15:22:34.024641,2025-07-22 15:22:34.024641
971,479,,Chat,I need help resetting my password.,Account Problem,,,High,Closed,,Human,,2025-03-20 20:00:00,,2025-03-20 21:51:46.126650,2025-03-21 21:18:27.332730,2025-03-21 21:18:27.332730
972,972,408,Email,I'm still waiting on my delivery and the expected date has already passed.,Delivery Delay,,,Medium,Closed,,Human,,2026-05-26 04:50:11,,2026-05-26 14:35:39.716172,2026-05-27 10:18:58.814092,2026-05-27 10:18:58.814092
973,514,2125,Chat,"I'd like an update on my order tracking, please.",Order Status Inquiry,,,Low,Pending Customer,,,,2026-06-26 13:40:50,,2026-06-27 02:32:40.216270,,2026-06-27 02:32:40.216270
974,34,1277,Social Media,I'd like to request a refund for my recent order.,Refund Request,,,Medium,Closed,,Human,,2026-05-28 08:58:56,,2026-05-28 16:11:23.814494,2026-06-01 15:22:47.899658,2026-06-01 15:22:47.899658
975,685,1828,Chat,"Hi, can you tell me the current status of my order? It hasn't updated in a while.",Order Status Inquiry,,,Urgent,In Progress,,,,2026-06-29 00:37:43,,2026-06-29 06:13:39.224051,,2026-06-29 06:13:39.224051
976,379,678,Phone,"Hi, can you tell me the current status of my order? It hasn't updated in a while.",Order Status Inquiry,,,Low,Escalated,,,,2026-06-28 09:16:20,,2026-06-30 12:11:56.795912,,2026-06-30 12:11:56.795912
977,103,2433,Email,I only received part of my order — something is missing.,Missing Item,,,High,Closed,,Human,,2026-04-17 14:46:47,,2026-04-18 05:10:09.880349,2026-04-18 12:07:49.835191,2026-04-18 12:07:49.835191
978,193,871,Email,"I'd like an update on my order tracking, please.",Order Status Inquiry,,,Low,Pending Customer,,,,2026-06-28 03:38:02,,2026-06-28 20:04:08.032825,,2026-06-28 20:04:08.032825
979,233,3998,Email,My order showed up with visible damage to the packaging and product.,Damaged Product,,,High,Closed,,Human,,2024-10-07 02:35:53,,2024-10-07 17:12:15.705255,2024-10-08 15:50:11.627928,2024-10-08 15:50:11.627928
980,396,3138,Email,I only received part of my order — something is missing.,Missing Item,,,High,Resolved,,Human,,2026-06-15 17:13:16,,2026-06-15 19:19:11.073602,2026-06-16 02:16:49.359171,2026-06-16 02:16:49.359171
981,119,3929,Email,My package arrived but one of the products wasn't inside.,Missing Item,,,High,Closed,,Human,,2026-05-25 02:51:29,,2026-05-25 05:17:44.766138,2026-05-26 07:31:36.196777,2026-05-26 07:31:36.196777
982,15,847,Phone,Just checking in on when my package will arrive.,Order Status Inquiry,,,Low,Pending Customer,,,,2026-06-26 17:25:09,,2026-06-27 03:05:02.154063,,2026-06-27 03:05:02.154063
983,774,3535,Chat,I'd like to request a refund for my recent order.,Refund Request,,,Medium,Closed,,Human,,2026-06-17 00:04:06,,2026-06-17 22:49:04.308432,2026-06-21 15:26:26.839655,2026-06-21 15:26:26.839655
984,829,1252,Email,The tracking says my package is delayed. What's going on?,Delivery Delay,,,Urgent,Closed,,Human,,2026-01-22 01:36:35,,2026-01-22 02:34:57.463144,2026-01-22 18:04:09.573509,2026-01-22 18:04:09.573509
985,365,,Phone,I'm very unhappy with my recent experience and want to file a complaint.,Complaint,,,Urgent,Closed,,Human,,2026-01-30 14:00:00,,2026-01-30 15:29:07.809692,2026-01-31 13:03:12.841101,2026-01-31 13:03:12.841101
986,711,,Chat,This is the second issue I've had and I'm frustrated with the service.,Complaint,,,Urgent,Closed,,Human,,2024-10-07 11:00:00,,2024-10-07 12:34:22.153629,2024-10-08 07:47:06.792185,2024-10-08 07:47:06.792185
987,185,3698,Chat,Is this product compatible with other accessories I own?,Product Question,,,Low,Reopened,,Human,,2026-04-20 03:30:30,,2026-04-20 10:54:12.476353,2026-04-21 14:24:48.385300,2026-04-21 14:24:48.385300
988,438,1192,Chat,My order was supposed to arrive days ago and it still hasn't shown up.,Delivery Delay,,,Medium,In Progress,,,,2026-06-23 20:31:24,,2026-06-24 09:04:13.656278,,2026-06-24 09:04:13.656278
989,483,,Phone,Can you tell me more about the materials used in this item?,Product Question,,,Low,Closed,,Human,,2025-10-06 08:00:00,,2025-10-07 07:38:11.922534,2025-10-10 01:14:33.832041,2025-10-10 01:14:33.832041
990,140,2520,Chat,Just checking in on when my package will arrive.,Order Status Inquiry,,,Low,New,,,,2026-06-30 14:04:28,,,,2026-06-30 14:04:28.000000
991,457,,Phone,My account information seems to be incorrect and I can't update it.,Account Problem,,,Low,Closed,,Human,,2025-08-31 09:00:00,,2025-09-01 17:26:26.379624,2025-09-04 17:24:34.414546,2025-09-04 17:24:34.414546
992,805,1677,Email,Is this product compatible with other accessories I own?,Product Question,,,Low,Closed,,Human,,2026-05-28 11:44:30,,2026-05-29 21:44:34.404635,2026-05-30 17:34:29.474764,2026-05-30 17:34:29.474764
993,957,2058,Chat,I'm still waiting on my delivery and the expected date has already passed.,Delivery Delay,,,Medium,Resolved,,Human,,2026-01-24 18:07:06,,2026-01-25 22:53:01.308510,2026-01-28 23:13:05.375956,2026-01-28 23:13:05.375956
994,792,1956,Email,Just checking in on when my package will arrive.,Order Status Inquiry,,,Low,In Progress,,,,2026-06-28 12:11:22,,2026-06-30 10:05:43.631190,,2026-06-30 10:05:43.631190
995,477,1635,Email,I'm missing an item from my order.,Missing Item,,,High,Closed,,Human,,2025-04-03 22:33:20,,2025-04-04 01:28:00.434079,2025-04-05 06:49:33.253608,2025-04-05 06:49:33.253608
996,568,3743,Phone,"Hi, can you tell me the current status of my order? It hasn't updated in a while.",Order Status Inquiry,,,Low,In Progress,,,,2026-06-28 13:28:04,,2026-06-30 09:06:09.880162,,2026-06-30 09:06:09.880162
997,807,,Email,"I'd like an update on my order tracking, please.",Order Status Inquiry,,,Low,Resolved,,Human,,2025-01-23 11:00:00,,2025-01-25 09:40:46.292994,2025-01-25 16:39:13.066342,2025-01-25 16:39:13.066342
998,374,,Chat,Reaching out about something unrelated to a specific order.,Other,,,Low,Resolved,,Human,,2026-06-11 19:00:00,,2026-06-13 14:11:03.894733,2026-06-14 13:48:41.000383,2026-06-14 13:48:41.000383
999,265,3990,Phone,Just checking in on when my package will arrive.,Order Status Inquiry,,,Low,New,,,,2026-06-29 00:26:31,,2026-06-29 21:46:35.017257,,2026-06-29 21:46:35.017257
1000,508,2696,Contact Form,I was charged twice for the same order.,Payment Problem,,,High,Closed,,Human,,2024-05-21 12:57:43,,2024-05-21 22:12:11.652699,2024-05-23 17:47:00.481079,2024-05-23 17:47:00.481079
1001,366,3544,Chat,I'm still waiting on my delivery and the expected date has already passed.,Delivery Delay,,,Medium,Resolved,,Human,,2026-06-16 13:27:17,,2026-06-16 23:27:01.949336,2026-06-19 13:46:26.001333,2026-06-19 13:46:26.001333
1002,579,,Chat,I need help resetting my password.,Account Problem,,,Medium,Escalated,,,,2026-06-17 10:00:00,,2026-06-18 16:46:07.517808,,2026-06-18 16:46:07.517808
1003,926,,Chat,I need help resetting my password.,Account Problem,,,Medium,Closed,,Human,,2023-10-31 11:00:00,,2023-10-31 19:54:13.723239,2023-11-03 07:57:48.272638,2023-11-03 07:57:48.272638
1004,160,432,Email,I only received part of my order — something is missing.,Missing Item,,,High,Resolved,,Human,,2026-04-26 21:34:09,,2026-04-27 10:34:05.497297,2026-04-27 15:38:45.934166,2026-04-27 15:38:45.934166
1005,230,51,Email,My order was supposed to arrive days ago and it still hasn't shown up.,Delivery Delay,,,Medium,Closed,,Human,,2026-04-04 06:46:20,,2026-04-04 18:38:36.723318,2026-04-05 00:41:52.570512,2026-04-05 00:41:52.570512
1006,490,,Phone,This is the second issue I've had and I'm frustrated with the service.,Complaint,,,Urgent,Closed,,Human,,2025-10-02 17:00:00,,2025-10-02 17:50:59.820811,2025-10-03 11:33:22.418030,2025-10-03 11:33:22.418030
1007,35,2091,Chat,Is this product compatible with other accessories I own?,Product Question,,,Low,Escalated,,,,2025-10-21 10:37:35,,2025-10-22 01:18:42.199505,,2025-10-22 01:18:42.199505
1008,749,2484,Email,Just checking in on when my package will arrive.,Order Status Inquiry,,,Low,Closed,,Human,,2026-06-23 17:29:33,,2026-06-24 07:25:57.700552,2026-06-27 05:24:04.367242,2026-06-27 05:24:04.367242
1009,504,,Phone,Is this product compatible with other accessories I own?,Product Question,,,Low,Escalated,,,,2025-05-25 14:00:00,,2025-05-26 20:11:39.425983,,2025-05-26 20:11:39.425983
1010,848,3646,Contact Form,My package arrived but one of the products wasn't inside.,Missing Item,,,High,Resolved,,Human,,2026-05-11 01:01:58,,2026-05-11 13:04:33.437940,2026-05-12 08:29:30.283464,2026-05-12 08:29:30.283464
1011,740,37,Chat,The tracking says my package is delayed. What's going on?,Delivery Delay,,,Medium,Reopened,,Human,,2025-03-24 00:48:45,,2025-03-25 04:07:27.045056,2025-03-27 07:06:04.674157,2025-03-27 07:06:04.674157
1012,976,,Email,My payment failed but the amount was still deducted from my account.,Payment Problem,,,High,Closed,,Human,,2025-11-29 20:00:00,,2025-11-30 09:24:47.135682,2025-11-30 13:32:50.736203,2025-11-30 13:32:50.736203
1013,93,3241,Email,I'm very unhappy with my recent experience and want to file a complaint.,Complaint,,,Urgent,Closed,,Human,,2026-05-19 05:15:25,,2026-05-19 06:41:47.572425,2026-05-19 22:52:41.783168,2026-05-19 22:52:41.783168
1014,142,852,Phone,"Hi, can you tell me the current status of my order? It hasn't updated in a while.",Order Status Inquiry,,,Low,In Progress,,,,2026-06-29 17:39:22,,,,2026-06-29 17:39:22.000000
1015,775,2516,Chat,"Hi, can you tell me the current status of my order? It hasn't updated in a while.",Order Status Inquiry,,,Low,Resolved,,,,2026-06-28 23:41:42,,,,2026-06-28 23:41:42.000000
1016,95,2143,Email,Just checking in on when my package will arrive.,Order Status Inquiry,,,Low,In Progress,,,,2026-06-27 01:39:28,,2026-06-28 14:01:30.699416,,2026-06-28 14:01:30.699416
1017,791,3876,Phone,Please process a refund for the order I placed.,Refund Request,,,Medium,Resolved,,Human,,2026-06-17 05:28:07,,2026-06-18 08:01:40.847834,2026-06-20 23:38:35.546913,2026-06-20 23:38:35.546913
1018,447,,Chat,I can't log into my account anymore.,Account Problem,,,Medium,Closed,,Human,,2025-12-12 15:00:00,,2025-12-13 22:23:28.313532,2025-12-16 21:05:27.074493,2025-12-16 21:05:27.074493
1019,498,3388,Email,My order was supposed to arrive days ago and it still hasn't shown up.,Delivery Delay,,,Medium,Closed,,Human,,2026-06-20 18:51:06,,2026-06-21 00:55:45.189030,2026-06-24 20:13:09.268535,2026-06-24 20:13:09.268535
1020,833,1426,Email,My order was supposed to arrive days ago and it still hasn't shown up.,Delivery Delay,,,Medium,Escalated,,,,2026-06-13 17:59:26,,2026-06-13 19:06:34.630770,,2026-06-13 19:06:34.630770
1021,290,,Chat,Reaching out about something unrelated to a specific order.,Other,,,Low,Resolved,,Human,,2026-05-30 11:00:00,,2026-06-01 10:08:14.682962,2026-06-02 10:06:41.195410,2026-06-02 10:06:41.195410
1022,157,1233,Chat,I was charged twice for the same order.,Payment Problem,,,High,Resolved,,Human,,2026-06-27 01:50:53,,2026-06-27 08:03:03.136065,2026-06-28 01:27:57.342040,2026-06-28 01:27:57.342040
1023,34,627,Chat,The item I received arrived broken/damaged.,Damaged Product,,,High,Closed,,Human,,2025-10-27 09:56:24,,2025-10-27 14:02:09.460492,2025-10-28 18:09:05.080452,2025-10-28 18:09:05.080452
1024,102,1666,Chat,"Hi, can you tell me the current status of my order? It hasn't updated in a while.",Order Status Inquiry,,,Low,In Progress,,,,2026-06-22 12:48:59,,2026-06-23 12:54:06.571215,,2026-06-23 12:54:06.571215
1025,204,3272,Email,I was charged twice for the same order.,Payment Problem,,,Medium,Closed,,Human,,2026-05-11 14:42:11,,2026-05-12 02:47:31.046836,2026-05-12 17:47:06.877943,2026-05-12 17:47:06.877943
1026,126,710,Chat,"This item didn't meet my expectations, can I get my money back?",Refund Request,,,Medium,Closed,,Human,,2026-03-20 02:43:35,,2026-03-20 20:26:51.996494,2026-03-24 10:41:48.920432,2026-03-24 10:41:48.920432
1027,222,1709,Phone,Please process a refund for the order I placed.,Refund Request,,,Urgent,Closed,,Human,,2025-05-29 18:37:28,,2025-05-29 22:37:09.230893,2025-05-30 04:06:40.909883,2025-05-30 04:06:40.909883
1028,966,2511,Chat,The tracking says my package is delayed. What's going on?,Delivery Delay,,,Medium,Resolved,,Human,,2025-09-12 15:34:01,,2025-09-13 15:17:59.421213,2025-09-14 09:40:31.460179,2025-09-14 09:40:31.460179
1029,111,,Chat,I'd like to request a refund for my recent order.,Refund Request,,,High,Resolved,,Human,,2026-02-10 18:00:00,,2026-02-10 21:55:42.398212,2026-02-11 17:49:47.427886,2026-02-11 17:49:47.427886
1030,102,976,Chat,This is the second issue I've had and I'm frustrated with the service.,Complaint,,,Low,Closed,,Human,,2026-05-31 15:10:23,,2026-06-01 09:57:39.650346,2026-06-02 19:04:29.424771,2026-06-02 19:04:29.424771
1031,377,,Email,Can you tell me more about the materials used in this item?,Product Question,,,Low,Closed,,Human,,2025-10-17 20:00:00,,2025-10-18 19:24:55.493804,2025-10-21 08:12:47.233958,2025-10-21 08:12:47.233958
1032,140,2520,Phone,"I'd like an update on my order tracking, please.",Order Status Inquiry,,,Low,In Progress,,,,2026-06-28 20:04:19,,,,2026-06-28 20:04:19.000000
1033,95,2769,Phone,I'm still waiting on my delivery and the expected date has already passed.,Delivery Delay,,,Medium,Resolved,,Human,,2026-06-09 09:06:01,,2026-06-10 20:11:43.539575,2026-06-12 11:40:11.114230,2026-06-12 11:40:11.114230
1034,575,1529,Phone,I'd like to request a refund for my recent order.,Refund Request,,,High,Closed,,Human,,2025-12-25 11:17:04,,2025-12-25 11:54:17.706600,2025-12-26 00:40:29.976897,2025-12-26 00:40:29.976897
1035,175,,Email,I want to raise a formal complaint about how my order was handled.,Complaint,,,Urgent,Closed,,Human,,2026-06-10 08:00:00,,2026-06-10 08:23:29.747715,2026-06-11 02:30:38.051892,2026-06-11 02:30:38.051892
1036,341,1093,Phone,"This item didn't meet my expectations, can I get my money back?",Refund Request,,,High,Closed,,Human,,2024-08-12 15:56:57,,2024-08-13 02:58:05.405637,2024-08-14 15:31:06.968562,2024-08-14 15:31:06.968562
1037,671,579,Email,"Hi, can you tell me the current status of my order? It hasn't updated in a while.",Order Status Inquiry,,,Low,In Progress,,,,2026-06-29 14:33:15,,2026-06-29 18:25:29.625649,,2026-06-29 18:25:29.625649
1038,590,,Contact Form,Just checking in on when my package will arrive.,Order Status Inquiry,,,Urgent,Escalated,,,,2026-06-24 13:00:00,,2026-06-24 15:50:45.446128,,2026-06-24 15:50:45.446128
1039,500,975,Chat,The item I received arrived broken/damaged.,Damaged Product,,,High,Closed,,Human,,2025-08-16 12:14:47,,2025-08-16 23:48:17.258422,2025-08-17 14:01:43.218314,2025-08-17 14:01:43.218314
1040,749,,Chat,Can you tell me more about the materials used in this item?,Product Question,,,Low,Closed,,Human,,2026-02-23 11:00:00,,2026-02-25 21:50:19.940109,2026-02-26 04:12:12.635374,2026-02-26 04:12:12.635374
1041,203,,Chat,Reaching out about something unrelated to a specific order.,Other,,,Low,Closed,,Human,,2024-10-21 08:00:00,,2024-10-23 13:16:34.726148,2024-10-25 12:07:29.667213,2024-10-25 12:07:29.667213
1042,425,,Email,I was charged twice for the same order.,Payment Problem,,,High,Closed,,Human,,2023-12-11 13:00:00,,2023-12-11 21:52:56.908127,2023-12-12 16:26:20.979615,2023-12-12 16:26:20.979615
1043,880,,Chat,My payment failed but the amount was still deducted from my account.,Payment Problem,,,High,Closed,,Human,,2026-04-09 18:00:00,,2026-04-09 23:56:59.443753,2026-04-11 02:49:08.704844,2026-04-11 02:49:08.704844
1044,929,946,Email,This is the second issue I've had and I'm frustrated with the service.,Complaint,,,Urgent,Closed,,Human,,2026-06-16 20:10:10,,2026-06-16 22:29:23.109565,2026-06-17 03:13:11.027268,2026-06-17 03:13:11.027268
1045,758,1586,Phone,My order was supposed to arrive days ago and it still hasn't shown up.,Delivery Delay,,,Urgent,Closed,,Human,,2024-01-19 01:07:39,,2024-01-19 02:37:16.874661,2024-01-19 21:00:53.882540,2024-01-19 21:00:53.882540
1046,473,879,Email,I'd like to request a refund for my recent order.,Refund Request,,,Low,Resolved,,Human,,2026-06-13 16:36:01,,2026-06-13 20:20:43.488485,2026-06-16 20:02:18.375514,2026-06-16 20:02:18.375514
1047,783,2322,Phone,My package arrived but one of the products wasn't inside.,Missing Item,,,High,Closed,,Human,,2023-08-01 06:22:35,,2023-08-01 14:01:52.796196,2023-08-03 10:16:19.826387,2023-08-03 10:16:19.826387
1048,391,3130,Email,"This item didn't meet my expectations, can I get my money back?",Refund Request,,,Medium,Closed,,Human,,2026-05-27 10:00:25,,2026-05-28 21:41:59.797933,2026-06-01 15:47:59.376519,2026-06-01 15:47:59.376519
1049,749,2484,Email,"I'd like an update on my order tracking, please.",Order Status Inquiry,,,High,In Progress,,,,2026-06-28 00:53:08,,2026-06-28 11:24:33.300899,,2026-06-28 11:24:33.300899
1050,410,,Phone,I have a general question that doesn't fit the other categories.,Other,,,Low,Closed,,Human,,2026-04-04 20:00:00,,2026-04-05 08:22:30.986843,2026-04-06 23:26:10.178202,2026-04-06 23:26:10.178202
1051,486,1913,Chat,One of the items in my order is defective.,Damaged Product,,,High,Closed,,Human,,2026-03-14 08:06:19,,2026-03-14 21:59:33.802339,2026-03-16 04:26:24.177358,2026-03-16 04:26:24.177358
1052,1,1981,Chat,I'm still waiting on my delivery and the expected date has already passed.,Delivery Delay,,,Medium,Closed,,Human,,2026-02-16 03:57:26,,2026-02-16 11:02:41.810453,2026-02-18 14:29:43.036991,2026-02-18 14:29:43.036991
1053,911,,Contact Form,I want to raise a formal complaint about how my order was handled.,Complaint,,,Urgent,Resolved,,Human,,2026-06-20 10:00:00,,2026-06-20 13:14:35.665432,2026-06-20 16:08:53.204806,2026-06-20 16:08:53.204806
1054,229,2016,Email,Can you tell me more about the materials used in this item?,Product Question,,,Low,In Progress,,,,2026-06-28 21:53:13,,2026-06-29 15:39:05.205429,,2026-06-29 15:39:05.205429
1055,885,291,Email,My package arrived but one of the products wasn't inside.,Missing Item,,,High,Closed,,Human,,2025-01-12 00:36:25,,2025-01-12 02:51:08.828240,2025-01-13 13:06:38.449106,2025-01-13 13:06:38.449106
1056,188,3867,Phone,My package arrived but one of the products wasn't inside.,Missing Item,,,High,Closed,,Human,,2024-02-21 12:07:02,,2024-02-22 00:22:40.360251,2024-02-23 05:32:18.453258,2024-02-23 05:32:18.453258
1057,536,2770,Chat,Can you tell me more about the materials used in this item?,Product Question,,,Low,Closed,,Human,,2025-07-12 00:26:12,,2025-07-14 01:08:57.317514,2025-07-16 13:35:18.123278,2025-07-16 13:35:18.123278
1058,949,3383,Chat,My order was supposed to arrive days ago and it still hasn't shown up.,Delivery Delay,,,Medium,Closed,,Human,,2025-09-04 02:50:22,,2025-09-04 05:14:09.484410,2025-09-06 10:41:03.459965,2025-09-06 10:41:03.459965
1059,494,1215,Email,I'd like to request a refund for my recent order.,Refund Request,,,Low,Closed,,Human,,2025-04-28 12:36:34,,2025-04-29 08:32:25.198898,2025-04-29 22:49:04.468756,2025-04-29 22:49:04.468756
1060,409,756,Chat,The tracking says my package is delayed. What's going on?,Delivery Delay,,,Medium,Resolved,,Human,,2023-05-20 16:36:13,,2023-05-21 19:42:23.636200,2023-05-25 00:56:59.656786,2023-05-25 00:56:59.656786
1061,913,1675,Email,"I'd like an update on my order tracking, please.",Order Status Inquiry,,,Low,In Progress,,,,2026-06-29 18:39:55,,,,2026-06-29 18:39:55.000000
1062,327,2742,Phone,"This item didn't meet my expectations, can I get my money back?",Refund Request,,,Medium,Closed,,Human,,2026-05-12 15:48:44,,2026-05-13 02:45:02.496186,2026-05-15 09:33:13.459748,2026-05-15 09:33:13.459748
1063,193,,Chat,Can you tell me more about the materials used in this item?,Product Question,,,Urgent,Resolved,,Human,,2025-06-07 09:00:00,,2025-06-07 10:25:09.828771,2025-06-08 05:25:42.035079,2025-06-08 05:25:42.035079
1064,873,,Email,I want to raise a formal complaint about how my order was handled.,Complaint,,,Urgent,Reopened,,Human,,2025-11-25 19:00:00,,2025-11-25 21:46:56.327160,2025-11-26 06:19:57.176794,2025-11-26 06:19:57.176794
1065,211,861,Phone,I'd like to request a refund for my recent order.,Refund Request,,,Medium,Reopened,,Human,,2026-05-11 14:28:19,,2026-05-12 10:20:10.283751,2026-05-15 02:54:47.798968,2026-05-15 02:54:47.798968
1066,184,,Social Media,Please process a refund for the order I placed.,Refund Request,,,Medium,Escalated,,,,2025-08-29 11:00:00,,2025-08-30 11:46:54.023894,,2025-08-30 11:46:54.023894
1067,379,2389,Email,"I'd like an update on my order tracking, please.",Order Status Inquiry,,,Low,Escalated,,,,2026-06-28 22:47:48,,2026-06-30 11:31:02.647575,,2026-06-30 11:31:02.647575
1068,848,93,Email,Can you tell me more about the materials used in this item?,Product Question,,,Low,Closed,,Human,,2026-06-17 07:57:05,,2026-06-18 09:06:09.948465,2026-06-20 21:08:42.846428,2026-06-20 21:08:42.846428
1069,798,570,Chat,My package arrived but one of the products wasn't inside.,Missing Item,,,High,Closed,,Human,,2024-12-01 16:33:47,,2024-12-02 02:50:10.685206,2024-12-03 16:21:24.190755,2024-12-03 16:21:24.190755
1070,575,1529,Phone,"This item didn't meet my expectations, can I get my money back?",Refund Request,,,Medium,Closed,,Human,,2026-01-24 22:26:20,,2026-01-25 06:08:33.657828,2026-01-26 00:25:13.055049,2026-01-26 00:25:13.055049
1071,950,3366,Email,My order was supposed to arrive days ago and it still hasn't shown up.,Delivery Delay,,,Medium,In Progress,,,,2026-06-21 23:52:05,,2026-06-22 16:35:08.098679,,2026-06-22 16:35:08.098679
1072,102,2236,Contact Form,I'm still waiting on my delivery and the expected date has already passed.,Delivery Delay,,,Medium,Closed,,Human,,2026-06-17 04:56:25,,2026-06-17 07:46:43.021280,2026-06-18 13:54:51.453307,2026-06-18 13:54:51.453307
1073,573,230,Email,"This item didn't meet my expectations, can I get my money back?",Refund Request,,,High,Resolved,,Human,,2026-04-02 03:06:42,,2026-04-02 14:41:03.411538,2026-04-03 01:21:11.460658,2026-04-03 01:21:11.460658
1074,79,987,Email,Just checking in on when my package will arrive.,Order Status Inquiry,,,Low,In Progress,,,,2026-06-29 14:03:29,,,,2026-06-29 14:03:29.000000
1075,912,,Chat,Reaching out about something unrelated to a specific order.,Other,,,Low,Closed,,Human,,2026-04-13 20:00:00,,2026-04-14 22:02:21.547915,2026-04-17 21:32:30.171715,2026-04-17 21:32:30.171715
1076,74,3090,Chat,The tracking says my package is delayed. What's going on?,Delivery Delay,,,Medium,Resolved,,Human,,2026-06-14 20:05:03,,2026-06-15 01:27:03.180425,2026-06-16 02:29:28.245871,2026-06-16 02:29:28.245871
1077,222,2040,Email,The item I received arrived broken/damaged.,Damaged Product,,,High,Closed,,Human,,2024-03-17 06:11:35,,2024-03-17 12:44:16.811111,2024-03-18 00:58:24.743775,2024-03-18 00:58:24.743775
1078,661,,Social Media,I'd like to request a refund for my recent order.,Refund Request,,,High,Closed,,Human,,2025-06-02 13:00:00,,2025-06-02 16:11:55.177762,2025-06-04 12:47:32.721816,2025-06-04 12:47:32.721816
1079,598,1187,Phone,I only received part of my order — something is missing.,Missing Item,,,High,Closed,,Human,,2024-04-02 02:47:59,,2024-04-02 11:50:34.391514,2024-04-03 04:17:23.032560,2024-04-03 04:17:23.032560
1080,568,992,Chat,Please process a refund for the order I placed.,Refund Request,,,Low,Closed,,Human,,2026-06-10 16:01:19,,2026-06-11 21:25:35.413449,2026-06-14 01:34:05.017260,2026-06-14 01:34:05.017260
1081,530,650,Phone,"I'd like an update on my order tracking, please.",Order Status Inquiry,,,Low,In Progress,,,,2026-06-29 17:47:08,,2026-06-30 14:24:20.687304,,2026-06-30 14:24:20.687304
1082,609,,Contact Form,I have a general question that doesn't fit the other categories.,Other,,,Low,Closed,,Human,,2025-01-23 20:00:00,,2025-01-24 07:02:08.787541,2025-01-25 02:24:32.480660,2025-01-25 02:24:32.480660
1083,789,,Email,My payment failed but the amount was still deducted from my account.,Payment Problem,,,High,Closed,,Human,,2024-03-09 19:00:00,,2024-03-10 08:12:59.323902,2024-03-11 18:26:57.825595,2024-03-11 18:26:57.825595
1084,678,,Phone,Does this product come in other sizes or colors?,Product Question,,,Low,Closed,,Human,,2023-03-14 13:00:00,,2023-03-15 19:23:32.539434,2023-03-17 16:17:35.773012,2023-03-17 16:17:35.773012
1085,891,27,Chat,One of the items in my order is defective.,Damaged Product,,,High,Resolved,,Human,,2026-04-17 10:01:52,,2026-04-17 20:35:42.639981,2026-04-18 11:11:56.921439,2026-04-18 11:11:56.921439
1086,205,1871,Phone,I'm missing an item from my order.,Missing Item,,,High,Reopened,,Human,,2025-02-02 14:25:50,,2025-02-03 04:05:24.802586,2025-02-04 18:43:48.426100,2025-02-04 18:43:48.426100
1087,116,1695,Chat,The item I received arrived broken/damaged.,Damaged Product,,,High,Closed,,Human,,2026-04-06 12:37:53,,2026-04-07 06:31:38.582169,2026-04-08 00:43:42.238845,2026-04-08 00:43:42.238845
1088,671,822,Email,Please process a refund for the order I placed.,Refund Request,,,Medium,Closed,,Human,,2026-01-15 04:58:13,,2026-01-15 17:14:38.212441,2026-01-16 22:26:15.946617,2026-01-16 22:26:15.946617
1089,217,297,Email,"I'd like an update on my order tracking, please.",Order Status Inquiry,,,Low,New,,,,2026-06-30 21:19:23,,,,2026-06-30 21:19:23.000000
1090,656,227,Email,"This item didn't meet my expectations, can I get my money back?",Refund Request,,,Low,Closed,,Human,,2025-08-22 12:23:44,,2025-08-24 18:32:11.578855,2025-08-27 02:51:02.117826,2025-08-27 02:51:02.117826
1091,737,3358,Chat,"I'd like an update on my order tracking, please.",Order Status Inquiry,,,Low,Closed,,Human,,2026-06-23 16:37:45,,2026-06-23 19:52:28.712611,2026-06-25 12:11:10.212796,2026-06-25 12:11:10.212796
1092,796,862,Phone,My order showed up with visible damage to the packaging and product.,Damaged Product,,,Medium,Resolved,,Human,,2026-06-13 12:55:52,,2026-06-13 17:31:44.505158,2026-06-14 20:55:58.943130,2026-06-14 20:55:58.943130
1093,990,,Chat,Is this product compatible with other accessories I own?,Product Question,,,Low,Closed,,Human,,2024-12-14 19:00:00,,2024-12-16 01:39:29.541344,2024-12-16 16:45:20.528889,2024-12-16 16:45:20.528889
1094,405,,Chat,This is the second issue I've had and I'm frustrated with the service.,Complaint,,,Urgent,Reopened,,Human,,2025-05-03 19:00:00,,2025-05-04 00:58:33.633617,2025-05-04 06:59:21.333321,2025-05-04 06:59:21.333321
1095,454,,Contact Form,"I'd like an update on my order tracking, please.",Order Status Inquiry,,,Low,Closed,,Human,,2025-10-23 20:00:00,,2025-10-25 16:37:09.087014,2025-10-27 20:22:29.500032,2025-10-27 20:22:29.500032
1096,367,,Chat,Just have a quick question for your support team.,Other,,,Low,Escalated,,,,2025-04-04 20:00:00,,2025-04-06 03:55:25.814983,,2025-04-06 03:55:25.814983
1097,494,594,Chat,Can you tell me more about the materials used in this item?,Product Question,,,Low,Closed,,Human,,2026-06-08 00:12:19,,2026-06-08 23:41:37.308616,2026-06-11 09:52:29.063982,2026-06-11 09:52:29.063982
1098,843,,Email,Is this product compatible with other accessories I own?,Product Question,,,High,Closed,,Human,,2025-12-28 18:00:00,,2025-12-29 01:17:29.775513,2025-12-29 04:24:22.563735,2025-12-29 04:24:22.563735
1099,541,1457,Email,My order showed up with visible damage to the packaging and product.,Damaged Product,,,High,Closed,,Human,,2024-10-03 12:24:52,,2024-10-04 03:51:02.421568,2024-10-05 18:29:53.974200,2024-10-05 18:29:53.974200
1100,950,,Email,I want to raise a formal complaint about how my order was handled.,Complaint,,,Urgent,Closed,,Human,,2025-12-07 16:00:00,,2025-12-07 21:22:17.986543,2025-12-08 07:28:33.360890,2025-12-08 07:28:33.360890
1101,222,1709,Chat,The item I received arrived broken/damaged.,Damaged Product,,,High,Reopened,,Human,,2025-04-12 14:19:50,,2025-04-13 01:13:48.240252,2025-04-14 05:47:30.649268,2025-04-14 05:47:30.649268
1102,71,2503,Phone,My order was supposed to arrive days ago and it still hasn't shown up.,Delivery Delay,,,Medium,Escalated,,,,2025-03-31 05:31:40,,2025-03-31 19:13:34.836595,,2025-03-31 19:13:34.836595
1103,832,3636,Chat,One of the items in my order is defective.,Damaged Product,,,High,Closed,,Human,,2026-04-06 21:29:28,,2026-04-07 04:40:33.456767,2026-04-08 01:06:06.537353,2026-04-08 01:06:06.537353
1104,867,,Email,"Hi, can you tell me the current status of my order? It hasn't updated in a while.",Order Status Inquiry,,,Low,Resolved,,Human,,2025-09-03 18:00:00,,2025-09-05 17:45:13.686613,2025-09-05 22:41:59.763934,2025-09-05 22:41:59.763934
1105,193,871,Phone,"I'd like an update on my order tracking, please.",Order Status Inquiry,,,Low,In Progress,,,,2026-06-28 23:46:06,,,,2026-06-28 23:46:06.000000
1106,972,2165,Email,My order showed up with visible damage to the packaging and product.,Damaged Product,,,High,Closed,,Human,,2026-04-14 12:35:43,,2026-04-14 17:19:12.385305,2026-04-15 09:40:41.010045,2026-04-15 09:40:41.010045
1107,478,1853,Email,"Hi, can you tell me the current status of my order? It hasn't updated in a while.",Order Status Inquiry,,,Low,New,,,,2026-06-29 22:12:33,,,,2026-06-29 22:12:33.000000
1108,21,1767,Email,Please process a refund for the order I placed.,Refund Request,,,Low,Closed,,Human,,2025-10-22 21:39:13,,2025-10-24 07:44:05.043095,2025-10-26 00:46:10.277927,2025-10-26 00:46:10.277927
1109,903,120,Email,Can you tell me more about the materials used in this item?,Product Question,,,Low,Closed,,Human,,2025-12-15 23:11:51,,2025-12-16 12:45:31.540745,2025-12-18 00:31:51.207334,2025-12-18 00:31:51.207334
1110,308,3489,Email,My order was supposed to arrive days ago and it still hasn't shown up.,Delivery Delay,,,Medium,Escalated,,,,2026-01-29 16:08:59,,2026-01-30 17:36:51.393152,,2026-01-30 17:36:51.393152
1111,125,,Chat,I only received part of my order — something is missing.,Missing Item,,,High,Closed,,Human,,2026-03-26 09:00:00,,2026-03-26 19:07:07.576794,2026-03-27 13:49:32.707013,2026-03-27 13:49:32.707013
1112,749,1479,Email,"Hi, can you tell me the current status of my order? It hasn't updated in a while.",Order Status Inquiry,,,Low,Escalated,,,,2026-06-24 17:21:37,,2026-06-24 20:04:53.769007,,2026-06-24 20:04:53.769007
1113,696,1182,Email,My order was supposed to arrive days ago and it still hasn't shown up.,Delivery Delay,,,Medium,Closed,,Human,,2024-06-06 06:27:18,,2024-06-07 18:11:15.640181,2024-06-09 21:44:57.261762,2024-06-09 21:44:57.261762
1114,986,1486,Phone,My order showed up with visible damage to the packaging and product.,Damaged Product,,,High,Resolved,,Human,,2026-06-23 05:52:07,,2026-06-23 10:56:21.891098,2026-06-24 01:50:51.300762,2026-06-24 01:50:51.300762
1115,752,,Email,Just checking in on when my package will arrive.,Order Status Inquiry,,,Low,Closed,,Human,,2024-07-04 15:00:00,,2024-07-06 04:14:22.239354,2024-07-07 05:19:54.067838,2024-07-07 05:19:54.067838
1116,836,1603,Chat,Just checking in on when my package will arrive.,Order Status Inquiry,,,Low,Pending Customer,,,,2026-06-28 16:06:42,,2026-06-29 10:01:53.801408,,2026-06-29 10:01:53.801408
1117,696,3744,Chat,I want to raise a formal complaint about how my order was handled.,Complaint,,,Urgent,Closed,,Human,,2024-02-23 20:16:14,,2024-02-24 01:20:42.254005,2024-02-24 09:55:16.492511,2024-02-24 09:55:16.492511
1118,306,1496,Chat,Does this product come in other sizes or colors?,Product Question,,,Medium,Closed,,Human,,2026-03-01 19:56:55,,2026-03-01 22:46:25.133650,2026-03-03 02:36:34.517672,2026-03-03 02:36:34.517672
1119,978,,Chat,My account information seems to be incorrect and I can't update it.,Account Problem,,,Urgent,Resolved,,Human,,2025-05-08 09:00:00,,2025-05-08 14:00:26.228081,2025-05-09 04:33:01.887202,2025-05-09 04:33:01.887202
1120,211,1298,Email,My order was supposed to arrive days ago and it still hasn't shown up.,Delivery Delay,,,Medium,Resolved,,Human,,2025-12-27 12:55:26,,2025-12-27 18:00:02.671921,2025-12-29 22:58:37.105838,2025-12-29 22:58:37.105838
1121,193,1365,Chat,I'm very unhappy with my recent experience and want to file a complaint.,Complaint,,,Urgent,Resolved,,Human,,2025-12-04 00:51:24,,2025-12-04 01:25:44.835971,2025-12-04 13:28:38.414238,2025-12-04 13:28:38.414238
1122,818,,Email,Reaching out about something unrelated to a specific order.,Other,,,Low,Escalated,,,,2024-10-14 12:00:00,,2024-10-15 14:49:18.165105,,2024-10-15 14:49:18.165105
1123,432,2442,Chat,"This item didn't meet my expectations, can I get my money back?",Refund Request,,,Medium,Closed,,Human,,2026-04-12 09:54:20,,2026-04-12 23:53:11.299600,2026-04-14 04:16:26.068165,2026-04-14 04:16:26.068165
1124,264,3795,Email,I'm still waiting on my delivery and the expected date has already passed.,Delivery Delay,,,Medium,Closed,,Human,,2025-12-18 07:52:23,,2025-12-19 02:14:27.437207,2025-12-20 13:42:42.754657,2025-12-20 13:42:42.754657
1125,753,2151,Chat,I'm very unhappy with my recent experience and want to file a complaint.,Complaint,,,Urgent,Closed,,Human,,2025-10-06 20:55:11,,2025-10-07 01:51:51.043404,2025-10-07 09:25:48.795759,2025-10-07 09:25:48.795759
1126,250,1017,Chat,"Hi, can you tell me the current status of my order? It hasn't updated in a while.",Order Status Inquiry,,,Low,New,,,,2026-06-30 05:56:18,,2026-06-30 12:09:57.236324,,2026-06-30 12:09:57.236324
1127,492,2499,Email,I'd like to request a refund for my recent order.,Refund Request,,,Medium,Resolved,,Human,,2025-05-30 07:58:08,,2025-05-30 12:37:16.696980,2025-06-01 13:42:19.193211,2025-06-01 13:42:19.193211
1128,456,,Email,There's an issue with the charge on my card for this order.,Payment Problem,,,Medium,Resolved,,Human,,2026-03-11 12:00:00,,2026-03-11 13:03:15.919253,2026-03-13 20:55:31.891339,2026-03-13 20:55:31.891339
1129,270,2205,Chat,Is this product compatible with other accessories I own?,Product Question,,,Low,Closed,,Human,,2026-05-04 15:10:45,,2026-05-05 08:58:51.846957,2026-05-07 17:19:20.471839,2026-05-07 17:19:20.471839
1130,789,,Email,Is this product compatible with other accessories I own?,Product Question,,,Urgent,Resolved,,Human,,2024-12-07 18:00:00,,2024-12-07 22:00:11.184825,2024-12-08 05:08:56.468553,2024-12-08 05:08:56.468553
1131,140,1673,Email,I'm very unhappy with my recent experience and want to file a complaint.,Complaint,,,Urgent,Resolved,,Human,,2025-06-27 19:31:27,,2025-06-27 19:55:23.571926,2025-06-28 04:39:01.395333,2025-06-28 04:39:01.395333
1132,21,290,Email,I'd like to request a refund for my recent order.,Refund Request,,,Medium,Closed,,Human,,2026-05-15 14:10:47,,2026-05-16 16:10:51.908913,2026-05-17 03:28:46.977507,2026-05-17 03:28:46.977507
1133,20,,Chat,This is the second issue I've had and I'm frustrated with the service.,Complaint,,,Urgent,Resolved,,Human,,2026-04-24 13:00:00,,2026-04-24 18:56:59.819677,2026-04-25 18:22:14.947958,2026-04-25 18:22:14.947958
1134,613,,Email,Does this product come in other sizes or colors?,Product Question,,,Low,Pending Customer,,,,2026-06-25 10:00:00,,2026-06-26 17:30:57.925815,,2026-06-26 17:30:57.925815
1135,616,2634,Phone,Is this product compatible with other accessories I own?,Product Question,,,Low,Closed,,Human,,2025-12-08 11:59:20,,2025-12-08 20:48:22.947878,2025-12-10 21:26:26.778567,2025-12-10 21:26:26.778567
1136,919,,Email,My account information seems to be incorrect and I can't update it.,Account Problem,,,Medium,Closed,,Human,,2026-02-17 12:00:00,,2026-02-18 17:49:33.505622,2026-02-22 06:10:22.749148,2026-02-22 06:10:22.749148
1137,797,2805,Chat,The tracking says my package is delayed. What's going on?,Delivery Delay,,,Medium,Resolved,,Human,,2026-05-02 19:31:24,,2026-05-03 18:59:24.810265,2026-05-06 05:02:10.725516,2026-05-06 05:02:10.725516
1138,257,1671,Phone,My order showed up with visible damage to the packaging and product.,Damaged Product,,,Low,Reopened,,Human,,2025-01-18 05:58:16,,2025-01-19 18:21:30.273274,2025-01-22 02:28:35.024094,2025-01-22 02:28:35.024094
1139,571,1291,Chat,I'd like to request a refund for my recent order.,Refund Request,,,Medium,Closed,,Human,,2026-01-19 10:43:34,,2026-01-20 15:21:17.744445,2026-01-23 13:55:40.102157,2026-01-23 13:55:40.102157
1140,315,3031,Email,"Hi, can you tell me the current status of my order? It hasn't updated in a while.",Order Status Inquiry,,,Low,In Progress,,,,2026-06-28 18:56:40,,2026-06-30 22:51:16.307436,,2026-06-30 22:51:16.307436
1141,113,3907,Chat,The item I received arrived broken/damaged.,Damaged Product,,,Urgent,Closed,,Human,,2025-12-20 22:07:29,,2025-12-21 03:51:36.458799,2025-12-21 07:51:22.864966,2025-12-21 07:51:22.864966
1142,568,2186,Chat,"I'd like an update on my order tracking, please.",Order Status Inquiry,,,Low,New,,,,2026-06-30 21:58:32,,,,2026-06-30 21:58:32.000000
1143,176,,Chat,My account information seems to be incorrect and I can't update it.,Account Problem,,,Medium,Closed,,Human,,2026-04-02 10:00:00,,2026-04-02 14:48:50.235905,2026-04-06 06:30:53.208220,2026-04-06 06:30:53.208220
1144,787,,Email,There's an issue with the charge on my card for this order.,Payment Problem,,,High,Closed,,Human,,2025-09-15 14:00:00,,2025-09-15 17:42:22.108985,2025-09-17 08:14:02.731429,2025-09-17 08:14:02.731429
1145,126,2802,Chat,One of the items in my order is defective.,Damaged Product,,,High,Closed,,Human,,2025-10-08 10:00:01,,2025-10-08 17:18:02.414326,2025-10-09 06:46:11.465667,2025-10-09 06:46:11.465667
1146,555,466,Phone,Can you tell me more about the materials used in this item?,Product Question,,,Low,Closed,,Human,,2026-06-01 09:05:52,,2026-06-03 09:16:04.585145,2026-06-05 20:41:35.735953,2026-06-05 20:41:35.735953
1147,992,3878,Email,I want to raise a formal complaint about how my order was handled.,Complaint,,,Urgent,Closed,,Human,,2026-03-17 07:53:14,,2026-03-17 11:17:50.852419,2026-03-17 23:08:54.429656,2026-03-17 23:08:54.429656
1148,32,,Phone,Does this product come in other sizes or colors?,Product Question,,,Low,Closed,,Human,,2025-08-02 12:00:00,,2025-08-04 20:00:10.234815,2025-08-05 14:11:48.924454,2025-08-05 14:11:48.924454
1149,848,2449,Chat,The tracking says my package is delayed. What's going on?,Delivery Delay,,,Medium,Closed,,Human,,2026-01-11 23:39:19,,2026-01-13 06:03:01.609685,2026-01-17 05:36:46.608644,2026-01-17 05:36:46.608644
1150,938,2686,Email,The item I received arrived broken/damaged.,Damaged Product,,,High,Closed,,Human,,2026-01-24 21:14:07,,2026-01-25 08:18:02.600332,2026-01-26 00:49:25.499996,2026-01-26 00:49:25.499996
1151,478,1853,Contact Form,"I'd like an update on my order tracking, please.",Order Status Inquiry,,,Low,New,,,,2026-06-30 15:56:39,,,,2026-06-30 15:56:39.000000
1152,949,,Chat,I want to raise a formal complaint about how my order was handled.,Complaint,,,Urgent,Closed,,Human,,2025-05-08 10:00:00,,2025-05-08 13:40:44.498260,2025-05-08 21:03:41.658662,2025-05-08 21:03:41.658662
1153,390,2035,Email,"I'd like an update on my order tracking, please.",Order Status Inquiry,,,Low,Pending Customer,,,,2026-06-26 01:10:11,,2026-06-26 08:54:29.195460,,2026-06-26 08:54:29.195460
1154,848,1808,Email,I want to raise a formal complaint about how my order was handled.,Complaint,,,Urgent,Closed,,Human,,2026-04-05 00:37:38,,2026-04-05 03:53:30.806701,2026-04-05 14:50:14.736824,2026-04-05 14:50:14.736824
1155,521,2479,Email,I'd like to request a refund for my recent order.,Refund Request,,,Medium,Closed,,Human,,2025-09-14 11:44:26,,2025-09-15 05:09:05.933234,2025-09-15 13:28:26.302326,2025-09-15 13:28:26.302326
1156,393,564,Chat,"This item didn't meet my expectations, can I get my money back?",Refund Request,,,Medium,Closed,,Human,,2025-08-21 16:59:58,,2025-08-23 01:49:30.735636,2025-08-24 01:31:49.783370,2025-08-24 01:31:49.783370
1157,916,2783,Email,Can you tell me more about the materials used in this item?,Product Question,,,Low,Closed,,Human,,2026-05-17 16:38:36,,2026-05-19 22:45:02.734913,2026-05-20 17:36:21.578366,2026-05-20 17:36:21.578366
1158,274,2866,Email,I'd like to request a refund for my recent order.,Refund Request,,,Medium,New,,,,2026-06-30 20:34:04,,,,2026-06-30 20:34:04.000000
1159,716,,Email,Does this product come in other sizes or colors?,Product Question,,,Low,Closed,,Human,,2026-05-26 13:00:00,,2026-05-28 01:59:47.034801,2026-05-30 13:50:36.251933,2026-05-30 13:50:36.251933
1160,229,1313,Chat,I'd like to request a refund for my recent order.,Refund Request,,,Medium,Pending Customer,,,,2026-06-27 08:06:10,,2026-06-28 10:54:23.934696,,2026-06-28 10:54:23.934696
1161,867,844,Chat,I'm still waiting on my delivery and the expected date has already passed.,Delivery Delay,,,Medium,Resolved,,Human,,2026-05-31 05:39:35,,2026-06-01 17:23:09.380301,2026-06-04 11:43:36.760132,2026-06-04 11:43:36.760132
1162,135,,Email,There's an issue with the charge on my card for this order.,Payment Problem,,,High,Closed,,Human,,2023-11-29 12:00:00,,2023-11-29 16:21:36.186542,2023-12-01 06:09:19.934673,2023-12-01 06:09:19.934673
1163,822,1972,Chat,My order was supposed to arrive days ago and it still hasn't shown up.,Delivery Delay,,,Medium,Closed,,Human,,2026-01-13 12:44:33,,2026-01-14 19:42:52.613449,2026-01-18 09:28:05.533978,2026-01-18 09:28:05.533978
1164,444,937,Chat,My package arrived but one of the products wasn't inside.,Missing Item,,,Medium,In Progress,,,,2026-06-18 11:11:23,,2026-06-19 03:24:22.944838,,2026-06-19 03:24:22.944838
1165,12,,Chat,I only received part of my order — something is missing.,Missing Item,,,High,Closed,,Human,,2025-06-05 09:00:00,,2025-06-05 12:35:38.699648,2025-06-05 18:19:13.126432,2025-06-05 18:19:13.126432
1166,61,,Chat,I'm very unhappy with my recent experience and want to file a complaint.,Complaint,,,Medium,Resolved,,Human,,2025-08-30 13:00:00,,2025-08-31 21:01:41.150848,2025-09-02 10:06:03.599497,2025-09-02 10:06:03.599497
1167,374,3662,Chat,The tracking says my package is delayed. What's going on?,Delivery Delay,,,High,Closed,,Human,,2026-04-04 11:19:33,,2026-04-04 13:56:14.532356,2026-04-05 12:13:58.744355,2026-04-05 12:13:58.744355
1168,231,349,Email,I only received part of my order — something is missing.,Missing Item,,,High,Closed,,Human,,2026-05-22 00:38:13,,2026-05-22 18:27:30.478679,2026-05-24 08:28:10.031888,2026-05-24 08:28:10.031888
1169,307,3196,Contact Form,Does this product come in other sizes or colors?,Product Question,,,Low,Reopened,,Human,,2025-01-29 15:54:39,,2025-01-29 23:16:02.151184,2025-01-31 16:36:01.554479,2025-01-31 16:36:01.554479
1170,511,3804,Chat,The item I received arrived broken/damaged.,Damaged Product,,,High,Closed,,Human,,2026-03-08 16:46:26,,2026-03-09 04:52:37.093724,2026-03-11 03:50:18.911074,2026-03-11 03:50:18.911074
1171,187,2434,Email,I'm missing an item from my order.,Missing Item,,,Urgent,Closed,,Human,,2025-06-21 09:02:55,,2025-06-21 12:53:15.927600,2025-06-22 09:11:52.699084,2025-06-22 09:11:52.699084
1172,316,1606,Chat,I'm very unhappy with my recent experience and want to file a complaint.,Complaint,,,Urgent,Escalated,,,,2026-06-24 21:51:54,,2026-06-25 03:00:07.185560,,2026-06-25 03:00:07.185560
1173,358,3538,Email,My package arrived but one of the products wasn't inside.,Missing Item,,,High,Closed,,Human,,2025-12-20 02:43:30,,2025-12-20 10:06:13.467069,2025-12-22 07:14:54.257131,2025-12-22 07:14:54.257131
1174,458,,Email,My account information seems to be incorrect and I can't update it.,Account Problem,,,Medium,Resolved,,Human,,2026-06-25 17:00:00,,2026-06-26 14:27:53.561717,2026-06-30 06:02:35.126895,2026-06-30 06:02:35.126895
1175,391,2860,Phone,My order was supposed to arrive days ago and it still hasn't shown up.,Delivery Delay,,,Medium,Closed,,Human,,2026-02-03 14:34:23,,2026-02-03 20:24:35.560847,2026-02-06 13:44:07.427668,2026-02-06 13:44:07.427668
1176,453,2906,Email,One of the items in my order is defective.,Damaged Product,,,High,Closed,,Human,,2026-06-09 03:08:46,,2026-06-09 20:09:40.654321,2026-06-10 10:54:26.493417,2026-06-10 10:54:26.493417
1177,916,1467,Email,My order showed up with visible damage to the packaging and product.,Damaged Product,,,Urgent,Closed,,Human,,2026-01-25 04:12:45,,2026-01-25 06:17:24.014946,2026-01-25 13:09:03.909052,2026-01-25 13:09:03.909052
1178,265,3051,Email,Just checking in on when my package will arrive.,Order Status Inquiry,,,Low,In Progress,,,,2026-06-28 21:37:04,,2026-06-30 13:45:53.676717,,2026-06-30 13:45:53.676717
1179,845,,Phone,"I'd like an update on my order tracking, please.",Order Status Inquiry,,,Low,Resolved,,Human,,2024-06-01 17:00:00,,2024-06-03 09:05:36.927198,2024-06-04 15:37:49.048656,2024-06-04 15:37:49.048656
1180,51,,Chat,Can you tell me more about the materials used in this item?,Product Question,,,Low,Closed,,Human,,2025-06-22 13:00:00,,2025-06-23 21:58:56.287080,2025-06-25 03:10:33.383537,2025-06-25 03:10:33.383537
1181,391,3376,Social Media,My order showed up with visible damage to the packaging and product.,Damaged Product,,,High,Closed,,Human,,2024-02-28 04:43:17,,2024-02-28 07:50:24.988937,2024-02-29 20:13:33.627608,2024-02-29 20:13:33.627608
1182,769,,Phone,The item I received arrived broken/damaged.,Damaged Product,,,High,Closed,,Human,,2026-01-17 11:00:00,,2026-01-17 11:52:23.907553,2026-01-19 00:10:52.419004,2026-01-19 00:10:52.419004
1183,635,,Social Media,Is this product compatible with other accessories I own?,Product Question,,,High,Closed,,Human,,2025-09-29 09:00:00,,2025-09-29 17:01:55.497184,2025-09-30 08:14:32.616771,2025-09-30 08:14:32.616771
1184,797,1929,Email,The item I received arrived broken/damaged.,Damaged Product,,,High,Resolved,,Human,,2026-06-16 08:10:21,,2026-06-16 10:22:57.563681,2026-06-17 00:44:28.428819,2026-06-17 00:44:28.428819
1185,246,2327,Chat,I want to raise a formal complaint about how my order was handled.,Complaint,,,Urgent,Closed,,Human,,2026-06-15 16:10:22,,2026-06-15 19:42:13.275071,2026-06-16 11:09:50.504730,2026-06-16 11:09:50.504730
1186,818,362,Chat,I'm still waiting on my delivery and the expected date has already passed.,Delivery Delay,,,Medium,Closed,,Human,,2026-04-08 20:12:17,,2026-04-10 07:32:14.960793,2026-04-13 04:49:50.754557,2026-04-13 04:49:50.754557
1187,471,3447,Chat,"Hi, can you tell me the current status of my order? It hasn't updated in a while.",Order Status Inquiry,,,Low,Resolved,,Human,,2026-06-28 16:43:16,,2026-06-30 11:43:53.526792,2026-06-30 21:26:23.675493,2026-06-30 21:26:23.675493
1188,95,3278,Chat,There's an issue with the charge on my card for this order.,Payment Problem,,,High,Closed,,Human,,2025-09-07 02:09:36,,2025-09-07 15:26:11.435347,2025-09-09 07:27:18.524988,2025-09-09 07:27:18.524988
1189,250,1357,Chat,I'm missing an item from my order.,Missing Item,,,High,Closed,,Human,,2026-01-22 01:09:10,,2026-01-22 05:43:25.943189,2026-01-24 01:05:51.382794,2026-01-24 01:05:51.382794
1190,881,3961,Chat,I'm still waiting on my delivery and the expected date has already passed.,Delivery Delay,,,Medium,Closed,,Human,,2026-02-21 21:21:31,,2026-02-23 02:41:44.911478,2026-02-25 06:06:50.349286,2026-02-25 06:06:50.349286
1191,519,59,Chat,Just checking in on when my package will arrive.,Order Status Inquiry,,,Low,New,,,,2026-06-30 03:59:51,,,,2026-06-30 03:59:51.000000
1192,961,,Social Media,Can you tell me more about the materials used in this item?,Product Question,,,Low,Closed,,Human,,2026-06-04 20:00:00,,2026-06-04 22:43:28.235480,2026-06-07 02:40:48.898838,2026-06-07 02:40:48.898838
1193,870,2509,Email,Please process a refund for the order I placed.,Refund Request,,,Medium,Closed,,Human,,2025-07-25 06:57:33,,2025-07-25 15:46:29.467211,2025-07-29 15:07:53.170535,2025-07-29 15:07:53.170535
1194,174,,Email,"This item didn't meet my expectations, can I get my money back?",Refund Request,,,Medium,Resolved,,Human,,2025-12-23 10:00:00,,2025-12-23 18:52:03.424865,2025-12-26 00:43:22.456361,2025-12-26 00:43:22.456361
1195,379,643,Email,Just checking in on when my package will arrive.,Order Status Inquiry,,,Low,In Progress,,,,2026-06-29 06:13:39,,2026-06-30 00:11:28.954080,,2026-06-30 00:11:28.954080
1196,356,455,Chat,One of the items in my order is defective.,Damaged Product,,,High,Closed,,Human,,2023-09-24 11:14:08,,2023-09-25 01:46:13.719446,2023-09-25 08:02:29.153018,2023-09-25 08:02:29.153018
1197,704,,Email,Please process a refund for the order I placed.,Refund Request,,,Low,Reopened,,Human,,2026-05-14 08:00:00,,2026-05-15 14:45:58.402602,2026-05-16 12:52:12.502097,2026-05-16 12:52:12.502097
1198,502,2260,Chat,The item I received arrived broken/damaged.,Damaged Product,,,High,Closed,,Human,,2026-06-05 16:10:04,,2026-06-06 04:21:43.311578,2026-06-06 11:28:59.828550,2026-06-06 11:28:59.828550
1199,822,1195,Contact Form,My order showed up with visible damage to the packaging and product.,Damaged Product,,,High,Closed,,Human,,2026-02-16 04:50:09,,2026-02-16 11:18:18.680709,2026-02-17 23:50:52.842161,2026-02-17 23:50:52.842161
1200,193,2422,Chat,This is the second issue I've had and I'm frustrated with the service.,Complaint,,,Urgent,Closed,,Human,,2026-04-12 13:17:28,,2026-04-12 13:50:45.875783,2026-04-13 12:25:28.182401,2026-04-13 12:25:28.182401
1201,723,,Chat,Does this product come in other sizes or colors?,Product Question,,,Low,Closed,,Human,,2025-05-17 08:00:00,,2025-05-18 16:48:37.273990,2025-05-19 07:05:17.402412,2025-05-19 07:05:17.402412
1202,548,,Email,My payment failed but the amount was still deducted from my account.,Payment Problem,,,High,Closed,,Human,,2026-05-24 19:00:00,,2026-05-25 11:19:46.173850,2026-05-26 16:16:45.150269,2026-05-26 16:16:45.150269
1203,494,594,Chat,My order was supposed to arrive days ago and it still hasn't shown up.,Delivery Delay,,,Medium,Closed,,Human,,2026-05-26 11:42:06,,2026-05-27 03:10:42.282551,2026-05-30 02:55:08.852748,2026-05-30 02:55:08.852748
1204,910,,Social Media,I'm very unhappy with my recent experience and want to file a complaint.,Complaint,,,Low,Closed,,Human,,2026-06-23 17:00:00,,2026-06-25 06:49:56.996842,2026-06-27 01:18:11.151792,2026-06-27 01:18:11.151792
1205,512,,Phone,I'm very unhappy with my recent experience and want to file a complaint.,Complaint,,,Medium,Closed,,Human,,2025-12-16 13:00:00,,2025-12-16 15:48:55.834601,2025-12-18 02:57:11.151967,2025-12-18 02:57:11.151967
1206,241,,Chat,I need help resetting my password.,Account Problem,,,Medium,Closed,,Human,,2025-06-16 14:00:00,,2025-06-17 06:18:01.563525,2025-06-19 01:20:08.954305,2025-06-19 01:20:08.954305
1207,200,1569,Phone,I want to raise a formal complaint about how my order was handled.,Complaint,,,Urgent,Closed,,Human,,2025-07-01 13:50:26,,2025-07-01 17:58:52.468066,2025-07-02 06:43:49.487924,2025-07-02 06:43:49.487924
1208,782,313,Chat,The item I received arrived broken/damaged.,Damaged Product,,,High,Closed,,Human,,2026-02-18 18:32:32,,2026-02-19 05:19:55.978168,2026-02-19 13:57:29.732870,2026-02-19 13:57:29.732870
1209,913,2934,Email,One of the items in my order is defective.,Damaged Product,,,High,Closed,,Human,,2026-06-17 12:02:36,,2026-06-17 12:50:50.062562,2026-06-18 04:17:12.075326,2026-06-18 04:17:12.075326
1210,805,,Email,Does this product come in other sizes or colors?,Product Question,,,Low,Closed,,Human,,2025-05-09 16:00:00,,2025-05-11 11:00:10.605732,2025-05-13 03:28:40.991711,2025-05-13 03:28:40.991711
1211,269,1878,Chat,Please process a refund for the order I placed.,Refund Request,,,High,Closed,,Human,,2026-05-19 09:15:21,,2026-05-19 12:17:24.111403,2026-05-20 10:26:04.069618,2026-05-20 10:26:04.069618
1212,735,,Email,Can you tell me more about the materials used in this item?,Product Question,,,Low,Closed,,Human,,2023-10-10 15:00:00,,2023-10-11 04:33:35.884678,2023-10-12 15:23:18.027641,2023-10-12 15:23:18.027641
1213,307,1179,Email,"This item didn't meet my expectations, can I get my money back?",Refund Request,,,Medium,Closed,,Human,,2026-04-09 22:54:50,,2026-04-10 12:56:10.421785,2026-04-11 00:34:00.980462,2026-04-11 00:34:00.980462
1214,510,,Email,Can you tell me more about the materials used in this item?,Product Question,,,Low,Resolved,,Human,,2024-12-20 13:00:00,,2024-12-22 22:40:06.576911,2024-12-23 17:38:18.285374,2024-12-23 17:38:18.285374
1215,17,,Chat,Just checking in on when my package will arrive.,Order Status Inquiry,,,Low,Resolved,,Human,,2026-06-26 15:00:00,,2026-06-27 17:29:39.587495,2026-06-29 12:25:47.099487,2026-06-29 12:25:47.099487
1216,306,89,Chat,I'm missing an item from my order.,Missing Item,,,High,Resolved,,Human,,2024-08-31 06:13:38,,2024-08-31 18:40:27.712216,2024-09-02 03:17:51.447121,2024-09-02 03:17:51.447121
1217,375,,Chat,This is the second issue I've had and I'm frustrated with the service.,Complaint,,,Medium,Closed,,Human,,2024-04-22 10:00:00,,2024-04-23 19:42:05.656194,2024-04-24 16:05:15.359561,2024-04-24 16:05:15.359561
1218,783,3548,Chat,My order was supposed to arrive days ago and it still hasn't shown up.,Delivery Delay,,,High,Closed,,Human,,2024-09-21 18:23:09,,2024-09-22 10:13:16.631724,2024-09-22 19:36:42.220396,2024-09-22 19:36:42.220396
1219,882,,Email,Just checking in on when my package will arrive.,Order Status Inquiry,,,Low,Closed,,Human,,2025-09-20 19:00:00,,2025-09-21 17:40:09.757533,2025-09-23 14:19:19.957052,2025-09-23 14:19:19.957052
1220,264,3786,Email,The tracking says my package is delayed. What's going on?,Delivery Delay,,,Medium,Closed,,Human,,2024-03-22 03:14:13,,2024-03-22 14:01:57.000092,2024-03-26 05:52:48.458838,2024-03-26 05:52:48.458838
1221,316,1606,Phone,"This item didn't meet my expectations, can I get my money back?",Refund Request,,,Medium,In Progress,,,,2026-06-22 15:08:58,,2026-06-22 20:57:01.349998,,2026-06-22 20:57:01.349998
1222,186,,Email,I can't log into my account anymore.,Account Problem,,,Medium,Closed,,Human,,2025-06-07 20:00:00,,2025-06-08 00:56:36.667045,2025-06-11 13:18:16.067093,2025-06-11 13:18:16.067093
1223,715,,Social Media,My account information seems to be incorrect and I can't update it.,Account Problem,,,Medium,Reopened,,Human,,2025-12-28 08:00:00,,2025-12-29 12:47:49.830544,2025-12-30 12:08:24.964222,2025-12-30 12:08:24.964222
1224,425,1336,Email,I'm still waiting on my delivery and the expected date has already passed.,Delivery Delay,,,Medium,Resolved,,Human,,2025-11-24 04:58:01,,2025-11-24 18:56:10.687555,2025-11-27 15:53:06.181187,2025-11-27 15:53:06.181187
1225,509,1626,Contact Form,Please process a refund for the order I placed.,Refund Request,,,Medium,Closed,,Human,,2025-11-23 19:20:40,,2025-11-24 12:41:41.351904,2025-11-25 21:44:19.241923,2025-11-25 21:44:19.241923
1226,797,2805,Phone,I'm still waiting on my delivery and the expected date has already passed.,Delivery Delay,,,Medium,Reopened,,Human,,2026-04-30 22:50:52,,2026-05-02 01:57:57.856225,2026-05-03 19:07:08.798899,2026-05-03 19:07:08.798899
1227,366,2256,Phone,Just checking in on when my package will arrive.,Order Status Inquiry,,,Low,New,,,,2026-06-29 18:18:11,,,,2026-06-29 18:18:11.000000
1228,126,1429,Chat,One of the items in my order is defective.,Damaged Product,,,High,Closed,,Human,,2026-03-03 23:32:44,,2026-03-04 11:54:33.283815,2026-03-05 01:48:45.748790,2026-03-05 01:48:45.748790
1229,420,,Chat,Can you tell me more about the materials used in this item?,Product Question,,,Urgent,Reopened,,Human,,2025-11-20 15:00:00,,2025-11-20 15:43:06.026720,2025-11-20 16:59:50.321881,2025-11-20 16:59:50.321881
1230,94,,Chat,Is this product compatible with other accessories I own?,Product Question,,,Low,Resolved,,Human,,2025-10-22 09:00:00,,2025-10-24 13:26:47.136537,2025-10-24 17:39:25.487040,2025-10-24 17:39:25.487040
1231,60,,Chat,This is the second issue I've had and I'm frustrated with the service.,Complaint,,,Urgent,Closed,,Human,,2025-10-25 18:00:00,,2025-10-25 23:04:34.777011,2025-10-26 06:14:48.656456,2025-10-26 06:14:48.656456
1232,229,434,Chat,One of the items in my order is defective.,Damaged Product,,,High,Resolved,,Human,,2026-06-22 14:44:14,,2026-06-22 20:04:52.463889,2026-06-23 01:02:04.907825,2026-06-23 01:02:04.907825
1233,559,2567,Phone,Just checking in on when my package will arrive.,Order Status Inquiry,,,Low,New,,,,2026-06-29 11:32:23,,2026-06-30 07:46:56.841793,,2026-06-30 07:46:56.841793
1234,503,2175,Chat,My order showed up with visible damage to the packaging and product.,Damaged Product,,,High,Closed,,Human,,2026-02-21 00:11:48,,2026-02-21 07:42:43.556763,2026-02-23 01:18:33.299557,2026-02-23 01:18:33.299557
1235,470,2435,Email,I want to raise a formal complaint about how my order was handled.,Complaint,,,Urgent,Closed,,Human,,2026-04-16 14:53:36,,2026-04-16 15:08:48.409780,2026-04-17 09:11:59.412600,2026-04-17 09:11:59.412600
1236,808,552,Phone,"This item didn't meet my expectations, can I get my money back?",Refund Request,,,Medium,Closed,,Human,,2025-09-17 17:48:20,,2025-09-19 00:03:28.097820,2025-09-19 22:01:05.749614,2025-09-19 22:01:05.749614
1237,938,1782,Chat,I'm still waiting on my delivery and the expected date has already passed.,Delivery Delay,,,Medium,Resolved,,Human,,2026-03-20 04:46:05,,2026-03-20 16:30:51.750670,2026-03-23 15:39:57.736883,2026-03-23 15:39:57.736883
1238,895,2477,Chat,My package arrived but one of the products wasn't inside.,Missing Item,,,High,Closed,,Human,,2026-01-17 03:15:34,,2026-01-17 04:38:09.691953,2026-01-17 12:49:22.656402,2026-01-17 12:49:22.656402
1239,640,,Email,This is the second issue I've had and I'm frustrated with the service.,Complaint,,,Urgent,Closed,,Human,,2026-02-09 11:00:00,,2026-02-09 12:42:04.511499,2026-02-10 05:50:05.937837,2026-02-10 05:50:05.937837
1240,89,,Chat,"I'd like an update on my order tracking, please.",Order Status Inquiry,,,Low,Closed,,Human,,2023-12-11 15:00:00,,2023-12-12 13:06:31.896537,2023-12-14 10:36:50.522854,2023-12-14 10:36:50.522854
1241,836,1502,Email,Just checking in on when my package will arrive.,Order Status Inquiry,,,Low,In Progress,,,,2026-06-30 16:55:39,,,,2026-06-30 16:55:39.000000
1242,494,,Phone,I can't log into my account anymore.,Account Problem,,,Medium,Closed,,Human,,2025-11-05 13:00:00,,2025-11-06 12:19:14.302301,2025-11-09 08:43:45.166935,2025-11-09 08:43:45.166935
1243,854,2166,Email,My order was supposed to arrive days ago and it still hasn't shown up.,Delivery Delay,,,Medium,Closed,,Human,,2026-05-29 11:48:11,,2026-05-30 02:07:49.958548,2026-05-30 20:21:07.008409,2026-05-30 20:21:07.008409
1244,415,604,Phone,This is the second issue I've had and I'm frustrated with the service.,Complaint,,,Urgent,Closed,,Human,,2026-04-14 08:21:02,,2026-04-14 10:58:34.873419,2026-04-15 07:48:37.003875,2026-04-15 07:48:37.003875
1245,185,3698,Phone,The item I received arrived broken/damaged.,Damaged Product,,,High,Closed,,Human,,2026-03-17 10:40:17,,2026-03-18 03:11:03.975789,2026-03-18 21:28:13.774402,2026-03-18 21:28:13.774402
1246,929,512,Chat,The tracking says my package is delayed. What's going on?,Delivery Delay,,,Medium,Closed,,Human,,2026-05-03 16:23:58,,2026-05-04 23:53:41.368437,2026-05-05 15:55:08.347344,2026-05-05 15:55:08.347344
1247,662,1481,Chat,I'm very unhappy with my recent experience and want to file a complaint.,Complaint,,,Urgent,Resolved,,Human,,2026-04-08 09:46:08,,2026-04-08 10:50:09.979372,2026-04-08 17:58:10.932566,2026-04-08 17:58:10.932566
1248,480,3430,Phone,The tracking says my package is delayed. What's going on?,Delivery Delay,,,Medium,Resolved,,Human,,2026-06-11 09:39:53,,2026-06-11 23:23:01.616490,2026-06-13 16:28:22.332876,2026-06-13 16:28:22.332876
1249,836,1603,Chat,"Hi, can you tell me the current status of my order? It hasn't updated in a while.",Order Status Inquiry,,,Low,New,,,,2026-06-30 18:12:47,,,,2026-06-30 18:12:47.000000
1250,145,,Email,I want to raise a formal complaint about how my order was handled.,Complaint,,,Urgent,Closed,,Human,,2026-02-01 13:00:00,,2026-02-01 17:04:12.182789,2026-02-02 01:14:49.519380,2026-02-02 01:14:49.519380
1251,564,1753,Email,Just checking in on when my package will arrive.,Order Status Inquiry,,,Low,New,,,,2026-06-29 22:24:18,,,,2026-06-29 22:24:18.000000
1252,417,231,Contact Form,The tracking says my package is delayed. What's going on?,Delivery Delay,,,Medium,In Progress,,,,2026-06-26 06:36:01,,2026-06-27 04:46:49.195182,,2026-06-27 04:46:49.195182
1253,332,2218,Chat,I'm very unhappy with my recent experience and want to file a complaint.,Complaint,,,Urgent,Pending Customer,,,,2026-06-24 04:18:02,,2026-06-24 04:56:30.641573,,2026-06-24 04:56:30.641573
1254,822,,Email,Does this product come in other sizes or colors?,Product Question,,,Medium,Closed,,Human,,2025-02-05 15:00:00,,2025-02-06 07:42:25.031346,2025-02-07 15:23:08.092024,2025-02-07 15:23:08.092024
1255,105,2425,Social Media,I'm still waiting on my delivery and the expected date has already passed.,Delivery Delay,,,Medium,Closed,,Human,,2026-04-02 00:32:46,,2026-04-02 17:02:48.530514,2026-04-05 14:50:14.225602,2026-04-05 14:50:14.225602
1256,211,3182,Email,My order was supposed to arrive days ago and it still hasn't shown up.,Delivery Delay,,,Urgent,Closed,,Human,,2025-10-31 11:30:08,,2025-10-31 12:34:29.416526,2025-11-01 00:33:39.322507,2025-11-01 00:33:39.322507
1257,391,2860,Email,My order was supposed to arrive days ago and it still hasn't shown up.,Delivery Delay,,,High,Resolved,,Human,,2026-02-10 04:13:27,,2026-02-10 19:14:34.674268,2026-02-12 06:23:20.298863,2026-02-12 06:23:20.298863
1258,56,3062,Chat,I'm very unhappy with my recent experience and want to file a complaint.,Complaint,,,High,Closed,,Human,,2026-05-05 07:29:21,,2026-05-05 19:45:53.383362,2026-05-06 11:11:59.537153,2026-05-06 11:11:59.537153
1259,545,,Phone,Can you tell me more about the materials used in this item?,Product Question,,,Urgent,Resolved,,Human,,2025-06-20 15:00:00,,2025-06-20 16:58:53.288542,2025-06-21 09:21:35.931927,2025-06-21 09:21:35.931927
1260,552,,Chat,Is this product compatible with other accessories I own?,Product Question,,,High,Closed,,Human,,2025-12-09 20:00:00,,2025-12-10 09:52:31.591401,2025-12-12 02:11:18.247191,2025-12-12 02:11:18.247191
1261,305,1732,Email,Just checking in on when my package will arrive.,Order Status Inquiry,,,Low,In Progress,,,,2026-06-30 13:33:10,,,,2026-06-30 13:33:10.000000
1262,952,,Email,Is this product compatible with other accessories I own?,Product Question,,,Low,Resolved,,Human,,2024-08-08 16:00:00,,2024-08-09 02:25:18.711645,2024-08-10 11:18:56.341416,2024-08-10 11:18:56.341416
1263,535,,Chat,Is this product compatible with other accessories I own?,Product Question,,,Low,In Progress,,,,2026-06-28 16:00:00,,2026-06-29 07:26:17.842075,,2026-06-29 07:26:17.842075
1264,433,,Email,Please process a refund for the order I placed.,Refund Request,,,Medium,Closed,,Human,,2024-10-25 09:00:00,,2024-10-26 10:11:57.243056,2024-10-30 03:07:53.250631,2024-10-30 03:07:53.250631
1265,887,626,Email,The item I received arrived broken/damaged.,Damaged Product,,,High,Closed,,Human,,2026-04-23 23:39:34,,2026-04-24 02:58:54.509413,2026-04-25 23:55:16.448214,2026-04-25 23:55:16.448214
1266,833,1426,Chat,My order was supposed to arrive days ago and it still hasn't shown up.,Delivery Delay,,,Low,Resolved,,Human,,2026-06-22 23:46:30,,2026-06-23 16:28:58.774615,2026-06-25 01:16:31.331547,2026-06-25 01:16:31.331547
1267,105,1371,Email,There's an issue with the charge on my card for this order.,Payment Problem,,,High,Closed,,Human,,2026-03-25 02:59:23,,2026-03-25 17:29:03.081698,2026-03-27 07:52:43.964745,2026-03-27 07:52:43.964745
1268,895,1796,Chat,Please process a refund for the order I placed.,Refund Request,,,Medium,Closed,,Human,,2026-05-29 12:20:33,,2026-05-29 23:58:48.144099,2026-06-02 11:56:54.052361,2026-06-02 11:56:54.052361
1269,808,3070,Chat,One of the items in my order is defective.,Damaged Product,,,Medium,Closed,,Human,,2025-07-24 07:27:49,,2025-07-24 17:28:31.007641,2025-07-26 09:16:37.946287,2025-07-26 09:16:37.946287
1270,953,3533,Email,Just checking in on when my package will arrive.,Order Status Inquiry,,,Low,New,,,,2026-06-29 14:31:01,,,,2026-06-29 14:31:01.000000
1271,489,298,Chat,I only received part of my order — something is missing.,Missing Item,,,High,Closed,,Human,,2024-03-20 08:11:43,,2024-03-20 10:40:17.009254,2024-03-21 11:56:01.289960,2024-03-21 11:56:01.289960
1272,168,892,Chat,My order showed up with visible damage to the packaging and product.,Damaged Product,,,High,Reopened,,Human,,2026-04-28 03:19:33,,2026-04-28 10:20:21.673390,2026-04-29 16:38:48.460771,2026-04-29 16:38:48.460771
1273,348,3096,Email,My package arrived but one of the products wasn't inside.,Missing Item,,,High,Resolved,,Human,,2026-06-14 14:29:16,,2026-06-15 02:47:43.955332,2026-06-17 02:31:45.610891,2026-06-17 02:31:45.610891
1274,925,,Email,I need help resetting my password.,Account Problem,,,Medium,Closed,,Human,,2026-03-02 18:00:00,,2026-03-03 20:33:03.417121,2026-03-04 01:03:35.320462,2026-03-04 01:03:35.320462
1275,250,1017,Chat,Just checking in on when my package will arrive.,Order Status Inquiry,,,Low,New,,,,2026-06-30 13:42:22,,,,2026-06-30 13:42:22.000000
1276,896,,Chat,I need help resetting my password.,Account Problem,,,Medium,Closed,,Human,,2025-12-16 18:00:00,,2025-12-17 03:14:07.060306,2025-12-18 07:42:42.556711,2025-12-18 07:42:42.556711
1277,29,,Chat,My account information seems to be incorrect and I can't update it.,Account Problem,,,Medium,Reopened,,Human,,2024-09-07 15:00:00,,2024-09-08 00:04:41.192871,2024-09-08 09:05:56.657008,2024-09-08 09:05:56.657008
1278,993,,Email,This is the second issue I've had and I'm frustrated with the service.,Complaint,,,Urgent,Closed,,Human,,2026-01-06 17:00:00,,2026-01-06 18:29:17.536472,2026-01-07 12:36:56.908286,2026-01-07 12:36:56.908286
1279,591,,Email,One of the items in my order is defective.,Damaged Product,,,High,Resolved,,Human,,2026-06-02 18:00:00,,2026-06-03 10:45:28.389900,2026-06-03 16:56:52.432799,2026-06-03 16:56:52.432799
1280,108,658,Chat,I was charged twice for the same order.,Payment Problem,,,High,Closed,,Human,,2025-08-22 11:10:04,,2025-08-22 19:58:06.584186,2025-08-23 21:20:49.656254,2025-08-23 21:20:49.656254
1281,199,3019,Email,My order showed up with visible damage to the packaging and product.,Damaged Product,,,Medium,Closed,,Human,,2025-11-04 05:39:12,,2025-11-05 16:55:13.367513,2025-11-09 02:57:10.034555,2025-11-09 02:57:10.034555
1282,817,1655,Phone,I'm still waiting on my delivery and the expected date has already passed.,Delivery Delay,,,Urgent,Closed,,Human,,2025-11-02 22:31:53,,2025-11-03 00:25:09.381480,2025-11-03 07:38:37.451305,2025-11-03 07:38:37.451305
1283,931,1325,Chat,I'm still waiting on my delivery and the expected date has already passed.,Delivery Delay,,,Medium,Closed,,Human,,2025-02-07 21:18:07,,2025-02-08 21:38:54.661632,2025-02-10 13:15:58.759484,2025-02-10 13:15:58.759484
1284,969,,Email,Does this product come in other sizes or colors?,Product Question,,,Low,Closed,,Human,,2025-11-21 09:00:00,,2025-11-21 18:23:28.744549,2025-11-24 08:27:03.508999,2025-11-24 08:27:03.508999
1285,883,821,Phone,"This item didn't meet my expectations, can I get my money back?",Refund Request,,,Medium,Closed,,Human,,2026-01-24 17:52:28,,2026-01-25 18:07:35.121383,2026-01-27 07:34:12.854352,2026-01-27 07:34:12.854352
1286,388,1590,Social Media,My package arrived but one of the products wasn't inside.,Missing Item,,,High,Pending Customer,,,,2026-06-27 11:23:25,,2026-06-27 16:56:46.346836,,2026-06-27 16:56:46.346836
1287,530,3545,Phone,My package arrived but one of the products wasn't inside.,Missing Item,,,High,Closed,,Human,,2026-06-23 20:25:22,,2026-06-24 10:45:39.317192,2026-06-24 18:30:25.686206,2026-06-24 18:30:25.686206
1288,568,3230,Email,"I'd like an update on my order tracking, please.",Order Status Inquiry,,,Low,In Progress,,,,2026-06-30 12:13:51,,,,2026-06-30 12:13:51.000000
1289,905,701,Chat,There's an issue with the charge on my card for this order.,Payment Problem,,,High,Resolved,,Human,,2026-03-31 04:39:39,,2026-03-31 06:46:18.733444,2026-04-01 22:16:30.359035,2026-04-01 22:16:30.359035
1290,306,1496,Chat,One of the items in my order is defective.,Damaged Product,,,High,Closed,,Human,,2026-03-25 02:18:51,,2026-03-25 16:28:57.420966,2026-03-26 16:25:39.658469,2026-03-26 16:25:39.658469
1291,723,2754,Chat,I only received part of my order — something is missing.,Missing Item,,,High,Closed,,Human,,2025-08-29 16:44:31,,2025-08-30 00:29:49.034777,2025-08-30 07:54:38.734809,2025-08-30 07:54:38.734809
1292,754,629,Contact Form,My order showed up with visible damage to the packaging and product.,Damaged Product,,,Low,Closed,,Human,,2026-03-16 04:42:28,,2026-03-17 09:48:18.408680,2026-03-17 22:16:01.875486,2026-03-17 22:16:01.875486
1293,52,947,Email,"Hi, can you tell me the current status of my order? It hasn't updated in a while.",Order Status Inquiry,,,Low,Pending Customer,,,,2026-06-26 15:24:29,,2026-06-28 06:00:56.736408,,2026-06-28 06:00:56.736408
1294,691,64,Chat,I'm still waiting on my delivery and the expected date has already passed.,Delivery Delay,,,Medium,Closed,,Human,,2023-10-14 05:24:48,,2023-10-15 01:58:16.040358,2023-10-15 14:42:42.657778,2023-10-15 14:42:42.657778
1295,378,,Email,I'd like to request a refund for my recent order.,Refund Request,,,Medium,Closed,,Human,,2026-06-18 17:00:00,,2026-06-19 19:09:43.634478,2026-06-22 03:16:54.794557,2026-06-22 03:16:54.794557
1296,669,,Email,Is this product compatible with other accessories I own?,Product Question,,,Low,Resolved,,Human,,2025-09-01 10:00:00,,2025-09-03 01:23:49.606766,2025-09-05 11:39:54.977949,2025-09-05 11:39:54.977949
1297,896,1279,Phone,The tracking says my package is delayed. What's going on?,Delivery Delay,,,High,Closed,,Human,,2026-01-11 04:52:02,,2026-01-11 17:58:03.920197,2026-01-12 13:03:50.174922,2026-01-12 13:03:50.174922
1298,575,1613,Chat,My order was supposed to arrive days ago and it still hasn't shown up.,Delivery Delay,,,Low,Closed,,Human,,2024-12-28 08:52:06,,2024-12-29 09:09:59.753064,2024-12-30 03:10:43.891688,2024-12-30 03:10:43.891688
1299,105,1903,Chat,I only received part of my order — something is missing.,Missing Item,,,High,Closed,,Human,,2026-02-21 01:07:20,,2026-02-21 18:31:52.416098,2026-02-22 18:54:05.318812,2026-02-22 18:54:05.318812
1300,402,2519,Phone,The tracking says my package is delayed. What's going on?,Delivery Delay,,,Medium,Escalated,,,,2026-04-21 01:37:29,,2026-04-21 04:00:15.352038,,2026-04-21 04:00:15.352038
1301,322,1584,Email,I'm missing an item from my order.,Missing Item,,,Urgent,Resolved,,Human,,2024-12-18 22:16:55,,2024-12-19 01:27:55.056533,2024-12-19 04:53:56.544009,2024-12-19 04:53:56.544009
1302,269,3682,Chat,Just checking in on when my package will arrive.,Order Status Inquiry,,,High,Resolved,,Human,,2026-06-27 11:37:35,,2026-06-28 02:47:19.064198,2026-06-28 18:56:26.808212,2026-06-28 18:56:26.808212
1303,367,823,Email,Please process a refund for the order I placed.,Refund Request,,,Medium,Reopened,,Human,,2026-05-07 18:58:33,,2026-05-08 04:00:43.326504,2026-05-10 10:05:22.296355,2026-05-10 10:05:22.296355
1304,677,,Chat,My account information seems to be incorrect and I can't update it.,Account Problem,,,Medium,Closed,,Human,,2026-02-19 16:00:00,,2026-02-21 02:22:43.333694,2026-02-21 12:45:09.112101,2026-02-21 12:45:09.112101
1305,229,3469,Chat,"I'd like an update on my order tracking, please.",Order Status Inquiry,,,Low,In Progress,,,,2026-06-23 22:32:02,,2026-06-24 14:52:37.939895,,2026-06-24 14:52:37.939895
1306,412,1832,Phone,My package arrived but one of the products wasn't inside.,Missing Item,,,High,Closed,,Human,,2026-02-28 11:49:18,,2026-03-01 04:29:59.043202,2026-03-02 21:43:19.415423,2026-03-02 21:43:19.415423
1307,387,,Chat,There's an issue with the charge on my card for this order.,Payment Problem,,,High,Resolved,,Human,,2026-06-11 08:00:00,,2026-06-12 01:39:23.840238,2026-06-13 12:38:59.411704,2026-06-13 12:38:59.411704
1308,757,1724,Contact Form,Does this product come in other sizes or colors?,Product Question,,,Urgent,Escalated,,,,2026-05-07 13:20:46,,2026-05-07 15:11:57.293936,,2026-05-07 15:11:57.293936
1309,463,283,Phone,I'd like to request a refund for my recent order.,Refund Request,,,Medium,Resolved,,Human,,2025-07-22 05:50:14,,2025-07-22 17:16:14.144783,2025-07-24 09:34:57.015468,2025-07-24 09:34:57.015468
1310,208,1894,Phone,I was charged twice for the same order.,Payment Problem,,,High,Reopened,,Human,,2024-11-14 04:24:30,,2024-11-14 18:06:33.463169,2024-11-15 12:04:25.503983,2024-11-15 12:04:25.503983
1311,159,3464,Email,I'm missing an item from my order.,Missing Item,,,High,Closed,,Human,,2026-03-22 15:18:15,,2026-03-22 23:23:45.177259,2026-03-23 18:16:29.988660,2026-03-23 18:16:29.988660
1312,546,,Email,Does this product come in other sizes or colors?,Product Question,,,Low,Closed,,Human,,2025-02-18 14:00:00,,2025-02-19 13:17:40.435248,2025-02-20 03:17:20.057158,2025-02-20 03:17:20.057158
1313,114,400,Phone,I'm missing an item from my order.,Missing Item,,,High,Closed,,Human,,2025-08-23 10:26:31,,2025-08-24 01:11:20.509291,2025-08-25 06:57:12.887245,2025-08-25 06:57:12.887245
1314,396,917,Email,My order showed up with visible damage to the packaging and product.,Damaged Product,,,High,Resolved,,Human,,2026-06-17 08:11:38,,2026-06-17 12:17:44.714149,2026-06-18 21:18:45.580464,2026-06-18 21:18:45.580464
1315,514,2125,Chat,"Hi, can you tell me the current status of my order? It hasn't updated in a while.",Order Status Inquiry,,,Low,New,,,,2026-06-30 19:18:10,,,,2026-06-30 19:18:10.000000
1316,29,,Contact Form,Can you tell me more about the materials used in this item?,Product Question,,,Low,Closed,,Human,,2025-01-03 15:00:00,,2025-01-04 10:22:57.119597,2025-01-05 17:30:04.081302,2025-01-05 17:30:04.081302
1317,836,1603,Email,"I'd like an update on my order tracking, please.",Order Status Inquiry,,,Medium,In Progress,,,,2026-06-26 04:45:56,,2026-06-27 00:48:35.849304,,2026-06-27 00:48:35.849304
1318,837,,Chat,I need help resetting my password.,Account Problem,,,Medium,Escalated,,,,2025-10-10 11:00:00,,2025-10-11 19:26:06.127673,,2025-10-11 19:26:06.127673
1319,309,335,Email,Just checking in on when my package will arrive.,Order Status Inquiry,,,Low,Pending Customer,,,,2026-06-28 10:46:58,,2026-06-28 16:19:45.653939,,2026-06-28 16:19:45.653939
1320,682,,Email,I need help resetting my password.,Account Problem,,,Medium,Closed,,Human,,2026-06-21 08:00:00,,2026-06-21 18:14:39.577190,2026-06-22 19:21:02.592609,2026-06-22 19:21:02.592609
1321,949,2972,Chat,I want to raise a formal complaint about how my order was handled.,Complaint,,,Urgent,Reopened,,Human,,2025-08-17 10:17:04,,2025-08-17 15:44:54.419487,2025-08-17 20:21:20.918515,2025-08-17 20:21:20.918515
1322,929,38,Email,I was charged twice for the same order.,Payment Problem,,,High,Closed,,Human,,2025-10-29 23:55:30,,2025-10-30 06:46:12.492201,2025-10-31 02:10:40.234461,2025-10-31 02:10:40.234461
1323,13,,Phone,This is the second issue I've had and I'm frustrated with the service.,Complaint,,,Urgent,Closed,,Human,,2026-05-25 11:00:00,,2026-05-25 14:16:05.908120,2026-05-26 05:17:51.986877,2026-05-26 05:17:51.986877
1324,582,,Chat,Can you tell me more about the materials used in this item?,Product Question,,,Low,Closed,,Human,,2025-05-01 18:00:00,,2025-05-04 04:17:16.823359,2025-05-05 11:33:42.156531,2025-05-05 11:33:42.156531
1325,72,3925,Chat,Just checking in on when my package will arrive.,Order Status Inquiry,,,Low,Pending Customer,,,,2026-06-28 22:58:09,,2026-06-30 02:09:47.180966,,2026-06-30 02:09:47.180966
1326,64,900,Chat,One of the items in my order is defective.,Damaged Product,,,High,Closed,,Human,,2026-06-10 15:11:45,,2026-06-10 21:08:45.495537,2026-06-11 15:46:00.715690,2026-06-11 15:46:00.715690
1327,966,,Chat,Reaching out about something unrelated to a specific order.,Other,,,Low,Closed,,Human,,2025-08-01 12:00:00,,2025-08-03 20:25:49.915358,2025-08-05 13:21:34.269161,2025-08-05 13:21:34.269161
1328,695,,Phone,My payment failed but the amount was still deducted from my account.,Payment Problem,,,High,Closed,,Human,,2026-02-28 09:00:00,,2026-02-28 21:52:38.137009,2026-03-01 09:47:01.280932,2026-03-01 09:47:01.280932
1329,675,,Social Media,Can you tell me more about the materials used in this item?,Product Question,,,Low,Closed,,Human,,2026-02-23 17:00:00,,2026-02-24 02:12:44.768649,2026-02-25 08:14:00.832986,2026-02-25 08:14:00.832986
1330,431,,Phone,This is the second issue I've had and I'm frustrated with the service.,Complaint,,,Urgent,Reopened,,Human,,2026-05-22 09:00:00,,2026-05-22 09:43:16.129289,2026-05-22 15:57:53.251487,2026-05-22 15:57:53.251487
1331,308,,Chat,"This item didn't meet my expectations, can I get my money back?",Refund Request,,,Medium,Closed,,Human,,2025-11-25 08:00:00,,2025-11-26 09:06:18.734730,2025-11-28 19:52:35.484584,2025-11-28 19:52:35.484584
1332,956,,Phone,Is this product compatible with other accessories I own?,Product Question,,,Urgent,Resolved,,Human,,2025-02-03 10:00:00,,2025-02-03 15:53:06.577981,2025-02-04 11:01:35.415773,2025-02-04 11:01:35.415773
1333,229,219,Chat,Just checking in on when my package will arrive.,Order Status Inquiry,,,Urgent,New,,,,2026-06-29 04:35:21,,2026-06-29 08:02:59.151020,,2026-06-29 08:02:59.151020
1334,362,1440,Chat,My order showed up with visible damage to the packaging and product.,Damaged Product,,,High,Closed,,Human,,2026-05-17 01:16:10,,2026-05-17 05:18:24.764608,2026-05-18 18:35:35.849681,2026-05-18 18:35:35.849681
1335,470,355,Email,I'd like to request a refund for my recent order.,Refund Request,,,Medium,Escalated,,,,2025-05-13 09:07:21,,2025-05-13 13:47:30.322732,,2025-05-13 13:47:30.322732
1336,35,3124,Email,My order was supposed to arrive days ago and it still hasn't shown up.,Delivery Delay,,,Medium,Resolved,,Human,,2026-06-05 00:24:59,,2026-06-05 15:12:36.242349,2026-06-07 19:50:23.425002,2026-06-07 19:50:23.425002
1337,368,2935,Social Media,Can you tell me more about the materials used in this item?,Product Question,,,Low,Resolved,,Human,,2025-12-16 17:49:20,,2025-12-19 02:26:31.336409,2025-12-21 09:20:20.383940,2025-12-21 09:20:20.383940
1338,616,2988,Email,"This item didn't meet my expectations, can I get my money back?",Refund Request,,,Medium,Resolved,,Human,,2026-04-05 14:15:26,,2026-04-06 04:25:15.321369,2026-04-07 06:27:25.633670,2026-04-07 06:27:25.633670
1339,311,2336,Email,I was charged twice for the same order.,Payment Problem,,,High,Closed,,Human,,2025-09-10 00:30:58,,2025-09-10 12:09:22.583860,2025-09-11 01:00:48.785319,2025-09-11 01:00:48.785319
1340,264,3795,Phone,My order was supposed to arrive days ago and it still hasn't shown up.,Delivery Delay,,,Medium,Escalated,,,,2026-01-07 17:12:13,,2026-01-08 21:13:44.246316,,2026-01-08 21:13:44.246316
1341,82,,Phone,Is this product compatible with other accessories I own?,Product Question,,,Low,Closed,,Human,,2026-06-04 16:00:00,,2026-06-06 05:28:10.412418,2026-06-06 15:36:42.829605,2026-06-06 15:36:42.829605
1342,884,3543,Chat,This is the second issue I've had and I'm frustrated with the service.,Complaint,,,Urgent,Closed,,Human,,2026-02-07 03:26:05,,2026-02-07 06:14:35.467184,2026-02-07 12:06:12.593072,2026-02-07 12:06:12.593072
1343,290,2547,Chat,My payment failed but the amount was still deducted from my account.,Payment Problem,,,High,Closed,,Human,,2026-04-19 11:10:42,,2026-04-19 23:17:58.859248,2026-04-20 07:53:45.750777,2026-04-20 07:53:45.750777
1344,883,459,Email,Please process a refund for the order I placed.,Refund Request,,,Medium,New,,,,2026-06-29 16:19:19,,,,2026-06-29 16:19:19.000000
1345,250,1017,Email,I have a general question that doesn't fit the other categories.,Other,,,Low,New,,,,2026-06-30 22:36:59,,,,2026-06-30 22:36:59.000000
1346,373,2738,Email,My order showed up with visible damage to the packaging and product.,Damaged Product,,,High,Closed,,Human,,2024-07-06 17:33:50,,2024-07-07 10:12:12.756715,2024-07-07 14:05:12.353692,2024-07-07 14:05:12.353692
1347,481,,Email,Is this product compatible with other accessories I own?,Product Question,,,High,Resolved,,Human,,2026-03-21 18:00:00,,2026-03-21 21:59:05.020257,2026-03-22 23:54:15.340831,2026-03-22 23:54:15.340831
1348,840,2053,Chat,I'd like to request a refund for my recent order.,Refund Request,,,Medium,Closed,,Human,,2026-06-06 14:50:50,,2026-06-07 15:45:39.693041,2026-06-08 00:06:05.563977,2026-06-08 00:06:05.563977
1349,198,2181,Email,One of the items in my order is defective.,Damaged Product,,,High,Resolved,,Human,,2026-01-08 04:24:36,,2026-01-08 18:08:20.405481,2026-01-08 21:48:21.702419,2026-01-08 21:48:21.702419
1350,944,2055,Chat,I only received part of my order — something is missing.,Missing Item,,,High,Closed,,Human,,2025-09-20 08:14:21,,2025-09-20 12:42:27.473104,2025-09-21 22:17:46.123935,2025-09-21 22:17:46.123935
1351,376,,Chat,I have a general question that doesn't fit the other categories.,Other,,,Low,Closed,,Human,,2025-08-21 14:00:00,,2025-08-21 20:37:50.444885,2025-08-22 14:37:01.035664,2025-08-22 14:37:01.035664
1352,456,2481,Chat,Just checking in on when my package will arrive.,Order Status Inquiry,,,Low,Resolved,,Human,,2026-06-26 20:39:03,,2026-06-27 00:19:58.076278,2026-06-28 16:43:34.638118,2026-06-28 16:43:34.638118
1353,663,,Email,My payment failed but the amount was still deducted from my account.,Payment Problem,,,High,Closed,,Human,,2024-08-17 08:00:00,,2024-08-17 15:17:38.218757,2024-08-18 02:06:52.530423,2024-08-18 02:06:52.530423
1354,414,3028,Email,Does this product come in other sizes or colors?,Product Question,,,Medium,Resolved,,Human,,2026-06-21 07:19:15,,2026-06-21 12:08:49.654924,2026-06-24 22:43:18.777805,2026-06-24 22:43:18.777805
1355,358,3704,Email,The item I received arrived broken/damaged.,Damaged Product,,,High,Closed,,Human,,2025-03-14 04:19:22,,2025-03-14 11:47:58.564912,2025-03-14 17:13:19.914561,2025-03-14 17:13:19.914561
1356,616,2197,Chat,My order showed up with visible damage to the packaging and product.,Damaged Product,,,High,Escalated,,,,2025-10-26 07:17:29,,2025-10-26 23:05:37.790498,,2025-10-26 23:05:37.790498
1357,166,717,Email,Just checking in on when my package will arrive.,Order Status Inquiry,,,Low,New,,,,2026-06-30 15:00:39,,,,2026-06-30 15:00:39.000000
1358,616,3732,Chat,Just checking in on when my package will arrive.,Order Status Inquiry,,,Low,In Progress,,,,2026-06-28 23:09:48,,2026-06-30 21:33:06.665346,,2026-06-30 21:33:06.665346
1359,426,,Phone,I can't log into my account anymore.,Account Problem,,,High,Resolved,,Human,,2024-11-09 19:00:00,,2024-11-10 04:16:22.097291,2024-11-11 04:50:08.792783,2024-11-11 04:50:08.792783
1360,463,,Chat,"Hi, can you tell me the current status of my order? It hasn't updated in a while.",Order Status Inquiry,,,High,Closed,,Human,,2025-10-05 18:00:00,,2025-10-06 05:18:42.583727,2025-10-06 19:19:44.717819,2025-10-06 19:19:44.717819
1361,499,3374,Chat,This is the second issue I've had and I'm frustrated with the service.,Complaint,,,Urgent,Closed,,Human,,2025-05-31 12:39:03,,2025-05-31 18:11:23.531845,2025-06-01 11:41:10.243589,2025-06-01 11:41:10.243589
1362,846,,Chat,Can you tell me more about the materials used in this item?,Product Question,,,Medium,Closed,,Human,,2025-12-13 11:00:00,,2025-12-14 03:55:38.431040,2025-12-14 21:44:13.519370,2025-12-14 21:44:13.519370
1363,771,2561,Email,I'd like to request a refund for my recent order.,Refund Request,,,Urgent,Closed,,Human,,2026-03-02 11:06:20,,2026-03-02 15:07:33.853915,2026-03-03 10:25:49.778543,2026-03-03 10:25:49.778543
1364,413,,Chat,"This item didn't meet my expectations, can I get my money back?",Refund Request,,,Medium,Closed,,Human,,2025-09-24 09:00:00,,2025-09-24 20:19:23.508203,2025-09-27 11:20:36.471358,2025-09-27 11:20:36.471358
1365,366,1068,Social Media,"I'd like an update on my order tracking, please.",Order Status Inquiry,,,Low,In Progress,,,,2026-06-29 06:25:46,,2026-06-29 09:41:36.220701,,2026-06-29 09:41:36.220701
1366,396,3138,Email,I'm missing an item from my order.,Missing Item,,,High,New,,,,2026-06-30 13:21:06,,2026-06-30 17:00:49.955245,,2026-06-30 17:00:49.955245
1367,53,176,Email,Please process a refund for the order I placed.,Refund Request,,,Medium,Closed,,Human,,2026-05-09 08:00:58,,2026-05-10 12:35:27.958898,2026-05-13 10:41:48.143859,2026-05-13 10:41:48.143859
1368,247,,Phone,I want to raise a formal complaint about how my order was handled.,Complaint,,,Urgent,Closed,,Human,,2025-04-24 09:00:00,,2025-04-24 11:24:34.162176,2025-04-25 01:30:55.447726,2025-04-25 01:30:55.447726
1369,178,,Email,Is this product compatible with other accessories I own?,Product Question,,,Low,Resolved,,Human,,2024-12-04 14:00:00,,2024-12-06 06:36:13.469495,2024-12-06 23:50:29.659403,2024-12-06 23:50:29.659403
1370,162,3179,Chat,My order showed up with visible damage to the packaging and product.,Damaged Product,,,High,Closed,,Human,,2025-01-02 06:01:13,,2025-01-02 13:06:19.925574,2025-01-03 07:08:18.922240,2025-01-03 07:08:18.922240
1371,131,387,Phone,Just checking in on when my package will arrive.,Order Status Inquiry,,,Low,Pending Customer,,,,2026-06-28 04:15:18,,2026-06-29 03:41:24.845726,,2026-06-29 03:41:24.845726
1372,445,,Phone,"Hi, can you tell me the current status of my order? It hasn't updated in a while.",Order Status Inquiry,,,Urgent,Closed,,Human,,2024-12-07 14:00:00,,2024-12-07 19:41:23.762863,2024-12-07 21:58:40.253649,2024-12-07 21:58:40.253649
1373,954,2239,Email,My package arrived but one of the products wasn't inside.,Missing Item,,,Low,Resolved,,Human,,2026-06-25 11:21:47,,2026-06-26 11:45:51.860587,2026-06-27 08:18:49.354486,2026-06-27 08:18:49.354486
1374,55,,Chat,I was charged twice for the same order.,Payment Problem,,,Urgent,Closed,,Human,,2024-07-28 14:00:00,,2024-07-28 15:15:32.894534,2024-07-28 16:16:51.148906,2024-07-28 16:16:51.148906
1375,402,2519,Email,I'm still waiting on my delivery and the expected date has already passed.,Delivery Delay,,,Medium,Closed,,Human,,2026-05-08 18:09:44,,2026-05-10 01:49:55.397569,2026-05-13 08:03:14.921115,2026-05-13 08:03:14.921115
1376,394,,Phone,I have a general question that doesn't fit the other categories.,Other,,,High,Closed,,Human,,2024-12-30 19:00:00,,2024-12-31 08:11:02.816684,2024-12-31 16:59:36.996697,2024-12-31 16:59:36.996697
1377,871,,Chat,Just checking in on when my package will arrive.,Order Status Inquiry,,,Low,Closed,,Human,,2025-12-11 09:00:00,,2025-12-12 03:11:15.879127,2025-12-12 16:41:48.809123,2025-12-12 16:41:48.809123
1378,721,,Social Media,Can you tell me more about the materials used in this item?,Product Question,,,Low,Resolved,,Human,,2026-04-19 08:00:00,,2026-04-19 11:22:28.616127,2026-04-22 02:48:40.654300,2026-04-22 02:48:40.654300
1379,140,2520,Email,Just checking in on when my package will arrive.,Order Status Inquiry,,,Low,Escalated,,,,2026-06-28 15:29:36,,2026-06-30 21:55:43.218112,,2026-06-30 21:55:43.218112
1380,162,1439,Email,I'm very unhappy with my recent experience and want to file a complaint.,Complaint,,,Urgent,Closed,,Human,,2026-01-12 22:36:30,,2026-01-13 03:09:04.696948,2026-01-13 21:01:20.877568,2026-01-13 21:01:20.877568
1381,682,3073,Email,"I'd like an update on my order tracking, please.",Order Status Inquiry,,,Low,New,,,,2026-06-29 06:40:35,,2026-06-30 23:59:27.450525,,2026-06-30 23:59:27.450525
1382,236,3914,Chat,My order was supposed to arrive days ago and it still hasn't shown up.,Delivery Delay,,,Low,In Progress,,,,2026-06-26 09:31:38,,2026-06-26 22:54:36.327947,,2026-06-26 22:54:36.327947
1383,236,402,Chat,The item I received arrived broken/damaged.,Damaged Product,,,Low,Escalated,,,,2026-06-23 14:21:59,,2026-06-23 21:35:13.217651,,2026-06-23 21:35:13.217651
1384,379,678,Email,Just checking in on when my package will arrive.,Order Status Inquiry,,,Low,In Progress,,,,2026-06-28 10:21:48,,2026-06-28 13:28:05.932752,,2026-06-28 13:28:05.932752
1385,565,3245,Email,I want to raise a formal complaint about how my order was handled.,Complaint,,,Urgent,Closed,,Human,,2026-02-08 09:38:44,,2026-02-08 14:58:22.110649,2026-02-09 05:13:53.401729,2026-02-09 05:13:53.401729
1386,537,1281,Email,My order was supposed to arrive days ago and it still hasn't shown up.,Delivery Delay,,,Medium,Closed,,Human,,2025-01-02 12:00:12,,2025-01-02 16:35:19.954008,2025-01-05 14:56:24.380336,2025-01-05 14:56:24.380336
1387,942,958,Chat,My payment failed but the amount was still deducted from my account.,Payment Problem,,,Urgent,Closed,,Human,,2025-05-30 00:58:07,,2025-05-30 06:09:58.405018,2025-05-30 20:41:32.509156,2025-05-30 20:41:32.509156
1388,474,,Contact Form,Does this product come in other sizes or colors?,Product Question,,,Low,Escalated,,,,2024-04-21 10:00:00,,2024-04-23 00:32:58.303706,,2024-04-23 00:32:58.303706
1389,977,,Email,I can't log into my account anymore.,Account Problem,,,Medium,Resolved,,Human,,2025-12-04 11:00:00,,2025-12-04 14:10:04.733227,2025-12-07 19:46:57.268858,2025-12-07 19:46:57.268858
1390,393,1554,Phone,The item I received arrived broken/damaged.,Damaged Product,,,High,Resolved,,Human,,2026-06-10 21:00:29,,2026-06-11 00:45:43.604479,2026-06-12 14:09:39.047436,2026-06-12 14:09:39.047436
1391,575,276,Email,My payment failed but the amount was still deducted from my account.,Payment Problem,,,High,Closed,,Human,,2025-03-16 06:51:20,,2025-03-16 20:17:14.978809,2025-03-18 18:07:39.521081,2025-03-18 18:07:39.521081
1392,681,,Chat,Is this product compatible with other accessories I own?,Product Question,,,Low,Closed,,Human,,2026-05-08 19:00:00,,2026-05-09 15:27:59.578929,2026-05-11 23:36:10.034792,2026-05-11 23:36:10.034792
1393,2,2625,Chat,I want to raise a formal complaint about how my order was handled.,Complaint,,,Urgent,Closed,,Human,,2026-04-30 08:36:03,,2026-04-30 14:05:50.528441,2026-05-01 03:20:54.754112,2026-05-01 03:20:54.754112
1394,912,,Phone,My payment failed but the amount was still deducted from my account.,Payment Problem,,,High,Closed,,Human,,2026-01-30 11:00:00,,2026-01-31 02:37:51.837568,2026-02-01 09:33:26.996898,2026-02-01 09:33:26.996898
1395,100,3131,Chat,"This item didn't meet my expectations, can I get my money back?",Refund Request,,,Medium,Resolved,,Human,,2026-06-11 13:20:20,,2026-06-12 07:12:51.905903,2026-06-13 13:34:01.984061,2026-06-13 13:34:01.984061
1396,108,,Email,Is this product compatible with other accessories I own?,Product Question,,,Low,Closed,,Human,,2025-08-17 14:00:00,,2025-08-19 19:00:31.319656,2025-08-19 23:49:59.167781,2025-08-19 23:49:59.167781
1397,208,836,Chat,"This item didn't meet my expectations, can I get my money back?",Refund Request,,,Medium,Closed,,Human,,2025-07-29 18:21:18,,2025-07-30 07:57:23.382845,2025-07-31 20:00:42.436506,2025-07-31 20:00:42.436506
1398,102,1553,Social Media,Please process a refund for the order I placed.,Refund Request,,,Low,Closed,,Human,,2026-05-28 06:52:00,,2026-05-29 00:35:29.584270,2026-05-29 23:28:14.601862,2026-05-29 23:28:14.601862
1399,659,,Chat,This is the second issue I've had and I'm frustrated with the service.,Complaint,,,Urgent,Closed,,Human,,2025-05-21 08:00:00,,2025-05-21 09:35:51.453821,2025-05-21 15:43:55.771062,2025-05-21 15:43:55.771062
1400,486,48,Chat,Just checking in on when my package will arrive.,Order Status Inquiry,,,Low,In Progress,,,,2026-06-25 09:27:58,,2026-06-27 07:09:16.247310,,2026-06-27 07:09:16.247310
1401,661,,Email,I have a general question that doesn't fit the other categories.,Other,,,Low,Escalated,,,,2025-06-01 09:00:00,,2025-06-03 09:30:11.256324,,2025-06-03 09:30:11.256324
1402,509,83,Email,The tracking says my package is delayed. What's going on?,Delivery Delay,,,Urgent,Closed,,Human,,2026-05-19 21:17:15,,2026-05-19 22:06:24.345518,2026-05-20 03:06:20.295814,2026-05-20 03:06:20.295814
1403,829,,Chat,Is this product compatible with other accessories I own?,Product Question,,,Low,Closed,,Human,,2024-04-07 18:00:00,,2024-04-09 13:00:18.083457,2024-04-09 23:35:55.268257,2024-04-09 23:35:55.268257
1404,585,,Email,Does this product come in other sizes or colors?,Product Question,,,Low,Closed,,Human,,2026-06-02 15:00:00,,2026-06-02 22:51:07.338958,2026-06-03 13:21:14.072833,2026-06-03 13:21:14.072833
1405,919,1514,Email,I'm missing an item from my order.,Missing Item,,,Low,Closed,,Human,,2025-11-21 09:26:58,,2025-11-23 21:10:34.004991,2025-11-24 05:07:44.787942,2025-11-24 05:07:44.787942
1406,431,,Phone,Can you tell me more about the materials used in this item?,Product Question,,,High,Resolved,,Human,,2026-01-11 10:00:00,,2026-01-12 00:40:54.695127,2026-01-13 21:47:10.167917,2026-01-13 21:47:10.167917
1407,937,1444,Email,My order showed up with visible damage to the packaging and product.,Damaged Product,,,Medium,Closed,,Human,,2026-06-13 13:13:00,,2026-06-14 06:12:19.883125,2026-06-15 10:37:32.230224,2026-06-15 10:37:32.230224
1408,489,,Email,I want to raise a formal complaint about how my order was handled.,Complaint,,,Urgent,Closed,,Human,,2024-06-21 20:00:00,,2024-06-22 01:59:57.886922,2024-06-22 22:08:45.199343,2024-06-22 22:08:45.199343
1409,794,,Email,I need help resetting my password.,Account Problem,,,Medium,Escalated,,,,2026-04-04 12:00:00,,2026-04-05 10:59:48.052004,,2026-04-05 10:59:48.052004
1410,671,2694,Email,I want to raise a formal complaint about how my order was handled.,Complaint,,,Urgent,Resolved,,Human,,2026-01-31 20:38:59,,2026-01-31 21:57:42.223565,2026-02-01 18:32:14.094175,2026-02-01 18:32:14.094175
1411,227,3923,Chat,I'm missing an item from my order.,Missing Item,,,High,Resolved,,Human,,2026-06-20 09:15:52,,2026-06-21 00:21:04.558222,2026-06-22 05:45:50.968755,2026-06-22 05:45:50.968755
1412,717,,Email,Can you tell me more about the materials used in this item?,Product Question,,,Low,Closed,,Human,,2026-05-18 09:00:00,,2026-05-19 22:40:43.638503,2026-05-20 16:39:03.961621,2026-05-20 16:39:03.961621
1413,797,1693,Social Media,I'm still waiting on my delivery and the expected date has already passed.,Delivery Delay,,,High,Closed,,Human,,2026-04-19 18:04:12,,2026-04-20 06:07:08.152303,2026-04-20 15:42:44.800784,2026-04-20 15:42:44.800784
1414,232,3913,Email,One of the items in my order is defective.,Damaged Product,,,High,Closed,,Human,,2026-05-02 17:09:50,,2026-05-02 23:07:30.488777,2026-05-03 18:45:14.288688,2026-05-03 18:45:14.288688
1415,814,464,Social Media,One of the items in my order is defective.,Damaged Product,,,High,Closed,,Human,,2025-04-17 12:10:23,,2025-04-17 16:16:33.804255,2025-04-19 00:31:42.202358,2025-04-19 00:31:42.202358
1416,53,984,Email,My package arrived but one of the products wasn't inside.,Missing Item,,,High,Closed,,Human,,2026-03-12 20:06:52,,2026-03-13 01:20:02.215879,2026-03-13 06:56:34.941524,2026-03-13 06:56:34.941524
1417,961,963,Chat,"Hi, can you tell me the current status of my order? It hasn't updated in a while.",Order Status Inquiry,,,Low,Resolved,,Human,,2026-06-28 17:17:23,,2026-06-29 02:23:24.226199,2026-06-29 11:37:27.674884,2026-06-29 11:37:27.674884
1418,234,2642,Email,Please process a refund for the order I placed.,Refund Request,,,Medium,Closed,,Human,,2024-10-28 12:45:46,,2024-10-28 16:50:53.095872,2024-10-30 01:17:30.732376,2024-10-30 01:17:30.732376
1419,454,2378,Chat,There's an issue with the charge on my card for this order.,Payment Problem,,,High,Reopened,,Human,,2025-10-12 02:27:11,,2025-10-12 09:28:47.583899,2025-10-12 16:36:28.548950,2025-10-12 16:36:28.548950
1420,770,906,Chat,One of the items in my order is defective.,Damaged Product,,,High,Closed,,Human,,2025-08-08 11:06:00,,2025-08-08 15:21:38.085947,2025-08-09 21:56:25.465520,2025-08-09 21:56:25.465520
1421,82,515,Email,One of the items in my order is defective.,Damaged Product,,,High,Resolved,,Human,,2026-05-08 07:24:07,,2026-05-08 18:10:15.185538,2026-05-09 02:34:09.401109,2026-05-09 02:34:09.401109
1422,737,3713,Chat,I'd like to request a refund for my recent order.,Refund Request,,,Medium,New,,,,2026-06-30 16:23:35,,,,2026-06-30 16:23:35.000000
1423,492,3044,Chat,My order was supposed to arrive days ago and it still hasn't shown up.,Delivery Delay,,,Medium,Closed,,Human,,2025-11-24 19:13:38,,2025-11-25 02:50:41.034344,2025-11-26 04:58:41.277692,2025-11-26 04:58:41.277692
1424,843,,Phone,My payment failed but the amount was still deducted from my account.,Payment Problem,,,High,Closed,,Human,,2025-02-09 14:00:00,,2025-02-09 14:41:57.451095,2025-02-10 21:04:47.969026,2025-02-10 21:04:47.969026
1425,458,62,Chat,"I'd like an update on my order tracking, please.",Order Status Inquiry,,,Low,Pending Customer,,,,2026-06-28 22:43:47,,2026-06-29 12:21:55.382112,,2026-06-29 12:21:55.382112
1426,486,48,Email,Does this product come in other sizes or colors?,Product Question,,,Low,In Progress,,,,2026-06-28 17:16:14,,2026-06-29 16:10:59.764011,,2026-06-29 16:10:59.764011
1427,474,112,Email,The item I received arrived broken/damaged.,Damaged Product,,,High,Closed,,Human,,2023-10-07 15:24:37,,2023-10-07 23:15:15.639220,2023-10-09 10:24:51.454640,2023-10-09 10:24:51.454640
1428,499,618,Contact Form,I'm very unhappy with my recent experience and want to file a complaint.,Complaint,,,Urgent,Closed,,Human,,2026-05-07 21:43:46,,2026-05-08 02:48:59.353290,2026-05-08 08:48:42.904687,2026-05-08 08:48:42.904687
1429,511,1185,Chat,"This item didn't meet my expectations, can I get my money back?",Refund Request,,,Medium,Closed,,Human,,2024-10-02 14:57:27,,2024-10-03 16:20:05.397657,2024-10-05 11:50:04.023357,2024-10-05 11:50:04.023357
1430,797,3523,Phone,Please process a refund for the order I placed.,Refund Request,,,Medium,Closed,,Human,,2026-06-11 23:02:15,,2026-06-12 01:57:42.410851,2026-06-12 13:19:33.903933,2026-06-12 13:19:33.903933
1431,304,341,Chat,The item I received arrived broken/damaged.,Damaged Product,,,High,Resolved,,Human,,2026-06-04 06:53:35,,2026-06-04 17:14:31.614300,2026-06-05 09:30:44.327251,2026-06-05 09:30:44.327251
1432,205,,Phone,My payment failed but the amount was still deducted from my account.,Payment Problem,,,High,Closed,,Human,,2025-06-10 18:00:00,,2025-06-11 10:36:37.422850,2025-06-12 17:28:51.194468,2025-06-12 17:28:51.194468
1433,343,,Chat,I was charged twice for the same order.,Payment Problem,,,High,Closed,,Human,,2026-05-18 13:00:00,,2026-05-18 19:22:34.159856,2026-05-19 01:14:59.508690,2026-05-19 01:14:59.508690
1434,898,,Email,I was charged twice for the same order.,Payment Problem,,,High,Reopened,,Human,,2026-05-04 11:00:00,,2026-05-04 22:14:30.048321,2026-05-05 14:36:05.857732,2026-05-05 14:36:05.857732
1435,107,,Chat,Is this product compatible with other accessories I own?,Product Question,,,Low,Closed,,Human,,2026-05-04 17:00:00,,2026-05-07 02:42:23.508022,2026-05-07 10:23:24.032219,2026-05-07 10:23:24.032219
1436,931,2489,Email,"This item didn't meet my expectations, can I get my money back?",Refund Request,,,Medium,Escalated,,,,2026-06-11 18:04:51,,2026-06-12 21:06:40.482659,,2026-06-12 21:06:40.482659
1437,229,2659,Email,"I'd like an update on my order tracking, please.",Order Status Inquiry,,,Low,In Progress,,,,2026-06-29 06:18:57,,2026-06-30 14:16:03.424358,,2026-06-30 14:16:03.424358
1438,173,,Chat,My account information seems to be incorrect and I can't update it.,Account Problem,,,High,Closed,,Human,,2026-03-26 13:00:00,,2026-03-26 18:55:15.262587,2026-03-28 07:09:56.045588,2026-03-28 07:09:56.045588
1439,257,3771,Email,I was charged twice for the same order.,Payment Problem,,,High,Closed,,Human,,2024-08-17 12:31:59,,2024-08-18 04:10:00.724039,2024-08-19 11:38:32.785305,2024-08-19 11:38:32.785305
1440,430,,Chat,Does this product come in other sizes or colors?,Product Question,,,Low,Closed,,Human,,2026-04-29 17:00:00,,2026-04-30 16:05:49.596712,2026-05-01 16:37:48.601785,2026-05-01 16:37:48.601785
1441,859,,Chat,One of the items in my order is defective.,Damaged Product,,,High,Reopened,,Human,,2025-10-09 14:00:00,,2025-10-09 19:32:55.208959,2025-10-11 12:47:29.215368,2025-10-11 12:47:29.215368
1442,440,,Email,Can you tell me more about the materials used in this item?,Product Question,,,Low,Closed,,Human,,2025-10-29 13:00:00,,2025-10-30 15:07:32.461259,2025-11-01 14:48:04.273093,2025-11-01 14:48:04.273093
1443,836,525,Chat,Please process a refund for the order I placed.,Refund Request,,,Medium,In Progress,,,,2026-06-30 11:49:14,,2026-06-30 16:05:29.552964,,2026-06-30 16:05:29.552964
1444,221,510,Chat,I'm still waiting on my delivery and the expected date has already passed.,Delivery Delay,,,Medium,Resolved,,Human,,2025-04-03 17:33:09,,2025-04-04 16:05:44.687634,2025-04-07 09:33:32.912377,2025-04-07 09:33:32.912377
1445,454,2378,Email,My package arrived but one of the products wasn't inside.,Missing Item,,,High,Escalated,,,,2025-09-02 23:32:43,,2025-09-03 09:09:01.947318,,2025-09-03 09:09:01.947318
1446,322,1584,Chat,Please process a refund for the order I placed.,Refund Request,,,Medium,Closed,,Human,,2024-12-09 23:00:44,,2024-12-10 23:01:49.537902,2024-12-13 10:17:39.001986,2024-12-13 10:17:39.001986
1447,534,,Contact Form,Does this product come in other sizes or colors?,Product Question,,,Low,Closed,,Human,,2026-04-17 15:00:00,,2026-04-18 02:26:36.144898,2026-04-19 03:44:59.472717,2026-04-19 03:44:59.472717
1448,760,2234,Chat,"This item didn't meet my expectations, can I get my money back?",Refund Request,,,Medium,Resolved,,Human,,2026-03-20 03:44:16,,2026-03-21 04:23:11.415239,2026-03-21 12:25:52.319202,2026-03-21 12:25:52.319202
1449,507,,Phone,Is this product compatible with other accessories I own?,Product Question,,,High,Reopened,,Human,,2025-07-24 11:00:00,,2025-07-24 12:25:49.388792,2025-07-24 23:58:56.332210,2025-07-24 23:58:56.332210
1450,669,3887,Phone,"Hi, can you tell me the current status of my order? It hasn't updated in a while.",Order Status Inquiry,,,Low,Pending Customer,,,,2026-06-27 17:22:47,,2026-06-29 18:15:32.930548,,2026-06-29 18:15:32.930548
1451,776,,Phone,I can't log into my account anymore.,Account Problem,,,Medium,Resolved,,Human,,2026-02-22 08:00:00,,2026-02-22 12:21:44.041060,2026-02-26 09:43:44.153253,2026-02-26 09:43:44.153253
1452,501,,Phone,I'm still waiting on my delivery and the expected date has already passed.,Delivery Delay,,,Medium,Closed,,Human,,2025-04-20 17:00:00,,2025-04-21 09:43:30.315037,2025-04-21 20:00:12.776270,2025-04-21 20:00:12.776270
1453,988,3844,Chat,The tracking says my package is delayed. What's going on?,Delivery Delay,,,Medium,Resolved,,Human,,2026-06-23 10:46:50,,2026-06-24 00:00:55.467428,2026-06-24 18:29:07.002511,2026-06-24 18:29:07.002511
1454,176,,Email,I have a general question that doesn't fit the other categories.,Other,,,Low,Closed,,Human,,2026-04-07 20:00:00,,2026-04-08 16:13:16.830869,2026-04-09 13:36:26.876723,2026-04-09 13:36:26.876723
1455,791,3862,Phone,One of the items in my order is defective.,Damaged Product,,,High,Closed,,Human,,2026-05-22 20:28:46,,2026-05-23 10:18:05.553314,2026-05-25 02:23:31.365190,2026-05-25 02:23:31.365190
1456,311,,Email,Does this product come in other sizes or colors?,Product Question,,,Low,Closed,,Human,,2024-10-31 08:00:00,,2024-11-01 10:14:46.802755,2024-11-02 11:28:34.600818,2024-11-02 11:28:34.600818
1457,15,847,Chat,"I'd like an update on my order tracking, please.",Order Status Inquiry,,,Low,Closed,,Human,,2026-06-21 20:50:15,,2026-06-22 14:14:13.531678,2026-06-23 15:31:28.378025,2026-06-23 15:31:28.378025
1458,892,2705,Chat,My order was supposed to arrive days ago and it still hasn't shown up.,Delivery Delay,,,Medium,Resolved,,Human,,2026-06-01 12:21:28,,2026-06-02 14:16:00.860694,2026-06-03 04:54:59.480323,2026-06-03 04:54:59.480323
1459,409,611,Email,I was charged twice for the same order.,Payment Problem,,,High,Closed,,Human,,2026-04-25 22:53:41,,2026-04-26 10:02:39.221490,2026-04-27 14:32:22.100610,2026-04-27 14:32:22.100610
1460,253,3625,Chat,I'm still waiting on my delivery and the expected date has already passed.,Delivery Delay,,,Medium,Closed,,Human,,2025-05-25 08:18:15,,2025-05-25 15:14:04.320166,2025-05-26 06:37:43.480661,2025-05-26 06:37:43.480661
1461,609,1009,Email,One of the items in my order is defective.,Damaged Product,,,High,Closed,,Human,,2026-04-08 05:36:45,,2026-04-08 15:31:10.778724,2026-04-10 03:39:16.702155,2026-04-10 03:39:16.702155
1462,373,1054,Chat,"This item didn't meet my expectations, can I get my money back?",Refund Request,,,Medium,Closed,,Human,,2025-05-10 22:55:03,,2025-05-11 10:12:23.814395,2025-05-12 17:19:12.755995,2025-05-12 17:19:12.755995
1463,402,2519,Social Media,The tracking says my package is delayed. What's going on?,Delivery Delay,,,Medium,Closed,,Human,,2026-04-14 22:51:54,,2026-04-15 04:33:55.205930,2026-04-16 03:31:23.433777,2026-04-16 03:31:23.433777
1464,211,3542,Email,My order was supposed to arrive days ago and it still hasn't shown up.,Delivery Delay,,,Medium,Closed,,Human,,2026-03-03 15:25:08,,2026-03-04 01:35:57.473975,2026-03-06 20:56:44.499547,2026-03-06 20:56:44.499547
1465,688,,Email,I only received part of my order — something is missing.,Missing Item,,,High,Reopened,,Human,,2026-03-15 20:00:00,,2026-03-16 02:04:56.764657,2026-03-17 07:10:16.687302,2026-03-17 07:10:16.687302
1466,191,2923,Phone,I'm very unhappy with my recent experience and want to file a complaint.,Complaint,,,Urgent,Reopened,,Human,,2026-04-21 03:15:29,,2026-04-21 04:59:11.414138,2026-04-21 20:34:05.891356,2026-04-21 20:34:05.891356
1467,193,871,Chat,"I'd like an update on my order tracking, please.",Order Status Inquiry,,,Low,New,,,,2026-06-29 02:30:51,,,,2026-06-29 02:30:51.000000
1468,672,2822,Email,"I'd like an update on my order tracking, please.",Order Status Inquiry,,,Low,In Progress,,,,2026-06-29 23:05:58,,,,2026-06-29 23:05:58.000000
1469,754,629,Phone,One of the items in my order is defective.,Damaged Product,,,High,Closed,,Human,,2026-03-15 15:50:45,,2026-03-16 05:45:52.972305,2026-03-16 09:47:57.402953,2026-03-16 09:47:57.402953
1470,401,,Email,Is this product compatible with other accessories I own?,Product Question,,,Urgent,Closed,,Human,,2025-07-16 09:00:00,,2025-07-16 13:23:01.193644,2025-07-17 10:10:35.140063,2025-07-17 10:10:35.140063
1471,956,3105,Email,The tracking says my package is delayed. What's going on?,Delivery Delay,,,Medium,Closed,,Human,,2025-08-02 17:59:11,,2025-08-02 21:46:30.600856,2025-08-04 03:24:43.780378,2025-08-04 03:24:43.780378
1472,821,2903,Email,"Hi, can you tell me the current status of my order? It hasn't updated in a while.",Order Status Inquiry,,,High,New,,,,2026-06-29 22:30:14,,2026-06-30 11:06:52.403673,,2026-06-30 11:06:52.403673
1473,53,2618,Email,I only received part of my order — something is missing.,Missing Item,,,High,Closed,,Human,,2026-05-20 05:29:14,,2026-05-20 22:32:17.427066,2026-05-21 14:07:56.428140,2026-05-21 14:07:56.428140
1474,173,,Phone,Does this product come in other sizes or colors?,Product Question,,,Low,Closed,,Human,,2026-04-18 13:00:00,,2026-04-20 18:18:04.293804,2026-04-21 00:22:52.584162,2026-04-21 00:22:52.584162
1475,691,64,Phone,I'm still waiting on my delivery and the expected date has already passed.,Delivery Delay,,,Medium,Resolved,,Human,,2023-09-09 04:46:15,,2023-09-09 11:14:11.469113,2023-09-11 10:50:08.735361,2023-09-11 10:50:08.735361
1476,942,,Email,I can't log into my account anymore.,Account Problem,,,Medium,Escalated,,,,2026-03-17 08:00:00,,2026-03-17 21:43:33.886964,,2026-03-17 21:43:33.886964
1477,931,,Social Media,Does this product come in other sizes or colors?,Product Question,,,Low,Closed,,Human,,2025-02-24 15:00:00,,2025-02-25 09:05:47.700049,2025-02-28 08:15:15.792819,2025-02-28 08:15:15.792819
1478,850,1447,Email,The tracking says my package is delayed. What's going on?,Delivery Delay,,,Urgent,Resolved,,Human,,2026-02-11 11:36:56,,2026-02-11 15:16:17.342639,2026-02-12 09:07:41.736428,2026-02-12 09:07:41.736428
1479,647,545,Phone,My order was supposed to arrive days ago and it still hasn't shown up.,Delivery Delay,,,Medium,Closed,,Human,,2025-11-29 16:04:28,,2025-11-30 23:29:19.784130,2025-12-04 04:18:49.589495,2025-12-04 04:18:49.589495
1480,599,612,Phone,"This item didn't meet my expectations, can I get my money back?",Refund Request,,,Medium,Closed,,Human,,2026-04-05 14:29:28,,2026-04-06 11:40:22.998819,2026-04-06 16:01:29.139897,2026-04-06 16:01:29.139897
1481,889,,Chat,This is the second issue I've had and I'm frustrated with the service.,Complaint,,,Urgent,Closed,,Human,,2026-03-05 09:00:00,,2026-03-05 09:35:51.192905,2026-03-06 01:22:50.628449,2026-03-06 01:22:50.628449
1482,992,,Chat,I can't log into my account anymore.,Account Problem,,,Medium,Resolved,,Human,,2024-12-22 11:00:00,,2024-12-23 09:04:20.338762,2024-12-26 19:48:38.288575,2024-12-26 19:48:38.288575
1483,215,2753,Social Media,I'd like to request a refund for my recent order.,Refund Request,,,Medium,Resolved,,Human,,2026-05-01 08:25:14,,2026-05-02 02:47:32.997476,2026-05-02 12:25:00.039055,2026-05-02 12:25:00.039055
1484,867,2803,Email,Please process a refund for the order I placed.,Refund Request,,,Medium,Resolved,,Human,,2025-05-16 20:32:40,,2025-05-18 07:54:28.849234,2025-05-19 21:18:01.964467,2025-05-19 21:18:01.964467
1485,191,2923,Email,My order was supposed to arrive days ago and it still hasn't shown up.,Delivery Delay,,,Medium,Reopened,,Human,,2026-06-06 21:42:38,,2026-06-07 15:20:06.302728,2026-06-09 02:11:11.542124,2026-06-09 02:11:11.542124
1486,859,2491,Contact Form,My order was supposed to arrive days ago and it still hasn't shown up.,Delivery Delay,,,Medium,Closed,,Human,,2025-12-05 07:33:44,,2025-12-06 05:46:32.701527,2025-12-06 14:23:01.261550,2025-12-06 14:23:01.261550
1487,573,374,Chat,One of the items in my order is defective.,Damaged Product,,,High,Closed,,Human,,2026-04-03 22:32:27,,2026-04-04 02:27:07.099508,2026-04-05 17:38:39.288233,2026-04-05 17:38:39.288233
1488,228,817,Chat,I'd like to request a refund for my recent order.,Refund Request,,,Medium,In Progress,,,,2026-06-25 07:36:37,,2026-06-25 20:02:31.144912,,2026-06-25 20:02:31.144912
1489,623,1396,Email,My order was supposed to arrive days ago and it still hasn't shown up.,Delivery Delay,,,Urgent,Closed,,Human,,2026-05-25 09:52:57,,2026-05-25 15:32:22.032719,2026-05-25 20:53:38.655858,2026-05-25 20:53:38.655858
1490,246,1742,Chat,Does this product come in other sizes or colors?,Product Question,,,Low,Closed,,Human,,2026-06-06 00:26:53,,2026-06-06 03:48:24.986480,2026-06-06 22:25:57.023749,2026-06-06 22:25:57.023749
1491,577,863,Chat,I only received part of my order — something is missing.,Missing Item,,,Medium,Resolved,,Human,,2026-04-05 16:13:54,,2026-04-06 20:30:39.907497,2026-04-08 14:43:50.957985,2026-04-08 14:43:50.957985
1492,71,2319,Chat,I was charged twice for the same order.,Payment Problem,,,High,Closed,,Human,,2026-05-24 12:33:45,,2026-05-24 20:48:19.103496,2026-05-25 11:15:39.970695,2026-05-25 11:15:39.970695
1493,425,,Chat,I can't log into my account anymore.,Account Problem,,,Medium,Closed,,Human,,2025-10-05 08:00:00,,2025-10-05 18:56:22.184584,2025-10-07 08:40:37.704571,2025-10-07 08:40:37.704571
1494,555,3721,Chat,My order showed up with visible damage to the packaging and product.,Damaged Product,,,High,In Progress,,,,2026-06-12 09:08:17,,2026-06-13 02:09:16.344215,,2026-06-13 02:09:16.344215
1495,718,781,Email,The item I received arrived broken/damaged.,Damaged Product,,,High,Closed,,Human,,2023-02-24 23:26:17,,2023-02-25 13:09:42.712197,2023-02-25 17:55:31.066288,2023-02-25 17:55:31.066288
1496,71,2117,Contact Form,My order showed up with visible damage to the packaging and product.,Damaged Product,,,High,Closed,,Human,,2024-11-20 21:28:53,,2024-11-21 12:51:38.134339,2024-11-23 03:16:59.658743,2024-11-23 03:16:59.658743
1497,891,3055,Chat,I'm missing an item from my order.,Missing Item,,,High,Reopened,,Human,,2025-06-21 16:22:31,,2025-06-22 07:58:34.341577,2025-06-23 18:54:50.626717,2025-06-23 18:54:50.626717
1498,822,2043,Email,I want to raise a formal complaint about how my order was handled.,Complaint,,,Urgent,Closed,,Human,,2026-02-25 04:24:37,,2026-02-25 09:35:48.772605,2026-02-25 14:59:35.882882,2026-02-25 14:59:35.882882
1499,454,,Chat,Just checking in on when my package will arrive.,Order Status Inquiry,,,Low,Closed,,Human,,2026-01-25 13:00:00,,2026-01-26 16:27:13.232586,2026-01-28 06:57:38.891019,2026-01-28 06:57:38.891019
1500,772,,Email,This is the second issue I've had and I'm frustrated with the service.,Complaint,,,Urgent,Closed,,Human,,2025-09-18 17:00:00,,2025-09-18 20:00:53.307830,2025-09-19 07:31:21.043929,2025-09-19 07:31:21.043929
